platform,period,category,share_of_viewing_pct,channels,is_gambling
kick,week,just-chatting,19.834,64561,false
kick,week,irl,14.918,6781,false
kick,week,grand-theft-auto-v,14.635,15649,false
kick,week,minecraft,8.411,10343,false
kick,week,slots,7.099,5902,true
kick,week,ea-sports-fc-27,4.233,5429,false
kick,week,kings-league,2.395,169,false
kick,week,counter-strike-2,2.270,12527,false
kick,week,league-of-legends,1.905,10012,false
kick,week,valorant,1.775,12579,false
kick,week,pubg-mobile,1.523,2296,false
kick,week,dota-2,1.307,3627,false
kick,week,wardogs,0.950,3463,false
kick,week,world-of-warcraft-forever,0.782,1322,false
kick,week,fortnite,0.763,9529,false
kick,week,Garena-Free-Fire,0.661,2611,false
kick,week,rust,0.643,1134,false
kick,week,chat-roulette,0.594,1317,false
kick,week,nba-2k27,0.565,1019,false
kick,week,Roblox,0.524,5878,false
kick,week,red-dead-redemption-ii,0.481,1128,false
kick,week,just-sleeping,0.454,435,false
kick,week,pools-hot-tubs-bikinis,0.364,566,false
kick,week,music-stations,0.357,1112,false
kick,week,aion-2,0.354,843,false
kick,week,Tibia,0.312,645,false
kick,week,rocket-league,0.289,3429,false
kick,week,efootball,0.278,1160,false
kick,week,f1-25,0.274,238,false
kick,week,special-events,0.268,138,false
kick,week,pubg-battlegrounds,0.247,3146,false
kick,week,call-of-duty-warzone,0.243,3852,false
kick,week,battlegrounds-mobile-india,0.241,1059,false
kick,week,crypto-and-trading,0.240,730,false
kick,week,ea-sports-fc-26,0.230,1297,false
kick,week,old-school-runescape,0.225,710,false
kick,week,the-isle,0.209,302,false
kick,week,games-+-demos,0.202,1165,false
kick,week,teamfight-tactics,0.199,880,false
kick,week,the-witcher-3:-wild-hunt,0.195,1526,false
kick,week,arc-raiders,0.187,1602,false
kick,week,return-of-the-king,0.185,427,false
kick,week,nba-2k17,0.184,134,false
kick,week,among-us,0.174,637,false
kick,week,lineage-ii,0.167,920,false
kick,week,pummel-party,0.164,141,false
kick,week,reaction,0.143,331,false
kick,week,mimic-party,0.134,431,false
kick,week,Valheim,0.128,1106,false
kick,week,silent-hill-townfall,0.127,1043,false
kick,week,the-blood-of-dawnwalker,0.127,350,false
kick,week,asmr,0.111,191,false
kick,week,aniimo,0.111,1370,false
kick,week,escape-from-tarkov,0.103,560,false
kick,week,garena-free-fire-max,0.101,1009,false
kick,week,call-of-duty-black-ops-7,0.097,1330,false
kick,week,marvel-rivals,0.097,1568,false
kick,week,poker,0.094,312,true
kick,week,chess,0.087,312,false
kick,week,dead-by-daylight,0.085,1556,false
kick,week,mobile-legends: - bang-bang,0.078,824,false
kick,week,deadlock,0.077,496,false
kick,week,dawson-oaks-trailer-park,0.075,115,false
kick,week,Grand-Theft-Auto:-San-Andreas,0.071,270,false
kick,week,gears-of-war-e-day,0.068,608,false
kick,week,vrchat,0.066,304,false
kick,week,moo-who,0.064,24,false
kick,week,sports,0.064,433,false
kick,week,black-desert-online,0.061,206,false
kick,week,grand-theft-auto-vi,0.059,856,false
kick,week,codenames,0.058,104,false
kick,week,mu-online,0.056,134,false
kick,week,The-Forest,0.055,214,false
kick,week,fall-guys,0.054,377,false
kick,week,retro-games,0.054,525,false
kick,week,Tom-Clancy's-Rainbow-Six-Siege-x,0.053,1144,false
kick,week,apex-legends,0.051,2266,false
kick,week,animals-nature,0.047,90,false
kick,week,machine-party,0.046,167,false
kick,week,call-of-duty:-mobile,0.046,669,false
kick,week,overwatch,0.044,1478,false
kick,week,woman-simulator,0.044,159,false
kick,week,blood-strike,0.043,709,false
kick,week,crossfire,0.041,46,false
kick,week,tricky-towers,0.041,5,false
kick,week,halloween-the-game,0.040,509,false
kick,week,red-dead-rp,0.040,244,false
kick,week,vtubers,0.040,518,false
kick,week,marvels-wolverine,0.038,546,false
kick,week,world-of-warcraft,0.038,994,false
kick,week,cyberpunk-2077,0.038,251,false
kick,week,Project-Zomboid,0.037,588,false
kick,week,podcasts,0.037,384,false
kick,week,Ark:-Survival-Evolved,0.037,123,false
kick,week,wreckfast,0.037,24,false
kick,week,find-the-needle,0.036,226,false
kick,week,tales-of-survival-horror,0.035,8,false
kick,week,Clash-Royale,0.035,297,false
kick,week,Left-4-Dead-2,0.034,928,false
kick,week,arena-breakout-infinite,0.034,620,false
kick,week,control-resonant,0.033,611,false
kick,week,big-walk,0.033,48,false
kick,week,hogwarts-legacy,0.032,197,false
kick,week,ghost-of-tsushima,0.032,108,false
kick,week,madison,0.032,35,false
kick,week,The-Last-of-Us-Part-II,0.032,56,false
kick,week,human-fall-flat,0.030,45,false
kick,week,mir-4,0.030,65,false
kick,week,party-animals,0.030,118,false
kick,week,no-im-not-a-human,0.030,31,false
kick,week,clair-obscur-expedition-33,0.029,103,false
kick,week,news,0.029,174,false
kick,week,minecraft-dungeons-ii,0.028,745,false
kick,week,rv-there-yet--1,0.027,374,false
kick,week,architect-land-of-exiles,0.027,41,false
kick,week,ark-survival-ascended,0.027,175,false
kick,week,Genshin-Impact,0.027,549,false
kick,week,manor-lords,0.026,27,false
kick,week,diablo-iv,0.026,426,false
kick,week,peak-1,0.025,761,false
kick,week,golf-it,0.025,30,false
kick,week,seven-days-to-die,0.025,292,false
kick,week,euro-truck-simulator-2,0.025,794,false
kick,week,cabal-online,0.025,73,false
kick,week,live-dj,0.024,717,false
kick,week,chained-together,0.023,131,false
kick,week,8-ball-pool,0.023,38,false
kick,week,ddtank,0.023,28,false
kick,week,elden-ring,0.022,485,false
kick,week,meccha-chameleon,0.022,215,false
kick,week,kick-bounties,0.022,183,false
kick,week,how-to-fish,0.022,706,false
kick,week,software-development,0.022,144,false
kick,week,The-Last-of-Us,0.022,303,false
kick,week,pizza-house-simulator,0.021,10,false
kick,week,jawlah,0.021,129,false
kick,week,goose-goose-duck,0.021,211,false
kick,week,kingdom-come-deliverance-ii,0.021,82,false
kick,week,runescape-dragonwilds,0.021,490,false
kick,week,ragnarok-origin-classic,0.021,19,false
kick,week,gartic-phone,0.021,176,false
kick,week,madden-nfl-27,0.021,231,false
kick,week,grand-theft-auto-iv,0.020,152,false
kick,week,among-us-3d,0.020,34,false
kick,week,indie-games,0.019,267,false
kick,week,god-of-war-ragnarok,0.019,165,false
kick,week,delta-force,0.019,483,false
kick,week,resident-evil-4-remake,0.019,365,false
kick,week,onimusha-way-of-the-sword,0.019,352,false
kick,week,super-battle-golf,0.019,48,false
kick,week,metin-2,0.018,345,false
kick,week,the-last-of-us-part-ii-remastered,0.018,208,false
kick,week,palworld,0.018,388,false
kick,week,Resident-Evil-4,0.017,186,false
kick,week,Sea-of-Thieves,0.017,225,false
kick,week,graveyard-keeper-ii,0.016,180,false
kick,week,silkroad-online,0.016,285,false
kick,week,twisted-party,0.016,20,false
kick,week,DayZ,0.016,421,false
kick,week,bombanana,0.015,192,false
kick,week,Mount-&-Blade-II:-Bannerlord,0.015,127,false
kick,week,music-production,0.015,639,false
kick,week,total-war:-warhammer-iii,0.015,53,false
kick,week,black-myth-wukong,0.015,153,false
kick,week,Albion-Online,0.014,215,false
kick,week,the-jackbox-party-pack-6,0.014,5,false
kick,week,knight-online,0.014,489,false
kick,week,scritchy-scratchy,0.014,108,false
kick,week,pro-evolution-soccer-6,0.014,95,false
kick,week,call-of-duty-warzone-2.0,0.014,597,false
kick,week,outlast-ii,0.014,83,false
kick,week,resident-evil-requiem,0.014,359,false
kick,week,warcraft-iii-the-frozen-throne,0.014,81,false
kick,week,Silent-Hill,0.013,26,false
kick,week,happy-wheels,0.013,69,false
kick,week,hunt:-showdown,0.013,281,false
kick,week,warframe,0.013,345,false
kick,week,once-human,0.013,413,false
kick,week,live-music,0.013,569,false
kick,week,uncharted-3:-drakes-deception,0.013,8,false
kick,week,repo,0.013,806,false
kick,week,scam-with-your-friends,0.013,19,false
kick,week,fortnite-zero-build,0.013,663,false
kick,week,Ride-Up-Together,0.013,6,false
kick,week,Phasmophobia,0.012,525,false
kick,week,retro,0.012,161,false
kick,week,wuthering-waves,0.012,239,false
kick,week,battlefield-6,0.012,824,false
kick,week,schedule-i,0.012,196,false
kick,week,dragon-ball-sparking-zero,0.012,67,false
kick,week,grand-theft-auto-san-andreas-the-definitive-edition,0.011,134,false
kick,week,ranch-simulator,0.011,71,false
kick,week,shady-job,0.011,19,false
kick,week,nhl-27,0.011,45,false
kick,week,escape-the-backrooms,0.011,228,false
kick,week,sons-of-the-forest,0.011,231,false
kick,week,battlefield-redsec,0.011,422,false
kick,week,sos-ops,0.011,245,false
kick,week,resonance-a-plague-tale-legacy,0.011,118,false
kick,week,american-truck-simulator,0.010,409,false
kick,week,cities:-skylines,0.010,24,false
kick,week,west-hunt,0.010,5,false
kick,week,deep-rock-galactic,0.010,35,false
kick,week,where-winds-meet,0.010,104,false
kick,week,call-of-duty-modern-warfare-iii,0.010,239,false
kick,week,sitting-ducks,0.009,6,false
kick,week,cooking,0.009,69,false
kick,week,gran-turismo-7,0.009,45,false
kick,week,last-epoch,0.009,85,false
kick,week,cricket-24,0.009,39,false
kick,week,the-four-kings-casino-and-slots,0.009,13,false
kick,week,Hearthstone,0.009,136,false
kick,week,bodycam,0.009,262,false
kick,week,geoguessr,0.009,188,false
kick,week,uncharted-4-a-thief-s-end,0.009,56,false
kick,week,war-thunder,0.009,280,false
kick,week,fitness-and-health,0.009,104,false
kick,week,politics,0.009,92,false
kick,week,words-on-stream,0.009,25,false
kick,week,the-finals,0.009,248,false
kick,week,fell-and-sell,0.009,6,false
kick,week,kerbal-space-program,0.009,9,false
kick,week,detroit-become-human,0.009,158,false
kick,week,age-of-empires-II:-definitive-edition,0.009,77,false
kick,week,nba-2k26,0.009,116,false
kick,week,digital-art,0.009,121,false
kick,week,pokemon-legends-z-a,0.009,28,false
kick,week,assetto-corsa,0.009,224,false
kick,week,arena-breakout,0.008,106,false
kick,week,supermarket-together,0.008,114,false
kick,week,no-rest-for-the-wicked,0.008,12,false
kick,week,quizei,0.008,74,false
kick,week,art,0.008,344,false
kick,week,This-War-of-Mine,0.008,5,false
kick,week,windrose,0.008,42,false
kick,week,ea-sports-college-football-27,0.008,124,false
kick,week,destiny-2,0.008,290,false
kick,week,forza-horizon-6,0.008,386,false
kick,week,final-fantasy-xiv,0.008,141,false
kick,week,beat-saber,0.008,16,false
kick,week,friday-the-13th:-the-game,0.008,31,false
kick,week,path-of-exile-2,0.007,213,false
kick,week,dune-awakening,0.007,247,false
kick,week,nivalis-nights,0.007,64,false
kick,week,z1-battle-royale,0.007,165,false
kick,week,haxball,0.007,139,false
kick,week,the-binding-of-isaac:-repentance,0.007,169,false
kick,week,granny-escape-together,0.007,16,false
kick,week,runescape,0.007,42,false
kick,week,split-fiction,0.007,80,false
kick,week,4wheel-challenge,0.007,7,false
kick,week,garry's-mod,0.007,61,false
kick,week,final-fantasy-xi,0.007,18,false
kick,week,funnel-runners,0.007,58,false
kick,week,tom-clancy's-ghost-recon-wildlands,0.007,136,false
kick,week,state-of-decay-2,0.007,34,false
kick,week,stumble-guys,0.006,142,false
kick,week,the-elder-scrolls-v-skyrim-special-edition,0.006,160,false
kick,week,supermarket-simulator,0.006,86,false
kick,week,marvels-spider-man-remastered,0.006,153,false
kick,week,neverness-to-everness,0.006,212,false
kick,week,brawl-stars,0.006,247,false
kick,week,Resident-Evil-3:-Nemesis,0.006,65,false
kick,week,business-tour,0.006,86,false
kick,week,russian-fishing-4,0.006,41,false
kick,week,rf-online-next,0.006,7,false
kick,week,gang-beasts,0.006,50,false
kick,week,mlb-the-show-26,0.006,114,false
kick,week,call-of-duty-modern-warfare-4,0.006,306,false
kick,week,dofus,0.006,49,false
kick,week,hearts-of-iron-iv,0.006,33,false
kick,week,walk-of-life,0.006,9,false
kick,week,resident-evil,0.006,93,false
kick,week,helldivers-ii,0.006,383,false
kick,week,wormate-io,0.006,24,false
kick,week,tekken-8,0.006,137,false
kick,week,resident-evil-village,0.006,146,false
kick,week,science-technology,0.006,63,false
kick,week,assassins-creed-shadows,0.006,49,false
kick,week,tears-of-metal,0.005,7,false
kick,week,halo-campaign-evolved,0.005,84,false
kick,week,jump-space,0.005,17,false
kick,week,assassins-creed-black-flag-resynced,0.005,132,false
kick,week,Street-Fighter-V,0.005,5,false
kick,week,pokemon-unite,0.005,74,false
kick,week,satisfactory,0.005,68,false
kick,week,tcg-card-shop-simulator,0.005,107,false
kick,week,life-is-strange,0.005,19,false
kick,week,war-by-grow-games,0.005,12,false
kick,week,spyhunt,0.005,5,false
kick,week,five-hearts-under-one-roof-2,0.005,7,false
kick,week,mu-dark-epoch,0.005,20,false
kick,week,the-legend-of-zelda:-majora's-mask,0.005,38,false
kick,week,h1z1,0.005,100,false
kick,week,Resident-Evil-7:-Biohazard,0.005,183,false
kick,week,until-dawn,0.005,48,false
kick,week,farming-simulator-2025,0.005,235,false
kick,week,gladio-mori,0.005,6,false
kick,week,faaast-penguin,0.005,12,false
kick,week,tom-clancy's-the-division-2,0.005,208,false
kick,week,football-manager-26,0.005,70,false
kick,week,rematch--1,0.005,275,false
kick,week,the-elder-scrolls-v-skyrim,0.005,37,false
kick,week,Dark-Souls-III,0.005,130,false
kick,week,baldurs-gate-3,0.005,154,false
kick,week,dumb-ways-to-build,0.005,49,false
kick,week,double-dealers,0.005,11,false
kick,week,yu-gi-oh-forbidden-memories,0.005,21,false
kick,week,astro-bot,0.005,10,false
kick,week,gartic-io,0.005,77,false
kick,week,world-of-tanks-heat,0.005,21,false
kick,week,a-way-out,0.005,69,false
kick,week,the-cabin-game,0.004,28,false
kick,week,idleon:-the-idle-mmo,0.004,6,false
kick,week,battlefield-1,0.004,150,false
kick,week,kingdom-come:-deliverance,0.004,42,false
kick,week,active-matter,0.004,160,false
kick,week,meditation-and-mindfulness,0.004,19,false
kick,week,sekiro:-shadows-die-twice,0.004,104,false
kick,week,permafrost,0.004,20,false
kick,week,the-bazaar,0.004,13,false
kick,week,geometry-dash,0.004,262,false
kick,week,grain-rot,0.004,39,false
kick,week,assassins's-creed-odyssey,0.004,58,false
kick,week,cloverpit,0.004,22,false
kick,week,car-for-sale-simulator-2023,0.004,17,false
kick,week,Street-Fighter-6,0.004,93,false
kick,week,dofus-retro,0.004,19,false
kick,week,pokemon-emerald,0.004,29,false
kick,week,age-of-empires-iv,0.004,52,false
kick,week,stranded-deep,0.004,22,false
kick,week,ea-sports-ufc-6,0.004,46,false
kick,week,the-choicer-voicer,0.004,35,false
kick,week,call-of-duty-black-ops-6,0.004,179,false
kick,week,chill-corner,0.004,46,false
kick,week,food-drink,0.004,64,false
kick,week,mortal-shell-ii,0.004,113,false
kick,week,dantes-inferno,0.004,6,false
kick,week,backrooms-escape-together,0.004,70,false
kick,week,assassins-creed-origins,0.004,38,false
kick,week,dying-light-the-beast,0.004,87,false
kick,week,stardew-valley,0.004,204,false
kick,week,arkheron,0.004,35,false
kick,week,dying-light,0.004,134,false
kick,week,sports-betting,0.004,26,true
kick,week,silent-hill-f,0.004,49,false
kick,week,red-dead-redemption,0.004,85,false
kick,week,an-eggstremely-hard-game,0.004,16,false
kick,week,spiritus-sancti,0.004,5,false
kick,week,call-of-duty:-black-ops-II,0.004,156,false
kick,week,monopoly-poker,0.004,27,false
kick,week,silent-hill-2--1,0.004,92,false
kick,week,transport-fever-3,0.004,48,false
kick,week,pokemon-blaze-online,0.004,11,false
kick,week,pratfall,0.004,40,false
kick,week,alan-wake-II,0.004,34,false
kick,week,doom-the-dark-ages,0.004,20,false
kick,week,backrooms,0.004,31,false
kick,week,assassin's-creed-valhalla,0.004,54,false
kick,week,shakes-and-fidget,0.004,12,false
kick,week,efootball-pes-2021,0.004,114,false
kick,week,aion,0.003,35,false
kick,week,iracing,0.003,195,false
kick,week,Resident-Evil-2,0.003,115,false
kick,week,ragnarok-online,0.003,54,false
kick,week,dale-and-dawson-stationery-supplies,0.003,6,false
kick,week,dont-play-this,0.003,29,false
kick,week,days-gone,0.003,81,false
kick,week,The-Sims-4,0.003,105,false
kick,week,payday-3,0.003,27,false
kick,week,tom-clancy-s-rainbow-six,0.003,202,false
kick,week,far-cry-6,0.003,107,false
kick,week,gallipoli,0.003,19,false
kick,week,grand-theft-auto,0.003,34,false
kick,week,gunz:-the-duel,0.003,14,false
kick,week,far-cry-4,0.003,31,false
kick,week,crash-bandicoot,0.003,14,false
kick,week,fast-food-simulator,0.003,16,false
kick,week,yandere-simulator,0.003,5,false
kick,week,assassin's-creed-iv-black-flag,0.003,8,false
kick,week,south-of-midnight,0.003,6,false
kick,week,grim-dawn,0.003,8,false
kick,week,wrap-house-simulator,0.003,14,false
kick,week,risk:-global-domination,0.003,59,false
kick,week,monster-hunter-wilds,0.003,152,false
kick,week,league-of-legends-wild-rift,0.003,173,false
kick,week,007-first-light,0.003,138,false
kick,week,fc-mobile,0.003,129,false
kick,week,assassins-creed-mirage,0.003,28,false
kick,week,card-games,0.003,27,false
kick,week,counter-strike-global-offensive,0.003,96,false
kick,week,inzoi,0.003,12,false
kick,week,arma-reforger,0.003,111,false
kick,week,Diablo-II:-Resurrected,0.003,63,false
kick,week,the-crew:-motorfest,0.003,48,false
kick,week,World-of-Tanks,0.003,192,false
kick,week,horizon-forbidden-west,0.003,24,false
kick,week,command-conquer-generals,0.003,21,false
kick,week,honkai:-star-rail,0.003,92,false
kick,week,rehaunted,0.003,33,false
kick,week,halo-infinite,0.003,110,false
kick,week,marvels-spider-man-2,0.003,135,false
kick,week,roadside-research,0.003,12,false
kick,week,remnant:from-the-ashes,0.003,21,false
kick,week,buckshot-roulette,0.003,71,false
kick,week,SCUM,0.003,71,false
kick,week,world-of-tanks:-blitz,0.003,38,false
kick,week,elden-ring-nightreign,0.003,81,false
kick,week,god-of-war,0.003,175,false
kick,week,final-fantasy-resonance,0.003,11,false
kick,week,death-stranding-2-on-the-beach,0.003,17,false
kick,week,pool-blitz,0.003,11,false
kick,week,Marvel's-Spider-Man,0.003,29,false
kick,week,summoners-war:-sky-arena,0.003,14,false
kick,week,ace-combat-8-wings-of-theve,0.003,122,false
kick,week,subsistence,0.003,5,false
kick,week,snowrunner,0.003,85,false
kick,week,high-on-life-2,0.003,8,false
kick,week,crab-game,0.003,53,false
kick,week,eve-online,0.003,33,false
kick,week,radio-commander,0.003,11,false
kick,week,the-outlast-trials,0.003,196,false
kick,week,the-elder-scrolls-iv-oblivion-remastered,0.003,13,false
kick,week,heartopia,0.003,35,false
kick,week,no-mans-sky,0.003,190,false
kick,week,mall-rivals,0.003,6,false
kick,week,reanimal,0.003,51,false
kick,week,farlight-84,0.003,34,false
kick,week,resident-evil-2-(2019),0.003,187,false
kick,week,digimon-story-cyber-sleuth,0.003,6,false
kick,week,from-the-darkness,0.003,7,false
kick,week,tom-clancys-ghost-recon-breakpoint,0.003,68,false
kick,week,conan-exiles,0.002,36,false
kick,week,megabonk,0.002,80,false
kick,week,golf-with-your-friends,0.002,102,false
kick,week,nba-2k15,0.002,24,false
kick,week,watch-dogs-2,0.002,52,false
kick,week,gears-5,0.002,93,false
kick,week,new-state-mobile,0.002,6,false
kick,week,microsoft-flight-simulator-2024,0.002,64,false
kick,week,the-legend-of-zelda:-twilight-princess,0.002,47,false
kick,week,counter-strike:-1.6,0.002,169,false
kick,week,outlast,0.002,181,false
kick,week,throne-and-liberty,0.002,34,false
kick,week,labyrinthine,0.002,12,false
kick,week,friday-night-funkin',0.002,34,false
kick,week,fifa-street,0.002,6,false
kick,week,Bloodborne,0.002,44,false
kick,week,dark-souls:-remastered,0.002,112,false
kick,week,shift-at-midnight,0.002,151,false
kick,week,arena-of-valor,0.002,31,false
kick,week,deltarune,0.002,45,false
kick,week,graveyard-keeper,0.002,45,false
kick,week,casino-boss-simulator,0.002,16,false
kick,week,cities-skylines-ii,0.002,25,false
kick,week,dark-souls-ii-scholar-of-the-first-sin,0.002,77,false
kick,week,gears-of-war-4,0.002,60,false
kick,week,oxygen-not-included,0.002,19,false
kick,week,pokemon-firered-version,0.002,60,false
kick,week,mortal-kombat-11,0.002,30,false
kick,week,horses,0.002,6,false
kick,week,the-legend-of-zelda:-ocarina-of-time,0.002,123,false
kick,week,forza-horizon-5,0.002,59,false
kick,week,serve-or-die,0.002,9,false
kick,week,mortal-kombat-11:-ultimate,0.002,17,false
kick,week,half-life,0.002,53,false
kick,week,ore-factory-squad,0.002,11,false
kick,week,spore,0.002,9,false
kick,week,fears-to-fathom-scratch-creek,0.002,36,false
kick,week,crash-bandicoot-2-cortex-strikes-back,0.002,8,false
kick,week,my-summer-car,0.002,10,false
kick,week,it-takes-two,0.002,125,false
kick,week,hollow-knight-silksong,0.002,123,false
kick,week,dragon-ball-z:-kakarot,0.002,16,false
kick,week,ghostwire:-tokyo,0.002,11,false
kick,week,crimson-desert,0.002,158,false
kick,week,world-of-warcraft-classic,0.002,171,false
kick,week,i-know-a-guy,0.002,37,false
kick,week,the-mortuary-assistant,0.002,54,false
kick,week,middle-earth:-shadow-of-mordor,0.002,12,false
kick,week,call-of-duty-modern-warfare-ii,0.002,176,false
kick,week,grand-theft-auto:-vice-city-the-definitive-edition,0.002,85,false
kick,week,minecraft-dunegons,0.002,91,false
kick,week,Titanfall-2,0.002,27,false
kick,week,wwe-2k26,0.002,106,false
kick,week,the-last-caretaker,0.002,10,false
kick,week,path-of-exile,0.002,46,false
kick,week,le-mans-ultimate,0.002,72,false
kick,week,grand-theft-auto-iii-the-definitive-edition,0.002,35,false
kick,week,taxi-life-a-city-driving-simulator,0.002,16,false
kick,week,mario-kart-world,0.002,58,false
kick,week,summer-of-'58,0.002,5,false
kick,week,Dark-Souls,0.002,27,false
kick,week,beast-of-reincarnation,0.002,51,false
kick,week,liars-bar,0.002,36,false
kick,week,the-spell-brigade,0.002,9,false
kick,week,tetris,0.002,5,false
kick,week,stellar-blade,0.002,47,false
kick,week,roblox-studio,0.002,161,false
kick,week,god-of-war-III,0.002,48,false
kick,week,osu!,0.002,156,false
kick,week,the-lord-of-the-rings-return-to-moria,0.002,18,false
kick,week,game-development,0.002,89,false
kick,week,final-fantasy-VII-remake,0.002,62,false
kick,week,call-of-duty:-black-ops-III,0.002,142,false
kick,week,Death-Stranding,0.002,52,false
kick,week,star-citizen,0.002,120,false
kick,week,pinturillo-2,0.002,20,false
kick,week,audition-online,0.002,12,false
kick,week,heroes-of-the-storm,0.002,89,false
kick,week,lies-of-pi,0.002,90,false
kick,week,make-it-meme,0.002,37,false
kick,week,mimesis,0.002,51,false
kick,week,humanitz,0.002,19,false
kick,week,horizon-zero-dawn,0.002,42,false
kick,week,misa-online,0.002,7,false
kick,week,soulframe,0.002,20,false
kick,week,RimWorld,0.002,36,false
kick,week,fortnite-save-the-world,0.002,79,false
kick,week,bendy-and-the-Ink-machine,0.002,26,false
kick,week,Resident-Evil-3,0.002,89,false
kick,week,raft,0.002,119,false
kick,week,pokemon-go,0.002,31,false
kick,week,far-cry:-primal,0.002,22,false
kick,week,bloods-td-6,0.002,30,false
kick,week,nba-the-run,0.002,14,false
kick,week,farming-simulator-22,0.002,44,false
kick,week,deep-rock-galactic:-survivor,0.002,6,false
kick,week,fire-emblem-fortunes-weave,0.002,52,false
kick,week,The-Elder-Scrolls-Online,0.002,57,false
kick,week,pokemon-trading-card-game-online,0.002,15,false
kick,week,street-fighter-30th-anniversary,0.002,6,false
kick,week,ghost-of-yotei,0.002,47,false
kick,week,counter-strike-source,0.001,29,false
kick,week,candy-crush-soda-saga,0.001,9,false
kick,week,a-weird-game-about-sausage,0.001,26,false
kick,week,Marbles-On-Stream,0.001,33,false
kick,week,kakele-online-mmorpg,0.001,20,false
kick,week,crash-bandicoot:-warped,0.001,11,false
kick,week,Super-Mario-64,0.001,60,false
kick,week,panicore,0.001,31,false
kick,week,vampire-survivors,0.001,24,false
kick,week,point-blank,0.001,24,false
kick,week,pokemon-champions,0.001,70,false
kick,week,no-more-room-in-hell-2,0.001,61,false
kick,week,the-skin-stapler,0.001,15,false
kick,week,ready-or-not,0.001,142,false
kick,week,friendly-steps,0.001,18,false
kick,week,guild-wars-2,0.001,63,false
kick,week,watchdogs,0.001,44,false
kick,week,magic-the-gathering-arena,0.001,65,false
kick,week,for-the-king-ii,0.001,9,false
kick,week,dead-island-2,0.001,31,false
kick,week,dying-light-2:stay-human,0.001,76,false
kick,week,ea-sports-fc-online,0.001,57,false
kick,week,the-quarry,0.001,55,false
kick,week,slay-the-spire-ii,0.001,53,false
kick,week,the-backrooms-lost-tape,0.001,9,false
kick,week,honor-of-kings,0.001,94,false
kick,week,Resident-Evil-5,0.001,70,false
kick,week,middle-earth-shadow-of-war,0.001,25,false
kick,week,god-of-war-II,0.001,49,false
kick,week,green-hell,0.001,65,false
kick,week,risk-of-rain-2,0.001,44,false
kick,week,Clone-Hero,0.001,50,false
kick,week,dc-universe-online,0.001,9,false
kick,week,perfect-world,0.001,20,false
kick,week,anime-squad,0.001,49,false
kick,week,stream,0.001,75,false
kick,week,asphalt-legends-unite,0.001,20,false
kick,week,unicycle-together,0.001,19,false
kick,week,call-of-duty-modern-warfare-3,0.001,26,false
kick,week,disney-dreamlight-valley,0.001,48,false
kick,week,final-fantasy-vii-og,0.001,15,false
kick,week,noita,0.001,6,false
kick,week,monopoly--19,0.001,28,false
kick,week,chrono-trigger,0.001,18,false
kick,week,wolf-team,0.001,39,false
kick,week,far-cry-5,0.001,51,false
kick,week,restory,0.001,41,false
kick,week,tom-clancys-the-division-resurgence,0.001,19,false
kick,week,grounded-2,0.001,53,false
kick,week,Hades,0.001,40,false
kick,week,far_cry_3,0.001,34,false
kick,week,gotham-knights,0.001,5,false
kick,week,feign,0.001,48,false
kick,week,stalker-2-heart-of-chornobyl,0.001,69,false
kick,week,crash-bandacoot-4:-it's-about-time,0.001,21,false
kick,week,marathon,0.001,48,false
kick,week,trash-day,0.001,31,false
kick,week,special-force,0.001,6,false
kick,week,lego-batman-legacy-of-the-dark-knight,0.001,38,false
kick,week,fishing,0.001,10,false
kick,week,priston-tale,0.001,24,false
kick,week,the-first-berserker-khazan,0.001,32,false
kick,week,life-is-strange-remastered,0.001,9,false
kick,week,dead-space-2023,0.001,34,false
kick,week,topspin-2k25,0.001,7,false
kick,week,warhammer-40000-space-marine-II,0.001,128,false
kick,week,Dragon-Ball-Z-Dokkan-Battle,0.001,14,false
kick,week,songbattle.io,0.001,16,false
kick,week,for-honor,0.001,128,false
kick,week,vein,0.001,23,false
kick,week,epic-seven,0.001,7,false
kick,week,arknights-endfield,0.001,57,false
kick,week,3d-printing,0.001,26,false
kick,week,skribbl-io,0.001,30,false
kick,week,mall-simulator-2025-,0.001,5,false
kick,week,big-ambitions,0.001,12,false
kick,week,uncharted:legacy-of-thieves-collection,0.001,30,false
kick,week,trails-in-the-sky-2nd-chapter,0.001,15,false
kick,week,police-chief-simulator,0.001,28,false
kick,week,welcome-to-the-game-iii,0.001,7,false
kick,week,mount-and-blade-warband,0.001,19,false
kick,week,marvel-snap,0.001,25,false
kick,week,metro-last-light,0.001,18,false
kick,week,the-witcher-2:-assassin-of-kings,0.001,13,false
kick,week,persona-3-reload,0.001,28,false
kick,week,hollow-knight,0.001,194,false
kick,week,zenless-zone-zero,0.001,103,false
kick,week,call-of-duty:-black-ops,0.001,40,false
kick,week,grand-theft-auto:-vice-city,0.001,80,false
kick,week,avatars-frontiers-of-pandora,0.001,39,false
kick,week,solo-leveling-arise-overdrive,0.001,6,false
kick,week,squad,0.001,101,false
kick,week,medieval-dynasty,0.001,27,false
kick,week,the-sims-2,0.001,5,false
kick,week,madden-nfl-26,0.001,33,false
kick,week,alien:-isolation,0.001,68,false
kick,week,blazing-sails,0.001,58,false
kick,week,MapleStory,0.001,36,false
kick,week,capote,0.001,8,false
kick,week,enshrouded,0.001,30,false
kick,week,mortal-kombat-1,0.001,79,false
kick,week,Starcraft-II,0.001,67,false
kick,week,riftbound,0.001,8,false
kick,week,raven-ii,0.001,7,false
kick,week,ea-sports-fc-25,0.001,75,false
kick,week,atlas-fallen,0.001,5,false
kick,week,five-nights-at-freddy's:-security-breach,0.001,16,false
kick,week,brawlhalla,0.001,196,false
kick,week,nhl-26,0.001,11,false
kick,week,terraria,0.001,179,false
kick,week,the-king-of-fighter-2002,0.001,10,false
kick,week,age-of-history-3,0.001,7,false
kick,week,rise-online,0.001,24,false
kick,week,stopots,0.001,9,false
kick,week,Been-There-Won-That,0.001,6,false
kick,week,mafia:definitive-edition,0.001,46,false
kick,week,rules-of-survival,0.001,17,false
kick,week,waterpark-simulator,0.001,56,false
kick,week,anime-shop-simulator,0.001,37,false
kick,week,makeup-beauty,0.001,15,false
kick,week,ea-sports-ufc,0.001,6,false
kick,week,hell-is-us,0.001,14,false
kick,week,five-nights-at-freddy's-4,0.001,19,false
kick,week,batman:-arkham-knight,0.001,45,false
kick,week,gamble-with-your-friends,0.001,103,false
kick,week,need-for-speed-most-wanted-2005,0.001,77,false
kick,week,cat-mail-co,0.001,6,false
kick,week,marvels-avengers,0.001,9,false
kick,week,The-Legend-of-Zelda:-Breath-of-the-Wild,0.001,51,false
kick,week,final-fantasy-xvi,0.001,17,false
kick,week,need-for-speed:-undercover,0.001,6,false
kick,week,legend-of-ymir,0.001,11,false
kick,week,cast-n-chill,0.001,17,false
kick,week,god-of-war: - ghost-of-sparta,0.001,10,false
kick,week,control,0.001,93,false
kick,week,broken-arrow,0.001,12,false
kick,week,just-cause,0.001,18,false
kick,week,skate,0.001,98,false
kick,week,little-nightmares-iii--1,0.001,38,false
kick,week,the-walking-dead-the-telltale-definitive-series,0.001,40,false
kick,week,scrap-mechanic,0.001,12,false
kick,week,angry-birds-2,0.001,6,false
kick,week,white-knuckle,0.001,7,false
kick,week,alan-wake,0.001,20,false
kick,week,nier:-automata,0.001,16,false
kick,week,ea-sports-ufc-5,0.001,17,false
kick,week,cricket-26,0.001,26,false
kick,week,devour,0.001,109,false
kick,week,mini-words-top-movies,0.001,16,false
kick,week,rounds,0.001,6,false
kick,week,auto-chess,0.001,6,false
kick,week,Heroes-of-Might-and-Magic-III:-The-Restoration-of-Erathia,0.001,6,false
kick,week,amenti,0.001,17,false
kick,week,dynasty-warriors-3-complete-edition-remastered,0.001,38,false
kick,week,hitman,0.001,21,false
kick,week,grand-theft-auto-iv:-the-lost-and-damned,0.001,14,false
kick,week,dragons-dogma-ii,0.001,29,false
kick,week,airport-security-sucks,0.001,5,false
kick,week,need-for-speed-underground-2,0.001,26,false
kick,week,dragon-ball-legends,0.001,15,false
kick,week,killing-floor-2,0.001,11,false
kick,week,well-dweller,0.001,70,false
kick,week,openfront,0.001,31,false
kick,week,coffee-talk,0.001,47,false
kick,week,call-of-duty:-dmz,0.001,53,false
kick,week,Lost-Ark,0.001,17,false
kick,week,gas-station-simulator,0.001,24,false
kick,week,beamng-drive,0.001,57,false
kick,week,tabletop-rpgs,0.001,52,false
kick,week,level-devil,0.001,32,false
kick,week,fallout-76,0.001,71,false
kick,week,dont-starve-together,0.001,45,false
kick,week,little-nightmares-II,0.001,26,false
kick,week,brotato,0.001,21,false
kick,week,fall-guys:-ultimate-knockout-season-2,0.001,21,false
kick,week,iblis3-phenomena,0.001,13,false
kick,week,fifa-20,0.001,22,false
kick,week,a-plague-tale-innocence,0.001,32,false
kick,week,call-of-duty:-vanguard,0.001,13,false
kick,week,nba-2k25,0.001,11,false
kick,week,strikers-club,0.001,72,false
kick,week,World-of-Warships,0.001,48,false
kick,week,resident-evil-6,0.001,65,false
kick,week,granny,0.001,51,false
kick,week,space-engineers,0.001,6,false
kick,week,meat-grinder--2,0.001,7,false
kick,week,a-plague-tale:-requiem,0.001,29,false
kick,week,candy-crush-saga,0.001,6,false
kick,week,makers-&-crafting,0.001,53,false
kick,week,little-nightmares,0.001,42,false
kick,week,sea-of-thieves-the-legend-of-monkey-island,0.001,15,false
kick,week,naraka:-bladepoint,0.001,34,false
kick,week,Dark-Souls-II,0.001,23,false
kick,week,livestream,0.001,59,false
kick,week,metal-gear-solid-4:-guns-of-the-patriots,0.001,29,false
kick,week,animaly-bar-no-humanity,0.001,21,false
kick,week,yo-kai-watch,0.001,7,false
kick,week,dead-space,0.001,34,false
kick,week,life-is-strange-reunion,0.001,5,false
kick,week,left-4-dead,0.001,15,false
kick,week,dishonored,0.001,17,false
kick,week,clash-of-clans,0.001,117,false
kick,week,pico-park,0.001,16,false
kick,week,prison-escape-simulator-dig-out,0.001,6,false
kick,week,mir-tankov,0.001,32,false
kick,week,the-legend-of-zelda-echoes-of-wisdom,0.001,6,false
kick,week,psalm-2,0.001,17,false
kick,week,photomaly,0.001,42,false
kick,week,crash-team-racing,0.001,7,false
kick,week,battlebit-remastered,0.001,8,false
kick,week,inazuma-eleven:victory-road,0.001,7,false
kick,week,the-exit-8,0.001,16,false
kick,week,last-day-on-earth:-survival,0.001,12,false
kick,week,lords-of-the-fallen,0.001,26,false
kick,week,battlefield-3,0.001,12,false
kick,week,indika,0.001,7,false
kick,week,mafia-II:-definitive-edition,0.001,22,false
kick,week,blasphemous,0.001,27,false
kick,week,fears-to-fathom-ironbark-lookout,0.001,14,false
kick,week,call-to-arms:-gates-of-hell,0.001,14,false
kick,week,mafia-the-old-country,0.001,42,false
kick,week,predecessor,0.001,47,false
kick,week,miside,0.001,15,false
kick,week,inside-the-backrooms,0.001,7,false
kick,week,the-battle-cats,0.001,7,false
kick,week,demonologist,0.001,61,false
kick,week,Cuphead,0.001,106,false
kick,week,the-witcher,0.001,38,false
kick,week,warcraft-iii-reforged,0.001,73,false
kick,week,way-of-the-hunter-2,0.001,17,false
kick,week,tempest-rising,0.001,5,false
kick,week,city-car-driving,0.001,8,false
kick,week,world-of-warcraft-classic-hardcore,0.001,46,false
kick,week,we-are-so-dead,0.001,19,false
kick,week,paper-mario-the-thousand-year-door,0.001,11,false
kick,week,getting-over-it-with-bennett-foddy,0.001,24,false
kick,week,persona-5-royal,0.001,42,false
kick,week,TETR.IO,0.001,13,false
kick,week,devil-may-cry-4,0.001,11,false
kick,week,shadow-of-the-colossus,0.001,9,false
kick,week,call-of-duty:-modern-warfare,0.001,56,false
kick,week,core-keeper,0.001,19,false
kick,week,magic-chess-go-go,0.001,21,false
kick,week,firefighting-simulator-ignite,0.001,11,false
kick,week,umamusume-pretty-derby,0.001,25,false
kick,week,grounded,0.001,31,false
kick,week,alchemy-factory,0.001,8,false
kick,week,pragmata,0.001,58,false
kick,week,undisputed,0.001,50,false
kick,week,hades-ii,0.001,19,false
kick,week,ruined-king: - a-league-of-legends-story,0.001,6,false
kick,week,mafia,0.001,13,false
kick,week,halo:-the-master-chief-collection,0.001,58,false
kick,week,visage,0.001,37,false
kick,week,sniper-elite-5,0.001,11,false
kick,week,mistfall-hunter,0.001,53,false
kick,week,chivalry-2,0.001,71,false
kick,week,paladins,0.001,21,false
kick,week,mechwarrior-5:-mercenaries,0.001,10,false
kick,week,Clive-Barker's-Hellraiser:-Revival,0.001,54,false
kick,week,hell-let-loose,0.001,52,false
kick,week,mega-quiz-gaming,0.001,38,false
kick,week,video-production,0.001,34,false
kick,week,dance,0.001,19,false
kick,week,the-seven-deadly-sins-grand-cross,0.001,12,false
kick,week,overcooked-2,0.001,77,false
kick,week,ninja-gaiden-4,0.001,6,false
kick,week,mafia-3,0.001,27,false
kick,week,god-of-war-(2005),0.001,55,false
kick,week,monsters-and-memories--1,0.001,30,false
kick,week,house-flipper,0.001,29,false
kick,week,domino,0.001,27,false
kick,week,only-up,0.001,9,false
kick,week,monster-hunter: - world,0.001,62,false
kick,week,grand-theft-auto:-vice-city-stories,0.001,7,false
kick,week,super-mario-3d-world,0.001,8,false
kick,week,reading,0.001,22,false
kick,week,solo-leveling-arise,0.001,10,false
kick,week,borderlands-2,0.000,44,false
kick,week,Silent-Hill-2,0.000,44,false
kick,week,smite-2,0.000,113,false
kick,week,raid-shadow-legends,0.000,18,false
kick,week,ea-sports-fc-24,0.000,26,false
kick,week,super-sus,0.000,5,false
kick,week,comedy-night,0.000,31,false
kick,week,Jackbox-Party-Packs,0.000,29,false
kick,week,chillin-by-the-fire,0.000,9,false
kick,week,digimon-story-time-stranger,0.000,14,false
kick,week,beyond:-two-souls,0.000,35,false
kick,week,dungeons-and-dragons,0.000,70,false
kick,week,jet-set-radio-future,0.000,9,false
kick,week,mortal-kombat-1-1992,0.000,10,false
kick,week,the-seven-deadly-sins-origin,0.000,41,false
kick,week,super-mario-maker-2,0.000,22,false
kick,week,kingdom-hearts-hd-15-25-remix,0.000,74,false
kick,week,fifa-soccer-10,0.000,12,false
kick,week,grand-chase-classic,0.000,11,false
kick,week,the-game-of-life-2,0.000,6,false
kick,week,team-fortress-2,0.000,88,false
kick,week,Microsoft-Flight-Simulator,0.000,21,false
kick,week,uno,0.000,25,false
kick,week,content-warning,0.000,67,false
kick,week,iblis,0.000,15,false
kick,week,palia,0.000,37,false
kick,week,ori-and-the-will-of-the-wisps,0.000,27,false
kick,week,heroes-of-newerth-reborn,0.000,16,false
kick,week,the-first-descendant,0.000,46,false
kick,week,project-threshold,0.000,6,false
kick,week,efootball-2024,0.000,44,false
kick,week,burglin-gnomes,0.000,47,false
kick,week,pacify,0.000,19,false
kick,week,tekken-7,0.000,11,false
kick,week,robocop-rogue-city,0.000,10,false
kick,week,Magic:-The-Gathering,0.000,29,false
kick,week,escape-from-tarkov-arena,0.000,55,false
kick,week,invokyr,0.000,29,false
kick,week,killer-instinct,0.000,18,false
kick,week,trading-cards,0.000,17,false
kick,week,assassin's-creed-ii,0.000,17,false
kick,week,deskrawl-idle-aprg,0.000,11,false
kick,week,pokemon-red,0.000,13,false
kick,week,ace-combat-7,0.000,19,false
kick,week,dressmaker,0.000,23,false
kick,week,command-and-conquer-red-alert-2,0.000,11,false
kick,week,stray,0.000,27,false
kick,week,rivage,0.000,9,false
kick,week,Star-Wars-Jedi:-Fallen-Order,0.000,24,false
kick,week,escape-simulator-2,0.000,13,false
kick,week,iron-nest-heavy-turret-simulator,0.000,8,false
kick,week,darkest-dungeon,0.000,10,false
kick,week,donkey-kong-country,0.000,9,false
kick,week,Sid-Meier's-Civilization-VI,0.000,19,false
kick,week,assetto-corsa-competizione,0.000,48,false
kick,week,dont-scream-together,0.000,12,false
kick,week,borderlands-4,0.000,65,false
kick,week,final-fantasy-vii-rebirth,0.000,43,false
kick,week,minesweeper!,0.000,6,false
kick,week,project-bloodstrike,0.000,107,false
kick,week,lollipop-chainsaw,0.000,7,false
kick,week,bellwright,0.000,8,false
kick,week,ea-sports-madden-nfl-25,0.000,10,false
kick,week,pokemon-pokopia,0.000,15,false
kick,week,the-baby-in-yellow,0.000,6,false
kick,week,batman:-arkham-asylum,0.000,42,false
kick,week,mario-kart-wii,0.000,14,false
kick,week,football-manager-2024,0.000,28,false
kick,week,subnautica,0.000,44,false
kick,week,ragnarok-the-new-world,0.000,23,false
kick,week,dead-as-disco,0.000,29,false
kick,week,echoes-of-aincrad,0.000,9,false
kick,week,outer-wild,0.000,15,false
kick,week,ori-and-the-blind-forest,0.000,20,false
kick,week,plants-vs.-zombies,0.000,40,false
kick,week,surroundead,0.000,9,false
kick,week,the-legend-of-zelda:-tears-of-the-kingdom,0.000,40,false
kick,week,dark-hours,0.000,39,false
kick,week,Undertale,0.000,51,false
kick,week,chaos-zero-nightmare,0.000,6,false
kick,week,roadcraft,0.000,19,false
kick,week,the-walking-trade,0.000,17,false
kick,week,super-smash-bros.-ultimate,0.000,63,false
kick,week,mass-effect-legendary-edition,0.000,20,false
kick,week,fifa-14,0.000,20,false
kick,week,san-andreas-multiplayer,0.000,41,false
kick,week,Pokémon-Trading-Card-Game-Live,0.000,19,false
kick,week,roadhouse-simulator,0.000,20,false
kick,week,knockem-out,0.000,9,false
kick,week,call-of-duty-4:-modern-warfare,0.000,52,false
kick,week,tomb-raider,0.000,38,false
kick,week,tomodachi-life-living-the-dream,0.000,34,false
kick,week,Fallout-4,0.000,60,false
kick,week,deadside,0.000,8,false
kick,week,human-host,0.000,7,false
kick,week,signalis,0.000,12,false
kick,week,Grand-Theft-Auto-III,0.000,34,false
kick,week,night_crows,0.000,12,false
kick,week,yu-gi-oh-!-master-duel,0.000,70,false
kick,week,the-texas-chain-saw-massacre,0.000,25,false
kick,week,carry-the-glass,0.000,33,false
kick,week,ran-online,0.000,16,false
kick,week,whos-at-the-door,0.000,8,false
kick,week,dark-and-darker,0.000,41,false
kick,week,euro-truck-simulator,0.000,23,false
kick,week,dave the-diver,0.000,21,false
kick,week,batman-arkham-city,0.000,17,false
kick,week,quarantine-zone-the-last-check,0.000,25,false
kick,week,fishing-planet,0.000,41,false
kick,week,with-your-destiny,0.000,5,false
kick,week,demon-s-souls,0.000,8,false
kick,week,donkey-kong-bananza,0.000,11,false
kick,week,ufl,0.000,10,false
kick,week,cs2d,0.000,100,false
kick,week,lords-mobile,0.000,6,false
kick,week,hariti,0.000,9,false
kick,week,minecraft:-story-mode,0.000,18,false
kick,week,call-of-duty:-black-ops-cold-war,0.000,39,false
kick,week,the-headliners,0.000,17,false
kick,week,ghost-janitors,0.000,28,false
kick,week,megastore-simulator--1,0.000,13,false
kick,week,road-to-vostok,0.000,15,false
kick,week,poppy-playtime,0.000,65,false
kick,week,battletech,0.000,5,false
kick,week,mlb-the-show-25,0.000,7,false
kick,week,the-mound-omen-of-cthulhu,0.000,17,false
kick,week,gris,0.000,5,false
kick,week,indiana-jones-and-the-great-circle,0.000,9,false
kick,week,god-hand,0.000,5,false
kick,week,second-life,0.000,15,false
kick,week,digimon-masters,0.000,19,false
kick,week,cyber-security,0.000,5,false
kick,week,counter-strike:-condition-zero,0.000,10,false
kick,week,agar-io,0.000,9,false
kick,week,yet-another-zombie-survivors,0.000,7,false
kick,week,routine,0.000,11,false
kick,week,the-walking-dead:-season-one,0.000,22,false
kick,week,resident-evil-0,0.000,29,false
kick,week,icarus-online,0.000,5,false
kick,week,the-legend-of-zelda:-the-wind-waker,0.000,22,false
kick,week,donkey-kong-64,0.000,8,false
kick,week,dirty-business,0.000,15,false
kick,week,battlefield-2042,0.000,35,false
kick,week,car-dealer-simulator,0.000,23,false
kick,week,ben-10,0.000,5,false
kick,week,pro-soccer-online,0.000,26,false
kick,week,standoff-2,0.000,39,false
kick,week,icarus,0.000,55,false
kick,week,sniper-elite-resistance,0.000,20,false
kick,week,shadowverse-worlds-beyond,0.000,10,false
kick,week,planet-of-lana,0.000,5,false
kick,week,gods-death-and-reapers-2,0.000,15,false
kick,week,planet-crafter,0.000,46,false
kick,week,castlevania-belmonts-curse,0.000,30,false
kick,week,midnight-club-3:-dub-edition,0.000,17,false
kick,week,dark-orbit,0.000,8,false
kick,week,fallout:-new-vegas,0.000,36,false
kick,week,splatoon-3,0.000,23,false
kick,week,five-hearts-under-one-roof,0.000,6,false
kick,week,fragpunk,0.000,44,false
kick,week,bunker-tidy-up,0.000,15,false
kick,week,scary-game-2-the-mad-shepherd,0.000,14,false
kick,week,alice-madness-returns,0.000,26,false
kick,week,pokemon-trading-card-game-pocket,0.000,29,false
kick,week,paver-tidy-up-together,0.000,19,false
kick,week,carnival-hunt,0.000,13,false
kick,week,strinova,0.000,18,false
kick,week,bioshock-infinite,0.000,9,false
kick,week,only-climb-better-together,0.000,10,false
kick,week,knives-out,0.000,7,false
kick,week,pga-tour-2k25,0.000,38,false
kick,week,Super-Mario-Bros.-3,0.000,9,false
kick,week,minecraft:-legends,0.000,28,false
kick,week,black,0.000,8,false
kick,week,lethal-company,0.000,101,false
kick,week,tom-clancy's-the-division,0.000,13,false
kick,week,mad-max,0.000,19,false
kick,week,v-rising,0.000,24,false
kick,week,age-of-empires-ii,0.000,26,false
kick,week,Marvel's-Spider-Man:-Miles-Morales,0.000,43,false
kick,week,remnant-ii,0.000,32,false
kick,week,digimon-super-rumble,0.000,8,false
kick,week,dimraeth,0.000,24,false
kick,week,Need-for-Speed-Unbound,0.000,19,false
kick,week,samson,0.000,19,false
kick,week,senuas-saga-hellblade-ii,0.000,7,false
kick,week,ride-5,0.000,7,false
kick,week,jump-king,0.000,12,false
kick,week,fire-emblem-three-houses,0.000,8,false
kick,week,call-of-duty-black-ops-zombies,0.000,45,false
kick,week,crime-scene-cleaner,0.000,17,false
kick,week,super-mario-bros,0.000,13,false
kick,week,hello-kitty-island-adventure,0.000,10,false
kick,week,kingdom-rush,0.000,17,false
kick,week,last-pirates,0.000,14,false
kick,week,goddess-of-victory:-nikke,0.000,23,false
kick,week,fifa-19,0.000,9,false
kick,week,species-unknown,0.000,33,false
kick,week,streamer-daily,0.000,37,false
kick,week,the-simpsons-hit-&-run,0.000,28,false
kick,week,afk-journey,0.000,6,false
kick,week,aim-lab,0.000,16,false
kick,week,hell-let-loose-vietnam,0.000,32,false
kick,week,gaming-cafe-simulator,0.000,132,false
kick,week,gothic-II,0.000,16,false
kick,week,monster-hunter-rise,0.000,28,false
kick,week,escape-simulator,0.000,12,false
kick,week,midnight-club-los-angeles,0.000,6,false
kick,week,horror-night,0.000,9,false
kick,week,streamer-life-simulator-2,0.000,11,false
kick,week,paranormal-cleanup,0.000,11,false
kick,week,need-for-speed-most-wanted-2012,0.000,17,false
kick,week,my-hero-ultra-rumble,0.000,56,false
kick,week,combat-master,0.000,45,false
kick,week,log-riders,0.000,10,false
kick,week,hitman-3,0.000,25,false
kick,week,graphic-design,0.000,18,false
kick,week,backseat,0.000,17,false
kick,week,tarot,0.000,16,false
kick,week,Metal-Gear-Solid-V:-The-Phantom-Pain,0.000,25,false
kick,week,superliminal,0.000,8,false
kick,week,resident-evil-zero,0.000,13,false
kick,week,call-of-duty:-world-at-war,0.000,11,false
kick,week,fears-to-fathom-woodbury-getaway,0.000,11,false
kick,week,metro-2033-redux,0.000,44,false
kick,week,nier-replicant,0.000,7,false
kick,week,ace-combat-zero-the-belkan-war,0.000,8,false
kick,week,drama,0.000,6,false
kick,week,supermarket-chaos,0.000,10,false
kick,week,silent-breath,0.000,7,false
kick,week,sallyface,0.000,10,false
kick,week,stalzone,0.000,42,false
kick,week,the-evil-within,0.000,31,false
kick,week,drive-beyond-horizons,0.000,18,false
kick,week,powerwash-simulator-2,0.000,20,false
kick,week,ancestors-the-humankind-odyssey,0.000,6,false
kick,week,slime-rancher,0.000,16,false
kick,week,WheelMates,0.000,10,false
kick,week,tom-clancys-rainbow-six-take-down-–-missions-in-korea,0.000,44,false
kick,week,tekken,0.000,12,false
kick,week,fifa-17,0.000,19,false
kick,week,sonic-and-the-secret-rings,0.000,6,false
kick,week,jigsaw-puzzle-dreams,0.000,5,false
kick,week,tbh-task-bar-hero,0.000,10,false
kick,week,assassin's-creed-iii,0.000,12,false
kick,week,star-wars-zero-company,0.000,33,false
kick,week,gothic-1-remake,0.000,25,false
kick,week,fifa-22,0.000,14,false
kick,week,3d-animation,0.000,5,false
kick,week,kingdom-hearts,0.000,28,false
kick,week,neighbors-suburban-warfare,0.000,22,false
kick,week,tattoo-shop-simulator,0.000,6,false
kick,week,heavy-rain,0.000,15,false
kick,week,plateup!,0.000,34,false
kick,week,final-fight,0.000,7,false
kick,week,super-mario-sunshine,0.000,7,false
kick,week,okey,0.000,12,false
kick,week,portal-2,0.000,27,false
kick,week,hozy,0.000,5,false
kick,week,the-hunter-call-of-the-wild,0.000,44,false
kick,week,Diablo-III,0.000,19,false
kick,week,poppy-playtime-chapter-4,0.000,12,false
kick,week,duolingo,0.000,8,false
kick,week,fatal-frame-ii-crimson-butterfly,0.000,5,false
kick,week,parasocial,0.000,7,false
kick,week,keep-it-up--2,0.000,15,false
kick,week,sexy-sniper,0.000,11,false
kick,week,carx-street,0.000,18,false
kick,week,star-wars-jedi:-survivor,0.000,24,false
kick,week,vholume,0.000,13,false
kick,week,need-for-speed,0.000,17,false
kick,week,raceroom-racing-experience,0.000,9,false
kick,week,dragon-quest-heroes-tornekos-mystery-dungeon-classic-hd,0.000,9,false
kick,week,habbo,0.000,9,false
kick,week,cry-of-fear,0.000,34,false
kick,week,mall-together,0.000,5,false
kick,week,The-Sinking-City-2,0.000,21,false
kick,week,low-budget-repairs,0.000,22,false
kick,week,metro-exodus,0.000,41,false
kick,week,crash-bandicoot-n.-sane-trilogy,0.000,28,false
kick,week,winning-eleven:-pro-evolution-soccer-2007,0.000,7,false
kick,week,aska,0.000,11,false
kick,week,sort-them-ducks,0.000,11,false
kick,week,prince-of-persia-the-lost-crown,0.000,15,false
kick,week,twisted-tower,0.000,6,false
kick,week,gunfire-reborn,0.000,7,false
kick,week,muck,0.000,36,false
kick,week,board-games,0.000,17,false
kick,week,live-a-live,0.000,22,false
kick,week,factorio,0.000,29,false
kick,week,doom,0.000,29,false
kick,week,dragon-ball-z:-budokai-tenkaichi-3,0.000,32,false
kick,week,tidy-up-together,0.000,5,false
kick,week,the-beast-inside,0.000,5,false
kick,week,the-long-dark,0.000,28,false
kick,week,yu-gi-oh-duel-links,0.000,16,false
kick,week,granny-3,0.000,6,false
kick,week,pc-building-simulator,0.000,5,false
kick,week,grapples-galore,0.000,10,false
kick,week,mouthwashing,0.000,5,false
kick,week,StarCraft,0.000,16,false
kick,week,faith:-the-unholy-trinity,0.000,6,false
kick,week,nascar-26,0.000,15,false
kick,week,dcs-world,0.000,12,false
kick,week,apex-legends-mobile,0.000,13,false
kick,week,call-of-duty:-black-ops-declassified,0.000,9,false
kick,week,shadow-of-the-tomb-raider,0.000,43,false
kick,week,the-lord-of-the-rings-online,0.000,16,false
kick,week,god-of-war:-ascension,0.000,17,false
kick,week,disney-speedstorm,0.000,19,false
kick,week,world-war-z,0.000,49,false
kick,week,cult-of-the-lamb,0.000,22,false
kick,week,uncharted-2:-among-thieves,0.000,7,false
kick,week,barotrauma,0.000,5,false
kick,week,we-were-here,0.000,17,false
kick,week,visual-novels,0.000,8,false
kick,week,battlefield-v,0.000,39,false
kick,week,off-the-grid--1,0.000,32,false
kick,week,tabletop-simulator,0.000,10,false
kick,week,automobilista-2,0.000,12,false
kick,week,def-jam-fight-for-ny,0.000,20,false
kick,week,necesse,0.000,6,false
kick,week,rp-grand-open-world-game,0.000,20,false
kick,week,languages,0.000,6,false
kick,week,the-crew-2,0.000,15,false
kick,week,fifa-street-2,0.000,6,false
kick,week,fever-meme,0.000,13,false
kick,week,call-of-duty:-modern-warfare-2,0.000,47,false
kick,week,monster-hunter,0.000,6,false
kick,week,lego-star-wars:-the-complete-saga,0.000,5,false
kick,week,world-of-warships:-legends,0.000,8,false
kick,week,black-mesa,0.000,15,false
kick,week,age-of-empires-iii:-definitive-edition,0.000,17,false
kick,week,bills-must-be-paid,0.000,22,false
kick,week,nintendo-switch,0.000,13,false
kick,week,hello-neighbor-2,0.000,9,false
kick,week,mongil-star-dive,0.000,10,false
kick,week,hytale,0.000,44,false
kick,week,enlisted,0.000,33,false
kick,week,super-mario-galaxy,0.000,12,false
kick,week,dead-space-3,0.000,12,false
kick,week,elite-dangerous-odyssey,0.000,12,false
kick,week,final-fantasy-VIII,0.000,6,false
kick,week,the-king-of-fighters-98,0.000,8,false
kick,week,atomic-heart,0.000,17,false
kick,week,children-of-morta,0.000,6,false
kick,week,resident-evil-code-veronica,0.000,16,false
kick,week,sin-reloaded,0.000,8,false
kick,week,resident-evil-2-1998,0.000,21,false
kick,week,five-nights-at-freddy's-2,0.000,34,false
kick,week,gravebound,0.000,10,false
kick,week,gothic,0.000,5,false
kick,week,lockdown-protocol,0.000,26,false
kick,week,sonic-rumble,0.000,8,false
kick,week,gears-of-war-2,0.000,19,false
kick,week,dragon-ball-gekishin-squadra,0.000,43,false
kick,week,call-of-duty-1,0.000,13,false
kick,week,the-evil-within-2,0.000,13,false
kick,week,valorant-mobile,0.000,54,false
kick,week,star-wars-the-old-republic,0.000,21,false
kick,week,moonlighter,0.000,8,false
kick,week,rogue-company,0.000,12,false
kick,week,contractville,0.000,18,false
kick,week,garfield-escape-from-monday,0.000,11,false
kick,week,Super-Mario-World,0.000,29,false
kick,week,manhunt,0.000,8,false
kick,week,rakion,0.000,7,false
kick,week,pokemmo,0.000,32,false
kick,week,ben-bildim,0.000,8,false
kick,week,five-nights-at-freddy's,0.000,51,false
kick,week,need-for-speed-heat,0.000,69,false
kick,week,zort,0.000,12,false
kick,week,end-of-abyss,0.000,23,false
kick,week,need-for-speed:-underground,0.000,16,false
kick,week,racing-master,0.000,13,false
kick,week,gray-zone-warfare,0.000,47,false
kick,week,radiolight,0.000,5,false
kick,week,vintage-story,0.000,14,false
kick,week,doki-doki-literature-club,0.000,17,false
kick,week,balatro,0.000,36,false
kick,week,ultima-online,0.000,7,false
kick,week,persona-4-golden,0.000,12,false
kick,week,ball-x-pit,0.000,13,false
kick,week,armored-core-vi-fires-of-rubicon,0.000,6,false
kick,week,retro-rewind-video-store-simulator,0.000,19,false
kick,week,nine-ball-roulette,0.000,5,false
kick,week,dmc:devil-may-cry,0.000,13,false
kick,week,cards-everywhere,0.000,5,false
kick,week,dinoblade,0.000,9,false
kick,week,starcraft-remastered,0.000,16,false
kick,week,puzzle-boys,0.000,6,false
kick,week,spyro-reignited-trilogy,0.000,10,false
kick,week,super-smash-bros.-melee,0.000,12,false
kick,week,bunny-guys,0.000,9,false
kick,week,marvel-tokon-fighting-souls,0.000,24,false
kick,week,scam-line,0.000,14,false
kick,week,age-of-mythology-retold,0.000,12,false
kick,week,growtopia,0.000,6,false
kick,week,rise-of-the-tomb-raider,0.000,38,false
kick,week,back-4-blood,0.000,17,false
kick,week,metaphor-refantazio,0.000,13,false
kick,week,delta-force-black-hawk-down,0.000,8,false
kick,week,The-Dark-Pictures-Anthology:-The-Devil-in-Me,0.000,9,false
kick,week,girls-frontline-2-exilium,0.000,9,false
kick,week,metal-gear-solid-peace-walker,0.000,13,false
kick,week,gears-of-war-3,0.000,25,false
kick,week,devil-may-cry-5,0.000,19,false
kick,week,the-you-quiz,0.000,5,false
kick,week,mario-kart-tour,0.000,6,false
kick,week,music-racer,0.000,12,false
kick,week,final-fantasy-x,0.000,16,false
kick,week,carx-drift-racing-online,0.000,14,false
kick,week,path-of-titans,0.000,15,false
kick,week,new-suoer-mario-bros-u,0.000,7,false
kick,week,halo-2,0.000,14,false
kick,week,splatoon-raiders,0.000,10,false
kick,week,just-dance-2026-edition,0.000,14,false
kick,week,the-classrooms,0.000,8,false
kick,week,onestate,0.000,23,false
kick,week,subnautica-2,0.000,30,false
kick,week,paranormal-investigators,0.000,7,false
kick,week,fears-to-fathom-carson-house,0.000,13,false
kick,week,starrupture,0.000,7,false
kick,week,dead-by-daylight-mobile,0.000,10,false
kick,week,kovaaks-aim-trainer,0.000,10,false
kick,week,mario-kart-8,0.000,11,false
kick,week,far-far-west,0.000,12,false
kick,week,slither-io,0.000,10,false
kick,week,half-life-2,0.000,31,false
kick,week,lords-of-the-fallen-2014,0.000,7,false
kick,week,soulmask,0.000,9,false
kick,week,moviestarplanet,0.000,14,false
kick,week,mortal-kombat:-shaolin-monks,0.000,9,false
kick,week,final-fantasy-xii-the-zodiac-age,0.000,5,false
kick,week,marvel's-guardians-of-the-galaxy,0.000,14,false
kick,week,rhapsody-a-musical-adventure,0.000,16,false
kick,week,mewgenics,0.000,19,false
kick,week,heroes-of-might-and-magic-iii:-horn-of-the-abyss,0.000,8,false
kick,week,sackboy-a-big-adventure,0.000,12,false
kick,week,"Warhammer-40,000:-Darktide",0.000,55,false
kick,week,gangstar-mirage-city,0.000,49,false
kick,week,crusader-kings-iii,0.000,13,false
kick,week,castlevania,0.000,20,false
kick,week,anomaly-company,0.000,5,false
kick,week,luto,0.000,10,false
kick,week,pokemon-scarlet-violet,0.000,11,false
kick,week,construction-simulator,0.000,23,false
kick,week,star_stable,0.000,5,false
kick,week,fallout-3,0.000,9,false
kick,week,the-cabin-factory,0.000,9,false
kick,week,lawn-mowing-simulator,0.000,12,false
kick,week,bioshock,0.000,22,false
kick,week,fatal-frame-ii-crimson-butterfly-remake,0.000,6,false
kick,week,assassin's-creed,0.000,15,false
kick,week,car-mechanic-simulator-2026,0.000,10,false
kick,week,x4-foundations,0.000,12,false
kick,week,pokemon-ultra-sun,0.000,8,false
kick,week,pokemon-violet,0.000,7,false
kick,week,super-mario-bros-wonder,0.000,9,false
kick,week,quake-1,0.000,8,false
kick,week,the-precinct,0.000,10,false
kick,week,silent-hill-4-the-room,0.000,8,false
kick,week,final-fantasy-xv,0.000,9,false
kick,week,naruto-x-boruto-ultimate-ninja-storm-connections,0.000,10,false
kick,week,aau,0.000,8,false
kick,week,outlast-whistleblower,0.000,14,false
kick,week,gone-fishing--1,0.000,9,false
kick,week,bully:-scholarship-edition,0.000,32,false
kick,week,scp-descent,0.000,5,false
kick,week,cinema-simulator-2025,0.000,9,false
kick,week,bully,0.000,13,false
kick,week,ghost-watchers,0.000,11,false
kick,week,hitman-2-silent-assassin,0.000,7,false
kick,week,sd-gundam-g-generation-eternal,0.000,7,false
kick,week,dead-rising-3,0.000,7,false
kick,week,arma-3,0.000,39,false
kick,week,bus-simulator-27,0.000,15,false
kick,week,poppy-playtime-chapter-5-broken-things,0.000,18,false
kick,week,dungeons-&-dragons-online,0.000,8,false
kick,week,assassin's-creed-syndicate,0.000,14,false
kick,week,tv-archive-tidy-up-together,0.000,8,false
kick,week,thats-not-my-neighbor,0.000,6,false
kick,week,wolfenstein:-the-new-order,0.000,12,false
kick,week,car-mechanic-simulator-2021,0.000,17,false
kick,week,max-payne-3,0.000,15,false
kick,week,forest-escape-last-train,0.000,7,false
kick,week,pro-evolution-soccer-2017,0.000,14,false
kick,week,returnal,0.000,8,false
kick,week,call-of-duty-2,0.000,16,false
kick,week,mafia-II,0.000,11,false
kick,week,herror-gas-station-case,0.000,6,false
kick,week,3d-modeling,0.000,18,false
kick,week,Bendy-and-the-Dark-Revival,0.000,9,false
kick,week,poco-loco,0.000,8,false
kick,week,postal-2,0.000,6,false
kick,week,asphalt-9-legends,0.000,19,false
kick,week,worms-wmd,0.000,6,false
kick,week,grand-theft-auto-chinatown-wars,0.000,5,false
kick,week,kingdom-two-crowns,0.000,8,false
kick,week,assassin's-creed-brotherhood,0.000,14,false
kick,week,the-salma-world,0.000,7,false
kick,week,online-soccer-manager,0.000,5,false
kick,week,a-quiet-place-the-road-ahead,0.000,13,false
kick,week,ben-10-protector-of-earth,0.000,5,false
kick,week,vacation-cafe-simulator,0.000,5,false
kick,week,my-voice-zoo,0.000,8,false
kick,week,avatar-legends-the-fighting-game,0.000,7,false
kick,week,call-of-duty-warzone-mobile,0.000,48,false
kick,week,fatal-fury-city-of-the-wolves,0.000,17,false
kick,week,riders-republic,0.000,8,false
kick,week,viewfinder,0.000,9,false
kick,week,the-binding-of-isaac:rebirth,0.000,25,false
kick,week,ares-the-iron-vanguard-1,0.000,9,false
kick,week,company-of-heroes-2,0.000,6,false
kick,week,dead-space-2,0.000,11,false
kick,week,biped,0.000,7,false
kick,week,writing,0.000,15,false
kick,week,pokemon-platinum,0.000,18,false
kick,week,call-of-duty-ghosts,0.000,10,false
kick,week,silent-still-ii,0.000,6,false
kick,week,warhammer-40-000-dawn-of-war-ii,0.000,5,false
kick,week,maid-of-sker,0.000,7,false
kick,week,whatsamusic,0.000,6,false
kick,week,pro-evolution-soccer-2012,0.000,10,false
kick,week,max-payne,0.000,10,false
kick,week,stick-it-to-the-stickman,0.000,10,false
kick,week,at-dead-of-night,0.000,11,false
kick,week,sleeping-dogs-definitive-edition,0.000,18,false
kick,week,Mario-Kart-8-Deluxe,0.000,25,false
kick,week,dragon-ball-xenoverse-2,0.000,18,false
kick,week,the-invincible,0.000,5,false
kick,week,call-of-duty:-wwii,0.000,29,false
kick,week,limbus-company,0.000,18,false
kick,week,the-stanley-parable,0.000,7,false
kick,week,Star-Wars-Battlefront-II,0.000,30,false
kick,week,wo-long-fallen-dynasty,0.000,22,false
kick,week,hellblade-senuas-sacrifice,0.000,14,false
kick,week,hotline-miami,0.000,13,false
kick,week,rf-online,0.000,10,false
kick,week,victoria-3,0.000,7,false
kick,week,the-dark-pictures-anthology:-man-of-medan,0.000,9,false
kick,week,tcg-multiplayer-card-shop-simulator,0.000,8,false
kick,week,celeste,0.000,22,false
kick,week,pokemon-anil,0.000,21,false
kick,week,abiotic-factor,0.000,13,false
kick,week,star-wars-outlaws,0.000,21,false
kick,week,doginal-dogs-legends,0.000,7,false
kick,week,half_sword,0.000,21,false
kick,week,dispatch--3,0.000,24,false
kick,week,kingdom-hearts-iii,0.000,11,false
kick,week,five-nights-at-freddys-secret-of-the-mimic,0.000,8,false
kick,week,relic-arena,0.000,6,false
kick,week,blair-witch,0.000,17,false
kick,week,skull-hotel,0.000,10,false
kick,week,contraband-police,0.000,16,false
kick,week,fifa-16,0.000,11,false
kick,week,conquerors-blade,0.000,23,false
kick,week,assetto-corsa-rally,0.000,13,false
kick,week,no-more-room-in-hell,0.000,7,false
kick,week,coin-pusher-casino,0.000,11,false
kick,week,payday-2,0.000,44,false
kick,week,wreckfest-2,0.000,6,false
kick,week,catan-universe,0.000,10,false
kick,week,card-shop-simulator-multiplayer,0.000,11,false
kick,week,gym-simulator,0.000,5,false
kick,week,destiny,0.000,14,false
kick,week,portal,0.000,17,false
kick,week,scp:-secret-laboratory,0.000,18,false
kick,week,still-wakes-the-deep,0.000,11,false
kick,week,librarian-tidy-up-the-arcane-library,0.000,15,false
kick,week,battlefield-hardline,0.000,8,false
kick,week,multi-theft-auto,0.000,18,false
kick,week,efootball-2022,0.000,8,false
kick,week,dead-frontier-2,0.000,10,false
kick,week,darkwood,0.000,9,false
kick,week,Diablo-Immortal,0.000,21,false
kick,week,dragonsword-awakening,0.000,13,false
kick,week,super-mario-galaxy-2--1,0.000,10,false
kick,week,tiny-tina's-wonderlands,0.000,8,false
kick,week,gears-of-war-reloaded,0.000,38,false
kick,week,f1-2016,0.000,5,false
kick,week,aliens:-fireteam-elite,0.000,7,false
kick,week,borderlands-3,0.000,23,false
kick,week,mortal-kombat-x,0.000,16,false
kick,week,crimson-moon,0.000,7,false
kick,week,resident-evil-revelations,0.000,13,false
kick,week,the-witcher:-enhanced-edition,0.000,20,false
kick,week,warcraft-III:-reign-of-chaos,0.000,18,false
kick,week,wuchang-fallen-feathers,0.000,16,false
kick,week,unturned,0.000,13,false
kick,week,fifa-23,0.000,21,false
kick,week,yarg,0.000,5,false
kick,week,super-mario-party-jamboree,0.000,9,false
kick,week,voices-of-the-void,0.000,12,false
kick,week,alan-wake-remastered,0.000,12,false
kick,week,zula,0.000,32,false
kick,week,darts,0.000,15,false
kick,week,hushed,0.000,9,false
kick,week,miniatures,0.000,13,false
kick,week,trails-in-the-sky-1st-chapter,0.000,13,false
kick,week,fears-to-fathom-home-alone,0.000,17,false
kick,week,dota,0.000,14,false
kick,week,fps-chess,0.000,9,false
kick,week,darksiders-warmastered-edition,0.000,9,false
kick,week,the-joy-of-creation,0.000,10,false
kick,week,mouse-pi-for-hire,0.000,13,false
kick,week,together-after-dark,0.000,6,false
kick,week,pop'n-music-lively,0.000,10,false
kick,week,fallout,0.000,6,false
kick,week,crash-team-racing-nitro-fueled,0.000,14,false
kick,week,limbo,0.000,15,false
kick,week,sudoku,0.000,5,false
kick,week,dirt-rally-2.0,0.000,14,false
kick,week,mortal-kombat-9,0.000,5,false
kick,week,batman:-the-telltale-series,0.000,13,false
kick,week,sunkenland,0.000,6,false
kick,week,south-park:-the-stick-of-truth,0.000,23,false
kick,week,drakensang-online,0.000,7,false
kick,week,resident-evil-revelations-2,0.000,11,false
kick,week,assassin's-creed-unity,0.000,18,false
kick,week,dont-drop-the-cake,0.000,8,false
kick,week,hero-siege,0.000,6,false
kick,week,brazilian-drug-dealer-3-i-opened-a-portal-to-hell-in-the-favela-trying-to-revive-mit-aia-i-need-to-close-it,0.000,9,false
kick,week,battlefield-4,0.000,31,false
kick,week,body-art,0.000,7,false
kick,week,lost-in-random,0.000,5,false
kick,week,x-men-origins:-wolverine,0.000,14,false
kick,week,"papers,-please",0.000,20,false
kick,week,code-vein,0.000,7,false
kick,week,luigi's-mansion-3,0.000,8,false
kick,week,ultimate-guess-game,0.000,6,false
kick,week,forza-motorsport-2023,0.000,13,false
kick,week,destiny-rising,0.000,6,false
kick,week,elite-dangerous,0.000,10,false
kick,week,trees-hate-you,0.000,6,false
kick,week,crash-bash,0.000,7,false
kick,week,flyff-universe,0.000,11,false
kick,week,foxhole,0.000,5,false
kick,week,echoes-of-the-end,0.000,6,false
kick,week,evil-west,0.000,12,false
kick,week,holdfast-nations-at-war,0.000,13,false
kick,week,crab-champions,0.000,7,false
kick,week,psalm-5:9-13,0.000,5,false
kick,week,storebound-1,0.000,6,false
kick,week,resident-evil-directors-cut,0.000,13,false
kick,week,granny:-chapter-two,0.000,5,false
kick,week,goals,0.000,26,false
kick,week,age-of-empires:-definitive-edition,0.000,8,false
kick,week,sid-meiers-civilization-vii,0.000,9,false
kick,week,astroneer,0.000,20,false
kick,week,choo-choo-charles,0.000,16,false
kick,week,dark-deception,0.000,10,false
kick,week,kiosk,0.000,10,false
kick,week,wanderburg,0.000,10,false
kick,week,60-seconds-!,0.000,7,false
kick,week,dredge,0.000,10,false
kick,week,dragon-ball-xenoverse,0.000,5,false
kick,week,assetto-corsa-evo,0.000,8,false
kick,week,metalstorm,0.000,7,false
kick,week,dragon-ball-fighterz,0.000,8,false
kick,week,eternal-return,0.000,9,false
kick,week,star-trek-online,0.000,16,false
kick,week,old-market-simulator,0.000,6,false
kick,week,yakuza-0,0.000,8,false
kick,week,outbound,0.000,5,false
kick,week,Trackmania,0.000,18,false
kick,week,kukoro:-stream-chat-games,0.000,8,false
kick,week,ender-lilies-quietus-of-the-knights,0.000,6,false
kick,week,call-of-duty-zombies,0.000,11,false
kick,week,sky-children-of-the-light,0.000,10,false
kick,week,dragon-ball-z-sagas,0.000,6,false
kick,week,vlogger-go-viral,0.000,16,false
kick,week,house-flipper-2,0.000,18,false
kick,week,punishing:-gray-raven,0.000,10,false
kick,week,grand-theft-autoIV:-ballad-of-gay-tonu,0.000,11,false
kick,week,nioh-3,0.000,13,false
kick,week,danganronpa-trilogy,0.000,8,false
kick,week,need-for-speed:-hot-pursuit-remastered,0.000,5,false
kick,week,identity-v,0.000,12,false
kick,week,monopoly-plus,0.000,7,false
kick,week,game-of-thrones-kingsroad,0.000,10,false
kick,week,hello-neighbor,0.000,18,false
kick,week,The-Sims,0.000,6,false
kick,week,straftat,0.000,7,false
kick,week,layers-of-fear,0.000,7,false
kick,week,nine-sols,0.000,14,false
kick,week,starfield,0.000,17,false
kick,week,we-were-here-together,0.000,15,false
kick,week,crime-simulator,0.000,17,false
kick,week,paralives,0.000,6,false
kick,week,fnaf-world--1,0.000,13,false
kick,week,spider-man-2,0.000,18,false
kick,week,one-piece-bounty-rush,0.000,10,false
kick,week,call-of-duty:-black-ops-4,0.000,9,false
kick,week,the-other-side,0.000,17,false
kick,week,poppy-playtime-chapter-2-fly-in-a-web,0.000,14,false
kick,week,argentum-online,0.000,13,false
kick,week,Burger_Shift_Team_Rush_Prologue,0.000,9,false
kick,week,x-plane-12,0.000,6,false
kick,week,cricket-through-the-ages,0.000,6,false
kick,week,dragon-quest-i-and-ii-hd-2d-remake,0.000,7,false
kick,week,restore-your-island,0.000,7,false
kick,week,pokemon-sword-shield,0.000,7,false
kick,week,urban-terror,0.000,14,false
kick,week,doom-eternal,0.000,22,false
kick,week,sand-raiders-of-sophie,0.000,12,false
kick,week,Metal-Gear-Solid-3:-Snake-Eater,0.000,9,false
kick,week,rest-area-simulator,0.000,6,false
kick,week,ea-sports-college-football-26,0.000,11,false
kick,week,warface,0.000,16,false
kick,week,welcome-to-elderfield,0.000,18,false
kick,week,happys-humble-burger-farm,0.000,12,false
kick,week,darksiders-ii,0.000,9,false
kick,week,the-binding-of-osaac:-afterbirth,0.000,6,false
kick,week,borderlands,0.000,11,false
kick,week,vampyr,0.000,9,false
kick,week,pokemon-lets-go-pikachu,0.000,6,false
kick,week,frostpunk,0.000,10,false
kick,week,maneater,0.000,6,false
kick,week,shin-megami-tensei-v-vengeance,0.000,8,false
kick,week,60-seconds-reatomized,0.000,22,false
kick,week,overcooked-all-you-can-eat,0.000,8,false
kick,week,emissary-zero,0.000,7,false
kick,week,archeage,0.000,8,false
kick,week,mx-bikes,0.000,25,false
kick,week,banishers-ghosts-of-new-eden,0.000,9,false
kick,week,lego-fortnite,0.000,21,false
kick,week,bloodstained-ritual-of-the-night,0.000,5,false
kick,week,persona-3,0.000,5,false
kick,week,marvel-contest-of-champions,0.000,10,false
kick,week,john-carpenters-toxic-commando,0.000,11,false
kick,week,sifu,0.000,18,false
kick,week,deadzone-rogue,0.000,7,false
kick,week,weed-supermarket-simulator,0.000,8,false
kick,week,kingdom-hearts-iii:-remind,0.000,7,false
kick,week,timberborn,0.000,12,false
kick,week,final-fantasy-vi,0.000,9,false
kick,week,neighbours-back-from-hell,0.000,5,false
kick,week,poppy-playtime-chapter-3-deep-sleep,0.000,13,false
kick,week,south-park:-the-fractured-but-whole,0.000,13,false
kick,week,honeycomb-the-world-beyond,0.000,6,false
kick,week,Metal-Gear-Rising:-Revengeance,0.000,8,false
kick,week,the-legend-of-zelda,0.000,6,false
kick,week,look-outside,0.000,9,false
kick,week,pokemon-friends,0.000,9,false
kick,week,kenshi,0.000,10,false
kick,week,yakuza-kiwami-3-and-dark-ties,0.000,6,false
kick,week,oxide-survival-island,0.000,19,false
kick,week,delta-force-hawk-ops,0.000,6,false
kick,week,captured,0.000,8,false
kick,week,Doki-Doki-Literature-Club-Plus!,0.000,5,false
kick,week,billar-3d-pool,0.000,7,false
kick,week,resident-evil-resistance,0.000,12,false
kick,week,Diablo-II,0.000,13,false
kick,week,tomb-raider-i-star-ii-star-iii-remastered,0.000,11,false
kick,week,castlevania-symphony-of-the-night,0.000,11,false
kick,week,one-armed-robber,0.000,25,false
kick,week,anvil-empires,0.000,5,false
kick,week,pro-evolution-soccer-2013,0.000,20,false
kick,week,pax-dei,0.000,5,false
kick,week,tales-of-arise,0.000,5,false
kick,week,metal-gear-solid-delta-snake-eater,0.000,12,false
kick,week,hitman:-absolution,0.000,11,false
kick,week,final-fantasy-ix,0.000,5,false
kick,week,amnesia:-the-bunker,0.000,17,false
kick,week,world-of-tanks-console,0.000,6,false
kick,week,saints-row-2,0.000,8,false
kick,week,like-a-dragon-infinite-wealth,0.000,5,false
kick,week,mechabellum,0.000,11,false
kick,week,stick-fight:-the-game,0.000,16,false
kick,week,car-mechanic-simulator-2018,0.000,8,false
kick,week,Demon's-Souls,0.000,7,false
kick,week,mario-party,0.000,6,false
kick,week,new-world,0.000,6,false
kick,week,dead-island,0.000,11,false
kick,week,computer-repair-shop,0.000,5,false
kick,week,Leaf it Alone,0.000,8,false
kick,week,need-for-speed:-carbon,0.000,13,false
kick,week,captain-tsubasa:-dream-team,0.000,7,false
kick,week,obscure,0.000,9,false
kick,week,blackwood,0.000,22,false
kick,week,batman:-arkham-origins,0.000,18,false
kick,week,internet-cafe-simulator-2,0.000,7,false
kick,week,quantum-break,0.000,9,false
kick,week,september-7th,0.000,10,false
kick,week,tower-unite,0.000,5,false
kick,week,nfl-pro-era,0.000,6,false
kick,week,s.t.a.l.k.e.r.-g.a.m.m.a.,0.000,5,false
kick,week,rainbow-six-mobile,0.000,10,false
kick,week,tainted-grail-the-fall-of-avalon,0.000,5,false
kick,week,wizard101,0.000,11,false
kick,week,puck,0.000,7,false
kick,week,arknights,0.000,11,false
kick,week,esports-manager-2026,0.000,9,false
kick,week,the-walking-dead-season-two,0.000,6,false
kick,week,fear-and-hunger,0.000,5,false
kick,week,doom-ii:-hell-on-earth,0.000,7,false
kick,week,halo-2-anniversary,0.000,10,false
kick,week,dream-eaters-dot-exe,0.000,8,false
kick,week,devil-may-cry-2,0.000,5,false
kick,week,doom-3,0.000,8,false
kick,week,warhammer:-vermintide-2,0.000,11,false
kick,week,fears-to-fathom-norwood-hitchike,0.000,5,false
kick,week,high-on-life,0.000,12,false
kick,week,fifa-mobile,0.000,17,false
kick,week,rise-of-kingdoms,0.000,9,false
kick,week,car-service-together,0.000,8,false
kick,week,powerwash-simulator,0.000,8,false
kick,week,scorn,0.000,13,false
kick,week,SMITE,0.000,19,false
kick,week,contractors-showdown,0.000,6,false
kick,week,the-legend-of-zelda:-a-link-to-the-past,0.000,10,false
kick,week,dead-cells,0.000,18,false
kick,week,disco-elysium,0.000,11,false
kick,week,sonic-racing-crossworlds,0.000,16,false
kick,week,blasphemous-ii,0.000,10,false
kick,week,devil-may-cry,0.000,8,false
kick,week,unmourned,0.000,6,false
kick,week,star-trek-fleet-command,0.000,7,false
kick,week,just-another-night-shift,0.000,8,false
kick,week,the-wolf-among-us,0.000,8,false
kick,week,aliens-fireteam-elite-2,0.000,16,false
kick,week,duskfade,0.000,8,false
kick,week,the-floor-above,0.000,5,false
kick,week,warhammer-40000-rogue-trader,0.000,5,false
kick,week,transport-fever-2,0.000,8,false
kick,week,fate-grand-order,0.000,11,false
kick,week,truck-simulator-ultimate,0.000,5,false
kick,week,final-fantasy-XIII,0.000,9,false
kick,week,gears-or-war,0.000,13,false
kick,week,dragon-age:-inquisition,0.000,8,false
kick,week,god-of-war: - chains-of-olympus,0.000,12,false
kick,week,the-binding-of-isaac,0.000,17,false
kick,week,divinity:-original-sin-ii,0.000,7,false
kick,week,pokemon-heartgold,0.000,10,false
kick,week,metal-gear-solid,0.000,11,false
kick,week,wwe-2k25,0.000,9,false
kick,week,train-simulator,0.000,6,false
kick,week,we-were-here-forever,0.000,9,false
kick,week,echoes-in-darkness,0.000,10,false
kick,week,five-nights-at-freddys-1993,0.000,12,false
kick,week,the-callisto-protocol,0.000,14,false
kick,week,berry-bury-berry,0.000,6,false
kick,week,mecha-break,0.000,10,false
kick,week,pokemon-ultra-moon,0.000,5,false
kick,week,animal-crossing-new-horizons,0.000,7,false
kick,week,the-elder-scrolls-III:-morrowind,0.000,8,false
kick,week,abyssus,0.000,6,false
kick,week,the-walking-dead:-a-new-frontier,0.000,5,false
kick,week,tetris-effect-connected,0.000,9,false
kick,week,metal-slug,0.000,11,false
kick,week,voidtrain,0.000,5,false
kick,week,cheap-car-repair,0.000,10,false
kick,week,shape-of-dreams,0.000,16,false
kick,week,spider-man,0.000,12,false
kick,week,rocket-racing,0.000,10,false
kick,week,soma,0.000,11,false
kick,week,mech-arena-robot-showdown,0.000,12,false
kick,week,Diablo,0.000,8,false
kick,week,l-a-noire,0.000,10,false
kick,week,neverwinter,0.000,7,false
kick,week,slender:-the-arrival,0.000,7,false
kick,week,ea-sports-wrc,0.000,7,false
kick,week,mx-vs-atv-legends,0.000,5,false
kick,week,guitar-hero-3:-legends-of-rock,0.000,14,false
kick,week,spooky's-jump-scare-mansion,0.000,5,false
kick,week,stoneshard,0.000,5,false
kick,week,one-armed-cook,0.000,20,false
kick,week,rain-world,0.000,7,false
kick,week,medieval-ii:-total-war,0.000,6,false
kick,week,war-robots-frontiers,0.000,7,false
kick,week,saints-row-2022,0.000,5,false
kick,week,flatout-2,0.000,8,false
kick,week,stray-gods-the-roleplaying-musical,0.000,6,false
kick,week,wartales,0.000,7,false
kick,week,overcooked,0.000,6,false
kick,week,planet-zoo,0.000,12,false
kick,week,wayfinder,0.000,8,false
kick,week,fields-of-mistria,0.000,7,false
kick,week,let-it-die,0.000,7,false
kick,week,enginefall,0.000,6,false
kick,week,crysis-remastered,0.000,7,false
kick,week,subway-surfers,0.000,33,false
kick,week,halo-combat-evolved-anniversary,0.000,8,false
kick,week,vigil,0.000,5,false
kick,week,volleyball-challenge,0.000,10,false
kick,week,farming-simulator-19,0.000,5,false
kick,week,police-simulator:patrol-officers,0.000,17,false
kick,week,tom-clancy's-splinter-cell:-blacklist,0.000,6,false
kick,week,insurgency:-sandstorm,0.000,13,false
kick,week,gym-nights,0.000,13,false
kick,week,xcom-2,0.000,10,false
kick,week,pokemon-x,0.000,8,false
kick,week,jurassic-world-evolution-3,0.000,8,false
kick,week,life-is-strange-2,0.000,7,false
kick,week,uncharted-the-lost-legacy,0.000,16,false
kick,week,pokemon-radical-red,0.000,7,false
kick,week,misery,0.000,14,false
kick,week,the-casting-of-frank-stone,0.000,5,false
kick,week,inside,0.000,14,false
kick,week,cronos-the-new-dawn,0.000,13,false
kick,week,metroid-dread,0.000,10,false
kick,week,yakuza:-like-a-dragon,0.000,7,false
kick,week,amnesia:-the-dark-descent,0.000,13,false
kick,week,storage-hunter-simulator,0.000,6,false
kick,week,sephiria,0.000,7,false
kick,week,nuclear-nightmare,0.000,7,false
kick,week,mechwarrior-online,0.000,5,false
kick,week,schedule-store-simulator,0.000,9,false
kick,week,pubg-ded-dot-net,0.000,20,false
kick,week,sid-meier's-civilization-v,0.000,5,false
kick,week,pokemon-legends-arceus,0.000,11,false
kick,week,rust-mobile,0.000,15,false
kick,week,discussion-over-dinner,0.000,9,false
kick,week,dragon-quest-xi-echoes-of-an-elusive-age,0.000,7,false
kick,week,war-robots,0.000,8,false
kick,week,wobbly-life,0.000,8,false
kick,week,crysis-3,0.000,5,false
kick,week,richard-burns-rally,0.000,10,false
kick,week,pokemon-omega-ruby,0.000,6,false
kick,week,bmx-streets,0.000,6,false
kick,week,uncanny-tales-the-watcher,0.000,6,false
kick,week,plants-vs.-zombies:-garden-warfare-2,0.000,15,false
kick,week,bleach-soul-resonance,0.000,5,false
kick,week,blur,0.000,12,false
kick,week,the-outer-worlds,0.000,5,false
kick,week,don't-scream,0.000,5,false
kick,week,rubinite,0.000,9,false
kick,week,far-cry-new-dawn,0.000,8,false
kick,week,working-hard-collection,0.000,5,false
kick,week,five-nights-at-freddy's-3,0.000,10,false
kick,week,infinity-nikki,0.000,9,false
kick,week,mega-man-x,0.000,10,false
kick,week,need-for-speed:-payback,0.000,9,false
kick,week,far-cry,0.000,10,false
kick,week,titan-quest-anniversary-edition,0.000,5,false
kick,week,the-italian-job,0.000,6,false
kick,week,thief-simulator,0.000,9,false
kick,week,naruto-shippuden: - ultimate-ninja-storm-4,0.000,9,false
kick,week,ultrakill,0.000,17,false
kick,week,super-mario-odyssey,0.000,14,false
kick,week,dinobones-tidy-up-the-museum,0.000,6,false
kick,week,slime-rancher-2,0.000,13,false
kick,week,deadpool,0.000,10,false
kick,week,the-dark-pictures-anthology:-house-of-ashes,0.000,8,false
kick,week,stonewards,0.000,7,false
kick,week,retrospace,0.000,10,false
kick,week,generation-zero,0.000,6,false
kick,week,minecraft-ben-10,0.000,5,false
kick,week,sea-of-stars,0.000,7,false
kick,week,photgraphy,0.000,6,false
kick,week,tetris-99,0.000,6,false
kick,week,minecraft-for-gear-vr,0.000,14,false
kick,week,devil-may-cry-hd-collection,0.000,7,false
kick,week,operator,0.000,9,false
kick,week,the-rpg,0.000,9,false
kick,week,nascar-racing-2003-season,0.000,5,false
kick,week,megastore-tidy-up-together,0.000,5,false
kick,week,fallout-shelter,0.000,6,false
kick,week,the-lightkeeper--3,0.000,5,false
kick,week,bronzebeards-tavern,0.000,7,false
kick,week,quake-champions,0.000,7,false
kick,week,final-fantasy,0.000,7,false
kick,week,call-of-duty-modern-warfare-remastered,0.000,10,false
kick,week,crossout,0.000,7,false
kick,week,tunic,0.000,5,false
kick,week,moonlighter-2-the-endless-vault,0.000,10,false
kick,week,halo:-combat-evolved,0.000,10,false
kick,week,assassin's-creed:-the-ezio-collection,0.000,10,false
kick,week,ddracenetwork,0.000,8,false
kick,week,the-godfather,0.000,9,false
kick,week,welcome-to-the-game,0.000,7,false
kick,week,guilty-gear:-strive,0.000,8,false
kick,week,metal-gear-solid-2:-sons-of-liberty,0.000,5,false
kick,week,way-of-the-hunter,0.000,6,false
kick,week,farever,0.000,8,false
kick,week,backroom-loop,0.000,9,false
kick,week,naruto-shippuden-ultimate-ninja-storm-generations,0.000,5,false
kick,week,forza-horizon-4,0.000,15,false
kick,week,play-things,0.000,7,false
kick,week,for-the-king,0.000,5,false
kick,week,surgeon-simulator-2,0.000,8,false
kick,week,fight-night-champion,0.000,11,false
kick,week,super-smash-bros.,0.000,7,false
kick,week,entropia-universe,0.000,5,false
kick,week,welcome-to-the-game-ii,0.000,17,false
kick,week,gamer-stop-simulator,0.000,11,false
kick,week,killing-floor-3,0.000,11,false
kick,week,tales-of-fear-episode-zero,0.000,6,false
kick,week,totally-accurate-battle-simulator,0.000,5,false
kick,week,call-of-duty-online,0.000,24,false
kick,week,rocket-league-sideswipe,0.000,15,false
kick,week,guitar,0.000,7,false
kick,week,granblue-fantasy:-relink,0.000,6,false
kick,week,dream-league-soccer-2023,0.000,17,false
kick,week,the-guild-1-remake-europa-1410,0.000,5,false
kick,week,total-war-rome-ii,0.000,6,false
kick,week,ravenswatch,0.000,8,false
kick,week,prototype-2,0.000,6,false
kick,week,directive-8020,0.000,8,false
kick,week,wolfenstein-ii:-the-new-colossus,0.000,6,false
kick,week,blue-prince,0.000,6,false
kick,week,kena-bridge-of-spirits,0.000,6,false
kick,week,the-legend-of-zelda:-skyward-sword,0.000,10,false
kick,week,the-karaoke,0.000,7,false
kick,week,halo-3-odst,0.000,6,false
kick,week,uncharted:-drakes-fortune,0.000,8,false
kick,week,stella-sora,0.000,5,false
kick,week,bigfoot,0.000,11,false
kick,week,heroes-of-might-and-magic-olden-era,0.000,7,false
kick,week,zula-global,0.000,7,false
kick,week,devil-may-cry-3:-dante's-awakening,0.000,5,false
kick,week,harry-potter-and-the-sorcerer's-stone-(2001),0.000,7,false
kick,week,crash-twinsanity,0.000,7,false
kick,week,road-96,0.000,6,false
kick,week,youtubers-life-3-stream-together,0.000,12,false
kick,week,the-lord-of-the-rings-war-in-the-north-legacy-edition,0.000,10,false
kick,week,carx-drift-racing-online-2,0.000,5,false
kick,week,good-pizza-great-pizza,0.000,5,false
kick,week,plants-vs-zombies-replanted,0.000,9,false
kick,week,motogp-26,0.000,6,false
kick,week,guild-wars,0.000,7,false
kick,week,bread-&-fred,0.000,5,false
kick,week,tom-clancys-ghost-recon-predator,0.000,5,false
kick,week,divinity:-original-sin,0.000,5,false
kick,week,ai2u-with-you-till-the-end,0.000,5,false
kick,week,steep,0.000,6,false
kick,week,prey,0.000,9,false
kick,week,speedrunners-2-king-of-speed,0.000,8,false
kick,week,final-fantasy-tactics-the-ivalice-chronicles,0.000,8,false
kick,week,moros-protocol,0.000,6,false
kick,week,muse-dash,0.000,8,false
kick,week,watcher-of-realms,0.000,7,false
kick,week,gym-manager,0.000,8,false
kick,week,ludo-online,0.000,19,false
kick,week,rakion-chaos-force,0.000,5,false
kick,week,a-game-about-digging-a-hole,0.000,8,false
kick,week,arcade,0.000,10,false
kick,week,final-fantasy-iii,0.000,6,false
kick,week,momentum-mod,0.000,6,false
kick,week,late-shift,0.000,5,false
kick,week,lunch-lady,0.000,8,false
kick,week,wolfenstein:-the-old-blood,0.000,5,false
kick,week,monster-hunter-generations-ultimate,0.000,5,false
kick,week,call-of-duty-infinite-warfare,0.000,6,false
kick,week,internet-cafe-simulator,0.000,6,false
kick,week,pokemon-scarlet,0.000,5,false
kick,week,lego-batman-the-video-game,0.000,7,false
kick,week,maximum-football,0.000,8,false
kick,week,demon-slayer-kimetsu-no-yaiba-the-hinokami-chronicles,0.000,7,false
kick,week,pacific-drive,0.000,7,false
kick,week,omori,0.000,5,false
kick,week,star-fox--5,0.000,10,false
kick,week,happy-game,0.000,6,false
kick,week,football-life-2025,0.000,6,false
kick,week,real-racing,0.000,5,false
kick,week,tyr,0.000,5,false
kick,week,super-metroid,0.000,5,false
kick,week,paper-mario,0.000,5,false
kick,week,mirrors-edge,0.000,5,false
kick,week,lort,0.000,5,false
kick,week,hitman-blood-money,0.000,10,false
kick,week,far-cry-3-blood-dragon,0.000,5,false
kick,week,gunboundm,0.000,7,false
kick,week,halo-4,0.000,6,false
kick,week,war-selection,0.000,5,false
kick,week,chatle,0.000,6,false
kick,week,mortal-kombat-legacy-kollection,0.000,6,false
kick,week,conker's-bad-fur-day,0.000,7,false
kick,week,pathogenic,0.000,5,false
kick,week,bioshock-2,0.000,9,false
kick,week,cure-a-hospital-simulator,0.000,6,false
kick,week,everwind,0.000,9,false
kick,week,dragon-age:-origins,0.000,5,false
kick,week,combat-arms-the-classic,0.000,5,false
kick,week,reverse-1999,0.000,5,false
kick,week,mortal-shell,0.000,6,false
kick,week,motor-town-behind-the-wheel,0.000,5,false
kick,week,sonic-x-shadow-generations,0.000,5,false
kick,week,system-shock,0.000,9,false
kick,week,the-test,0.000,12,false
kick,week,castle-crashers,0.000,6,false
kick,week,get-to-work,0.000,15,false
kick,week,metro-2033,0.000,5,false
kick,week,planet-coaster-2,0.000,8,false
kick,week,halo:-reach,0.000,8,false
kick,week,agefield-high-rock-the-school,0.000,7,false
kick,week,Marvel's-Midnight-Suns,0.000,5,false
kick,week,grand-theft-auto:-liberty-city-stories,0.000,8,false
kick,week,rise-of-the-ronin,0.000,5,false
kick,week,tanki-online,0.000,6,false
kick,week,train-sim-world-6,0.000,6,false
kick,week,captain-tsubasa-ii-world-fighters,0.000,5,false
kick,week,another-crabs-treasure,0.000,9,false
kick,week,pokemon-yellow,0.000,7,false
kick,week,wrestling-empire,0.000,5,false
kick,week,starship-troopers-extermination,0.000,5,false
kick,week,pumpkin-panic,0.000,5,false
kick,week,my-winter-car,0.000,7,false
kick,week,gartic-show,0.000,5,false
kick,week,crime-boss:-rockay-city,0.000,6,false
kick,week,rocksmith-2014,0.000,5,false
kick,week,call-of-duty:-advanced-warfare,0.000,9,false
kick,week,thunder-tier-one,0.000,5,false
kick,week,pokemon-crystal,0.000,5,false
kick,week,digimon-world-3,0.000,5,false
kick,week,we-happy-few,0.000,6,false
kick,week,another-eden,0.000,5,false
kick,week,SCP:-containment-breach-unity-edition,0.000,10,false
kick,week,halo-3,0.000,7,false
kick,week,pixark,0.000,5,false
kick,week,Dragon-ball:-xenoverse-2,0.000,5,false
kick,week,serious-sam-4,0.000,6,false
kick,week,kernel-hearts,0.000,5,false
kick,week,breathedge,0.000,5,false
kick,week,anno-117-pax-romana,0.000,5,false
kick,week,barony,0.000,6,false
kick,week,metroid-prime-4-beyond,0.000,6,false
kick,week,sector-13-haunted-woods,0.000,7,false
kick,week,spongebob-squarepants-battle-for-bikini-bottom-rehydrated,0.000,5,false
kick,week,prince-of-persia:-the-two-thrones,0.000,5,false
kick,week,castlevania:-lords-of-shadow,0.000,6,false
kick,week,the-convenience-store,0.000,6,false
kick,week,incursion-red-river,0.000,5,false
kick,week,content-king,0.000,6,false
kick,week,jojos-bizzare-adventure,0.000,5,false
kick,week,the-king-of-fighters-xv,0.000,6,false
kick,week,need-for-speed-world,0.000,6,false
kick,week,pba-pro-bowling-2026,0.000,5,false
kick,week,pilgrim,0.000,6,false
kick,week,spelunky-2,0.000,5,false
kick,week,spring-dogs-ultimate-multiplayer-battle-royale,0.000,6,false
kick,week,the-bonerooms,0.000,9,false
kick,week,legends-of-runeterra,0.000,8,false
kick,week,replaced,0.000,7,false
kick,week,Pokemon Shield,0.000,5,false
kick,week,streamer-simulator,0.000,5,false
kick,week,2xko,0.000,8,false
kick,week,f1-2020,0.000,7,false
kick,week,horror-globes,0.000,6,false
kick,week,wizardry-variants-daphne,0.000,5,false
kick,week,egging-on,0.000,6,false
kick,week,warhammer-40000-space-marine,0.000,5,false
kick,week,apb-reloaded,0.000,5,false
kick,week,pokemon-retro,0.000,5,false
kick,week,new-super-mario-bros-wii,0.000,8,false
kick,week,chill-town,0.000,10,false
kick,week,rhythm-game,0.000,6,false
kick,week,deceit-2,0.000,6,false
kick,week,marvel-future-fight,0.000,5,false
kick,week,wrc-generations,0.000,5,false
kick,week,ultimate-chicken-horse,0.000,6,false
kick,week,firewatch,0.000,5,false
kick,week,street-fighter-iii-3rd-strike,0.000,6,false
kick,week,scavland,0.000,5,false
kick,week,far-cry-2,0.000,7,false
kick,week,hill-climb-racing,0.000,16,false
kick,week,nioh,0.000,8,false
kick,week,dino-crisis,0.000,6,false
kick,week,subnautica-below-zero,0.000,6,false
kick,week,zombie-army-4-dead-war,0.000,6,false
kick,week,s.t.a.l.k.e.r.:-shadow-of-chernobyl,0.000,7,false
kick,week,squid-game:-the-game,0.000,10,false
kick,week,cairn,0.000,5,false
kick,week,five-nights-at-freddys-into-the-pit,0.000,6,false
kick,week,master-gear-solid-master-collection:volume-1,0.000,5,false
kick,week,star-savior,0.000,5,false
kick,week,casualties-unknown,0.000,5,false
kick,week,crash-of-the-titans,0.000,6,false
kick,week,puzzles,0.000,5,false
kick,week,jujutsu-kaisen-cursed-clash,0.000,6,false
kick,week,hellmart,0.000,5,false
kick,week,escape-academy,0.000,5,false
kick,week,torchlight-ii,0.000,5,false
kick,week,supernatural--1,0.000,7,false
kick,week,mega-man,0.000,5,false
kick,week,dub-night-live,0.000,8,false
kick,week,saints-row-the-third,0.000,5,false
kick,week,zero-hour,0.000,7,false
kick,week,streamer-top,0.000,5,false
kick,week,goofy-gorillas,0.000,5,false
kick,week,dealers-life-2,0.000,6,false
kick,week,terroro,0.000,7,false
kick,week,neva,0.000,5,false
kick,week,super-mario-strikers,0.000,5,false
kick,week,mahjong-soul,0.000,6,false
kick,week,evolve-stage-2,0.000,7,false
kick,week,block-strike,0.000,6,false
kick,week,mini-royale,0.000,5,false
kick,week,breathedge-2-,0.000,5,false
kick,week,deus-ex:-mankind-divided,0.000,6,false
kick,week,ea-sports-fctm-mobile-24-soccer,0.000,6,false
kick,week,world-of-football,0.000,5,false
kick,week,monster-hunter-portable-3rd,0.000,6,false
kick,week,world-war-legion,0.000,6,false
kick,week,slendytubbies-iii,0.000,7,false
kick,week,avowed,0.000,5,false
kick,week,modern-warships,0.000,7,false
kick,week,oh-demon-fix-my-tv,0.000,5,false
kick,week,sonic-onleashed,0.000,5,false
kick,week,need-for-speed:-pro-street,0.000,5,false
kick,week,pubg-black-budget-1,0.000,5,false
kick,week,one-pice-card-game,0.000,5,false
kick,week,onechanbara-z-kagura,0.000,6,false
kick,week,helldivers,0.000,6,false
kick,week,inscryption,0.000,6,false
kick,week,the-outer-worlds-2,0.000,5,false
kick,week,electrician-simulator,0.000,6,false
kick,week,zelda-II:-the-adventure-of-link,0.000,5,false
kick,week,realm-of-the-mad-god,0.000,6,false
kick,week,luigi's-mansion,0.000,6,false
kick,week,the-legend-of-zelda-links-awakening-2019,0.000,5,false
kick,week,bus-simulator,0.000,5,false
kick,week,injustice-2,0.000,8,false
kick,week,delivery-and-beyond,0.000,6,false
kick,week,dirt-3,0.000,5,false
kick,week,octopath-traveler,0.000,6,false
kick,week,ssx,0.000,6,false
kick,week,five-nights-at-freddy's:-sister-location,0.000,6,false
kick,week,bus-simulator-ultimate,0.000,5,false
kick,week,assassin's-creed-revelations,0.000,5,false
kick,week,silent-hill:-homecoming,0.000,5,false
kick,week,pc-building-simulator-2,0.000,5,false
kick,week,lego-marvel-super-heroes,0.000,5,false
kick,week,goat-simulator-3,0.000,6,false
kick,week,bapbap,0.000,6,false
kick,week,project-i-dot-g-i-dot-im-going-in,0.000,6,false
kick,week,downhill-domination,0.000,5,false
kick,week,car-parking-multiplayer,0.000,15,false
kick,week,naruto-shippuden-ultimate-ninja-4,0.000,5,false
kick,week,age-of-empires-iii,0.000,6,false
kick,week,pubg-blindspot,0.000,5,false
kick,week,going-balls-online-game,0.000,6,false
kick,week,fireboy-and-watergirl-online,0.000,5,false
kick,week,super-animal-royale,0.000,5,false
kick,week,poly-plaza,0.000,5,false
kick,week,warzone-2100,0.000,5,false
kick,week,shadow-fight-3,0.000,5,false
kick,week,thief-simulator-2,0.000,5,false
kick,week,golden-sun,0.000,7,false
kick,week,drift-legends-2,0.000,5,false
kick,week,kingdom-hearts-ii,0.000,7,false
kick,week,driving-life,0.000,5,false
kick,week,an-untitled-story,0.000,6,false
kick,week,top-war-battle-game,0.000,6,false
kick,week,(other: 3673 categories with fewer than 5 channels),0.243,,false
kick,2026-09-26,just-chatting,18.736,17884,false
kick,2026-09-26,irl,17.319,2306,false
kick,2026-09-26,grand-theft-auto-v,13.981,6478,false
kick,2026-09-26,minecraft,8.923,3054,false
kick,2026-09-26,slots,6.218,2533,true
kick,2026-09-26,ea-sports-fc-27,3.757,2057,false
kick,2026-09-26,counter-strike-2,2.583,4053,false
kick,2026-09-26,valorant,2.262,4224,false
kick,2026-09-26,league-of-legends,2.220,3482,false
kick,2026-09-26,pubg-mobile,1.847,822,false
kick,2026-09-26,fortnite,1.143,2820,false
kick,2026-09-26,dota-2,1.126,1479,false
kick,2026-09-26,wardogs,0.978,1465,false
kick,2026-09-26,f1-25,0.776,86,false
kick,2026-09-26,chat-roulette,0.751,429,false
kick,2026-09-26,world-of-warcraft-forever,0.751,501,false
kick,2026-09-26,music-stations,0.674,699,false
kick,2026-09-26,Garena-Free-Fire,0.639,838,false
kick,2026-09-26,Roblox,0.635,1735,false
kick,2026-09-26,just-sleeping,0.612,152,false
kick,2026-09-26,rust,0.547,410,false
kick,2026-09-26,red-dead-redemption-ii,0.546,364,false
kick,2026-09-26,nba-2k27,0.512,442,false
kick,2026-09-26,pools-hot-tubs-bikinis,0.481,238,false
kick,2026-09-26,special-events,0.348,46,false
kick,2026-09-26,the-blood-of-dawnwalker,0.318,117,false
kick,2026-09-26,ea-sports-fc-26,0.317,400,false
kick,2026-09-26,Tibia,0.300,312,false
kick,2026-09-26,pubg-battlegrounds,0.287,1025,false
kick,2026-09-26,teamfight-tactics,0.286,267,false
kick,2026-09-26,the-isle,0.261,108,false
kick,2026-09-26,reaction,0.253,76,false
kick,2026-09-26,old-school-runescape,0.249,332,false
kick,2026-09-26,efootball,0.238,383,false
kick,2026-09-26,call-of-duty-warzone,0.228,1463,false
kick,2026-09-26,silent-hill-townfall,0.197,427,false
kick,2026-09-26,rocket-league,0.188,1045,false
kick,2026-09-26,lineage-ii,0.177,407,false
kick,2026-09-26,mobile-legends: - bang-bang,0.176,271,false
kick,2026-09-26,battlegrounds-mobile-india,0.167,332,false
kick,2026-09-26,Valheim,0.162,420,false
kick,2026-09-26,games-+-demos,0.162,317,false
kick,2026-09-26,aniimo,0.158,520,false
kick,2026-09-26,poker,0.158,124,true
kick,2026-09-26,woman-simulator,0.154,47,false
kick,2026-09-26,sports,0.152,171,false
kick,2026-09-26,arc-raiders,0.148,593,false
kick,2026-09-26,crypto-and-trading,0.144,161,false
kick,2026-09-26,garena-free-fire-max,0.139,290,false
kick,2026-09-26,asmr,0.137,85,false
kick,2026-09-26,chess,0.112,97,false
kick,2026-09-26,ghost-of-tsushima,0.111,36,false
kick,2026-09-26,marvel-rivals,0.107,530,false
kick,2026-09-26,call-of-duty-black-ops-7,0.103,505,false
kick,2026-09-26,manor-lords,0.099,12,false
kick,2026-09-26,Mount-&-Blade-II:-Bannerlord,0.096,43,false
kick,2026-09-26,mimic-party,0.095,104,false
kick,2026-09-26,vrchat,0.095,113,false
kick,2026-09-26,grand-theft-auto-vi,0.089,211,false
kick,2026-09-26,animals-nature,0.085,67,false
kick,2026-09-26,dead-by-daylight,0.084,516,false
kick,2026-09-26,Tom-Clancy's-Rainbow-Six-Siege-x,0.082,380,false
kick,2026-09-26,control-resonant,0.080,257,false
kick,2026-09-26,world-of-warcraft,0.079,382,false
kick,2026-09-26,retro-games,0.079,195,false
kick,2026-09-26,shady-job,0.078,5,false
kick,2026-09-26,vtubers,0.077,250,false
kick,2026-09-26,diablo-iv,0.075,174,false
kick,2026-09-26,chained-together,0.072,31,false
kick,2026-09-26,halloween-the-game,0.071,153,false
kick,2026-09-26,black-desert-online,0.070,98,false
kick,2026-09-26,The-Last-of-Us,0.070,69,false
kick,2026-09-26,ddtank,0.070,5,false
kick,2026-09-26,party-animals,0.068,40,false
kick,2026-09-26,escape-from-tarkov,0.068,223,false
kick,2026-09-26,mu-online,0.065,67,false
kick,2026-09-26,apex-legends,0.060,717,false
kick,2026-09-26,pokemon-legends-z-a,0.054,11,false
kick,2026-09-26,Left-4-Dead-2,0.053,245,false
kick,2026-09-26,red-dead-rp,0.050,86,false
kick,2026-09-26,runescape-dragonwilds,0.048,176,false
kick,2026-09-26,call-of-duty:-mobile,0.048,249,false
kick,2026-09-26,dawson-oaks-trailer-park,0.047,36,false
kick,2026-09-26,pummel-party,0.047,42,false
kick,2026-09-26,total-war:-warhammer-iii,0.044,19,false
kick,2026-09-26,Ark:-Survival-Evolved,0.042,39,false
kick,2026-09-26,mir-4,0.042,29,false
kick,2026-09-26,blood-strike,0.042,269,false
kick,2026-09-26,delta-force,0.041,158,false
kick,2026-09-26,ranch-simulator,0.040,20,false
kick,2026-09-26,live-dj,0.039,280,false
kick,2026-09-26,podcasts,0.039,103,false
kick,2026-09-26,fall-guys,0.038,80,false
kick,2026-09-26,architect-land-of-exiles,0.038,26,false
kick,2026-09-26,grand-theft-auto-iv,0.037,30,false
kick,2026-09-26,codenames,0.037,31,false
kick,2026-09-26,Resident-Evil-4,0.037,51,false
kick,2026-09-26,crossfire,0.036,18,false
kick,2026-09-26,ark-survival-ascended,0.036,71,false
kick,2026-09-26,nba-2k26,0.036,40,false
kick,2026-09-26,madden-nfl-27,0.034,81,false
kick,2026-09-26,news,0.034,102,false
kick,2026-09-26,overwatch,0.033,443,false
kick,2026-09-26,words-on-stream,0.033,9,false
kick,2026-09-26,deadlock,0.032,97,false
kick,2026-09-26,deep-rock-galactic,0.032,10,false
kick,2026-09-26,halo-campaign-evolved,0.031,16,false
kick,2026-09-26,Genshin-Impact,0.028,178,false
kick,2026-09-26,business-tour,0.028,28,false
kick,2026-09-26,marvels-wolverine,0.027,177,false
kick,2026-09-26,god-of-war-ragnarok,0.027,49,false
kick,2026-09-26,onimusha-way-of-the-sword,0.026,124,false
kick,2026-09-26,resident-evil,0.026,21,false
kick,2026-09-26,arena-breakout-infinite,0.025,221,false
kick,2026-09-26,Resident-Evil-3:-Nemesis,0.025,11,false
kick,2026-09-26,science-technology,0.025,24,false
kick,2026-09-26,funnel-runners,0.025,13,false
kick,2026-09-26,8-ball-pool,0.025,11,false
kick,2026-09-26,palworld,0.024,140,false
kick,2026-09-26,silkroad-online,0.024,95,false
kick,2026-09-26,return-of-the-king,0.024,53,false
kick,2026-09-26,jawlah,0.024,32,false
kick,2026-09-26,Clash-Royale,0.024,81,false
kick,2026-09-26,doom-the-dark-ages,0.022,9,false
kick,2026-09-26,happy-wheels,0.022,14,false
kick,2026-09-26,machine-party,0.022,41,false
kick,2026-09-26,Albion-Online,0.022,72,false
kick,2026-09-26,resonance-a-plague-tale-legacy,0.022,39,false
kick,2026-09-26,escape-the-backrooms,0.021,57,false
kick,2026-09-26,gran-turismo-7,0.020,14,false
kick,2026-09-26,metin-2,0.020,112,false
kick,2026-09-26,Phasmophobia,0.020,133,false
kick,2026-09-26,graveyard-keeper-ii,0.020,87,false
kick,2026-09-26,cabal-online,0.020,46,false
kick,2026-09-26,DayZ,0.020,127,false
kick,2026-09-26,arkheron,0.019,16,false
kick,2026-09-26,remnant:from-the-ashes,0.019,6,false
kick,2026-09-26,how-to-fish,0.018,139,false
kick,2026-09-26,Grand-Theft-Auto:-San-Andreas,0.018,65,false
kick,2026-09-26,grand-theft-auto,0.018,12,false
kick,2026-09-26,elden-ring,0.017,166,false
kick,2026-09-26,rv-there-yet--1,0.016,76,false
kick,2026-09-26,Sea-of-Thieves,0.016,62,false
kick,2026-09-26,warcraft-iii-the-frozen-throne,0.015,35,false
kick,2026-09-26,among-us,0.015,152,false
kick,2026-09-26,madison,0.015,12,false
kick,2026-09-26,peak-1,0.015,177,false
kick,2026-09-26,forza-horizon-6,0.014,112,false
kick,2026-09-26,knight-online,0.014,87,false
kick,2026-09-26,hearts-of-iron-iv,0.014,9,false
kick,2026-09-26,once-human,0.014,153,false
kick,2026-09-26,euro-truck-simulator-2,0.014,205,false
kick,2026-09-26,live-music,0.014,169,false
kick,2026-09-26,chill-corner,0.013,18,false
kick,2026-09-26,tom-clancys-ghost-recon-breakpoint,0.013,20,false
kick,2026-09-26,eve-online,0.013,14,false
kick,2026-09-26,call-of-duty:-black-ops-II,0.013,39,false
kick,2026-09-26,where-winds-meet,0.013,41,false
kick,2026-09-26,nhl-27,0.013,15,false
kick,2026-09-26,Project-Zomboid,0.013,189,false
kick,2026-09-26,pratfall,0.012,9,false
kick,2026-09-26,z1-battle-royale,0.012,32,false
kick,2026-09-26,call-of-duty-warzone-2.0,0.012,206,false
kick,2026-09-26,fortnite-zero-build,0.012,174,false
kick,2026-09-26,age-of-empires-II:-definitive-edition,0.012,23,false
kick,2026-09-26,destiny-2,0.012,104,false
kick,2026-09-26,scritchy-scratchy,0.011,14,false
kick,2026-09-26,fears-to-fathom-scratch-creek,0.011,6,false
kick,2026-09-26,half-life,0.011,14,false
kick,2026-09-26,seven-days-to-die,0.011,79,false
kick,2026-09-26,rf-online-next,0.011,5,false
kick,2026-09-26,dying-light,0.011,40,false
kick,2026-09-26,music-production,0.011,172,false
kick,2026-09-26,path-of-exile-2,0.010,87,false
kick,2026-09-26,grand-theft-auto-san-andreas-the-definitive-edition,0.010,34,false
kick,2026-09-26,cooking,0.010,12,false
kick,2026-09-26,call-of-duty-modern-warfare-iii,0.010,62,false
kick,2026-09-26,tekken-8,0.010,45,false
kick,2026-09-26,farming-simulator-22,0.010,12,false
kick,2026-09-26,black-myth-wukong,0.010,46,false
kick,2026-09-26,marvels-spider-man-remastered,0.010,34,false
kick,2026-09-26,retro,0.010,58,false
kick,2026-09-26,active-matter,0.010,52,false
kick,2026-09-26,bombanana,0.010,34,false
kick,2026-09-26,resident-evil-4-remake,0.009,106,false
kick,2026-09-26,brawl-stars,0.009,73,false
kick,2026-09-26,mlb-the-show-26,0.009,44,false
kick,2026-09-26,gartic-phone,0.009,37,false
kick,2026-09-26,hogwarts-legacy,0.009,43,false
kick,2026-09-26,the-witcher-3:-wild-hunt,0.009,35,false
kick,2026-09-26,repo,0.009,188,false
kick,2026-09-26,stellar-blade,0.009,17,false
kick,2026-09-26,hunt:-showdown,0.008,106,false
kick,2026-09-26,kings-league,0.008,14,false
kick,2026-09-26,red-dead-redemption,0.008,21,false
kick,2026-09-26,find-the-needle,0.008,41,false
kick,2026-09-26,garry's-mod,0.008,19,false
kick,2026-09-26,helldivers-ii,0.008,111,false
kick,2026-09-26,resident-evil-requiem,0.008,91,false
kick,2026-09-26,super-battle-golf,0.008,14,false
kick,2026-09-26,haxball,0.008,52,false
kick,2026-09-26,indie-games,0.008,53,false
kick,2026-09-26,rehaunted,0.008,5,false
kick,2026-09-26,stumble-guys,0.008,39,false
kick,2026-09-26,the-choicer-voicer,0.008,5,false
kick,2026-09-26,tom-clancy's-the-division-2,0.008,81,false
kick,2026-09-26,software-development,0.007,43,false
kick,2026-09-26,call-of-duty:-black-ops-III,0.007,34,false
kick,2026-09-26,call-of-duty-black-ops-6,0.007,60,false
kick,2026-09-26,cyberpunk-2077,0.007,75,false
kick,2026-09-26,war-thunder,0.007,94,false
kick,2026-09-26,wormate-io,0.007,10,false
kick,2026-09-26,ghost-of-yotei,0.007,6,false
kick,2026-09-26,Resident-Evil-7:-Biohazard,0.007,54,false
kick,2026-09-26,tom-clancy's-ghost-recon-wildlands,0.007,46,false
kick,2026-09-26,dofus,0.007,23,false
kick,2026-09-26,jump-space,0.007,10,false
kick,2026-09-26,satisfactory,0.007,17,false
kick,2026-09-26,warframe,0.007,121,false
kick,2026-09-26,stardew-valley,0.007,53,false
kick,2026-09-26,battlefield-6,0.007,261,false
kick,2026-09-26,bodycam,0.007,77,false
kick,2026-09-26,crimson-desert,0.007,55,false
kick,2026-09-26,arma-reforger,0.006,33,false
kick,2026-09-26,granny-escape-together,0.006,6,false
kick,2026-09-26,tom-clancys-the-division-resurgence,0.006,6,false
kick,2026-09-26,battlefield-redsec,0.006,131,false
kick,2026-09-26,counter-strike:-1.6,0.006,49,false
kick,2026-09-26,golf-with-your-friends,0.006,43,false
kick,2026-09-26,goose-goose-duck,0.006,50,false
kick,2026-09-26,gunz:-the-duel,0.006,5,false
kick,2026-09-26,tcg-card-shop-simulator,0.006,31,false
kick,2026-09-26,efootball-pes-2021,0.006,31,false
kick,2026-09-26,death-stranding-2-on-the-beach,0.006,8,false
kick,2026-09-26,dragon-ball-sparking-zero,0.006,17,false
kick,2026-09-26,american-truck-simulator,0.006,95,false
kick,2026-09-26,monopoly-poker,0.006,14,false
kick,2026-09-26,ea-sports-ufc-5,0.006,6,false
kick,2026-09-26,windrose,0.006,15,false
kick,2026-09-26,until-dawn,0.006,13,false
kick,2026-09-26,rematch--1,0.005,79,false
kick,2026-09-26,Resident-Evil-3,0.005,20,false
kick,2026-09-26,dune-awakening,0.005,107,false
kick,2026-09-26,heartopia,0.005,10,false
kick,2026-09-26,geoguessr,0.005,55,false
kick,2026-09-26,pokemon-trading-card-game-online,0.005,7,false
kick,2026-09-26,iracing,0.005,78,false
kick,2026-09-26,horizon-forbidden-west,0.005,8,false
kick,2026-09-26,no-mans-sky,0.005,74,false
kick,2026-09-26,neverness-to-everness,0.005,40,false
kick,2026-09-26,call-of-duty-modern-warfare-4,0.005,97,false
kick,2026-09-26,fc-mobile,0.005,28,false
kick,2026-09-26,pokemon-emerald,0.005,9,false
kick,2026-09-26,final-fantasy-xiv,0.005,46,false
kick,2026-09-26,chrono-trigger,0.005,9,false
kick,2026-09-26,mini-words-top-movies,0.005,5,false
kick,2026-09-26,arena-breakout,0.005,38,false
kick,2026-09-26,farming-simulator-2025,0.005,75,false
kick,2026-09-26,the-last-of-us-part-ii-remastered,0.005,56,false
kick,2026-09-26,The-Sims-4,0.005,30,false
kick,2026-09-26,kick-bounties,0.005,10,false
kick,2026-09-26,metro-last-light,0.005,5,false
kick,2026-09-26,gang-beasts,0.005,12,false
kick,2026-09-26,dragons-dogma-ii,0.005,9,false
kick,2026-09-26,assassins-creed-shadows,0.005,19,false
kick,2026-09-26,pokemon-unite,0.005,34,false
kick,2026-09-26,the-finals,0.004,76,false
kick,2026-09-26,graveyard-keeper,0.004,12,false
kick,2026-09-26,alan-wake,0.004,5,false
kick,2026-09-26,meccha-chameleon,0.004,52,false
kick,2026-09-26,digital-art,0.004,34,false
kick,2026-09-26,World-of-Tanks,0.004,60,false
kick,2026-09-26,wuthering-waves,0.004,50,false
kick,2026-09-26,the-elder-scrolls-v-skyrim-special-edition,0.004,48,false
kick,2026-09-26,meditation-and-mindfulness,0.004,14,false
kick,2026-09-26,unicycle-together,0.004,6,false
kick,2026-09-26,i-know-a-guy,0.004,14,false
kick,2026-09-26,assassins's-creed-odyssey,0.004,15,false
kick,2026-09-26,Super-Mario-64,0.004,17,false
kick,2026-09-26,microsoft-flight-simulator-2024,0.004,20,false
kick,2026-09-26,disney-dreamlight-valley,0.004,12,false
kick,2026-09-26,Street-Fighter-6,0.004,32,false
kick,2026-09-26,aion-2,0.004,30,false
kick,2026-09-26,marvels-spider-man-2,0.004,36,false
kick,2026-09-26,gears-of-war-4,0.004,26,false
kick,2026-09-26,Marbles-On-Stream,0.004,9,false
kick,2026-09-26,age-of-empires-iv,0.004,20,false
kick,2026-09-26,sports-betting,0.004,8,true
kick,2026-09-26,soulframe,0.004,8,false
kick,2026-09-26,ready-or-not,0.004,36,false
kick,2026-09-26,magic-the-gathering-arena,0.004,14,false
kick,2026-09-26,fire-emblem-fortunes-weave,0.004,21,false
kick,2026-09-26,fitness-and-health,0.004,31,false
kick,2026-09-26,risk:-global-domination,0.004,18,false
kick,2026-09-26,russian-fishing-4,0.004,17,false
kick,2026-09-26,the-legend-of-zelda:-majora's-mask,0.004,13,false
kick,2026-09-26,grand-theft-auto:-vice-city,0.003,20,false
kick,2026-09-26,007-first-light,0.003,39,false
kick,2026-09-26,grand-theft-auto:-vice-city-the-definitive-edition,0.003,17,false
kick,2026-09-26,silent-hill-f,0.003,14,false
kick,2026-09-26,resident-evil-2-(2019),0.003,39,false
kick,2026-09-26,the-seven-deadly-sins-grand-cross,0.003,7,false
kick,2026-09-26,h1z1,0.003,20,false
kick,2026-09-26,Dark-Souls-III,0.003,39,false
kick,2026-09-26,ragnarok-online,0.003,24,false
kick,2026-09-26,Bloodborne,0.003,13,false
kick,2026-09-26,silent-hill-2--1,0.003,23,false
kick,2026-09-26,livestream,0.003,16,false
kick,2026-09-26,assassin's-creed-valhalla,0.003,20,false
kick,2026-09-26,sekiro:-shadows-die-twice,0.003,30,false
kick,2026-09-26,counter-strike-global-offensive,0.003,19,false
kick,2026-09-26,card-games,0.003,12,false
kick,2026-09-26,sons-of-the-forest,0.003,64,false
kick,2026-09-26,days-gone,0.003,21,false
kick,2026-09-26,medieval-dynasty,0.003,11,false
kick,2026-09-26,we-are-so-dead,0.003,8,false
kick,2026-09-26,grand-theft-auto-iv:-the-lost-and-damned,0.003,5,false
kick,2026-09-26,mechwarrior-5:-mercenaries,0.003,5,false
kick,2026-09-26,watch-dogs-2,0.003,10,false
kick,2026-09-26,osu!,0.003,41,false
kick,2026-09-26,nba-2k17,0.003,9,false
kick,2026-09-26,domino,0.003,5,false
kick,2026-09-26,the-mortuary-assistant,0.003,8,false
kick,2026-09-26,dark-souls-ii-scholar-of-the-first-sin,0.003,23,false
kick,2026-09-26,strikers-club,0.003,19,false
kick,2026-09-26,art,0.003,87,false
kick,2026-09-26,star-citizen,0.003,43,false
kick,2026-09-26,god-of-war,0.003,52,false
kick,2026-09-26,Diablo-II:-Resurrected,0.003,28,false
kick,2026-09-26,Death-Stranding,0.003,14,false
kick,2026-09-26,hollow-knight-silksong,0.003,27,false
kick,2026-09-26,no-more-room-in-hell-2,0.003,21,false
kick,2026-09-26,assassin's-creed-iv-black-flag,0.002,5,false
kick,2026-09-26,The-Legend-of-Zelda:-Breath-of-the-Wild,0.002,13,false
kick,2026-09-26,world-of-tanks:-blitz,0.002,23,false
kick,2026-09-26,aion,0.002,9,false
kick,2026-09-26,Resident-Evil-5,0.002,19,false
kick,2026-09-26,guild-wars-2,0.002,24,false
kick,2026-09-26,shift-at-midnight,0.002,27,false
kick,2026-09-26,assetto-corsa,0.002,68,false
kick,2026-09-26,ea-sports-college-football-27,0.002,38,false
kick,2026-09-26,naraka:-bladepoint,0.002,14,false
kick,2026-09-26,halo-infinite,0.002,38,false
kick,2026-09-26,food-drink,0.002,30,false
kick,2026-09-26,warhammer-40000-space-marine-II,0.002,29,false
kick,2026-09-26,Hearthstone,0.002,42,false
kick,2026-09-26,fifa-14,0.002,6,false
kick,2026-09-26,call-of-duty:-dmz,0.002,25,false
kick,2026-09-26,baldurs-gate-3,0.002,39,false
kick,2026-09-26,dont-play-this,0.002,6,false
kick,2026-09-26,need-for-speed-underground-2,0.002,7,false
kick,2026-09-26,horizon-zero-dawn,0.002,16,false
kick,2026-09-26,yu-gi-oh-forbidden-memories,0.002,8,false
kick,2026-09-26,mario-kart-wii,0.002,8,false
kick,2026-09-26,3d-printing,0.002,12,false
kick,2026-09-26,pacify,0.002,7,false
kick,2026-09-26,the-elder-scrolls-v-skyrim,0.002,15,false
kick,2026-09-26,point-blank,0.002,10,false
kick,2026-09-26,the-first-berserker-khazan,0.002,7,false
kick,2026-09-26,control,0.002,27,false
kick,2026-09-26,it-takes-two,0.002,35,false
kick,2026-09-26,The-Forest,0.002,49,false
kick,2026-09-26,dark-souls:-remastered,0.002,24,false
kick,2026-09-26,fifa-20,0.002,9,false
kick,2026-09-26,dumb-ways-to-build,0.002,10,false
kick,2026-09-26,quizei,0.002,14,false
kick,2026-09-26,honkai:-star-rail,0.002,22,false
kick,2026-09-26,supermarket-simulator,0.002,12,false
kick,2026-09-26,monster-hunter-wilds,0.002,47,false
kick,2026-09-26,brawlhalla,0.002,47,false
kick,2026-09-26,a-way-out,0.002,12,false
kick,2026-09-26,god-of-war-III,0.002,11,false
kick,2026-09-26,Star-Wars-Jedi:-Fallen-Order,0.002,9,false
kick,2026-09-26,the-headliners,0.002,8,false
kick,2026-09-26,dofus-retro,0.002,7,false
kick,2026-09-26,Super-Mario-Bros.-3,0.002,5,false
kick,2026-09-26,league-of-legends-wild-rift,0.002,53,false
kick,2026-09-26,predecessor,0.002,16,false
kick,2026-09-26,Clone-Hero,0.002,18,false
kick,2026-09-26,subnautica,0.002,12,false
kick,2026-09-26,assassins-creed-black-flag-resynced,0.002,39,false
kick,2026-09-26,for-honor,0.002,41,false
kick,2026-09-26,tom-clancy-s-rainbow-six,0.002,43,false
kick,2026-09-26,path-of-exile,0.001,13,false
kick,2026-09-26,marathon,0.001,25,false
kick,2026-09-26,mount-and-blade-warband,0.001,5,false
kick,2026-09-26,beast-of-reincarnation,0.001,14,false
kick,2026-09-26,stream,0.001,21,false
kick,2026-09-26,gartic-io,0.001,14,false
kick,2026-09-26,midnight-club-los-angeles,0.001,5,false
kick,2026-09-26,conan-exiles,0.001,15,false
kick,2026-09-26,call-of-duty-modern-warfare-ii,0.001,32,false
kick,2026-09-26,football-manager-26,0.001,19,false
kick,2026-09-26,battlefield-1,0.001,39,false
kick,2026-09-26,grounded-2,0.001,24,false
kick,2026-09-26,content-warning,0.001,20,false
kick,2026-09-26,schedule-i,0.001,49,false
kick,2026-09-26,tabletop-rpgs,0.001,10,false
kick,2026-09-26,v-rising,0.001,8,false
kick,2026-09-26,call-of-duty:-black-ops,0.001,9,false
kick,2026-09-26,politics,0.001,32,false
kick,2026-09-26,the-legend-of-zelda:-ocarina-of-time,0.001,31,false
kick,2026-09-26,far-cry-6,0.001,32,false
kick,2026-09-26,pokemon-champions,0.001,23,false
kick,2026-09-26,umamusume-pretty-derby,0.001,9,false
kick,2026-09-26,le-mans-ultimate,0.001,21,false
kick,2026-09-26,terraria,0.001,54,false
kick,2026-09-26,resident-evil-village,0.001,34,false
kick,2026-09-26,the-outlast-trials,0.001,32,false
kick,2026-09-26,farlight-84,0.001,13,false
kick,2026-09-26,dungeons-and-dragons,0.001,20,false
kick,2026-09-26,skate,0.001,22,false
kick,2026-09-26,hitman-3,0.001,10,false
kick,2026-09-26,openfront,0.001,7,false
kick,2026-09-26,the-legend-of-zelda:-twilight-princess,0.001,16,false
kick,2026-09-26,restory,0.001,9,false
kick,2026-09-26,assetto-corsa-competizione,0.001,17,false
kick,2026-09-26,dying-light-the-beast,0.001,28,false
kick,2026-09-26,gods-death-and-reapers-2,0.001,8,false
kick,2026-09-26,anime-squad,0.001,9,false
kick,2026-09-26,mir-tankov,0.001,14,false
kick,2026-09-26,raft,0.001,23,false
kick,2026-09-26,wwe-2k26,0.001,37,false
kick,2026-09-26,mario-kart-world,0.001,18,false
kick,2026-09-26,Lost-Ark,0.001,7,false
kick,2026-09-26,fall-guys:-ultimate-knockout-season-2,0.001,6,false
kick,2026-09-26,forza-horizon-5,0.001,22,false
kick,2026-09-26,dead-space,0.001,10,false
kick,2026-09-26,supermarket-together,0.001,26,false
kick,2026-09-26,police-chief-simulator,0.001,9,false
kick,2026-09-26,cities-skylines-ii,0.001,6,false
kick,2026-09-26,megabonk,0.001,21,false
kick,2026-09-26,squad,0.001,38,false
kick,2026-09-26,hades-ii,0.001,8,false
kick,2026-09-26,mortal-kombat-1,0.001,25,false
kick,2026-09-26,god-of-war-II,0.001,9,false
kick,2026-09-26,little-nightmares-II,0.001,9,false
kick,2026-09-26,world-of-warcraft-classic,0.001,53,false
kick,2026-09-26,geometry-dash,0.001,63,false
kick,2026-09-26,detroit-become-human,0.001,30,false
kick,2026-09-26,lies-of-pi,0.001,31,false
kick,2026-09-26,remnant-ii,0.001,10,false
kick,2026-09-26,perfect-world,0.001,9,false
kick,2026-09-26,game-development,0.001,27,false
kick,2026-09-26,elden-ring-nightreign,0.001,31,false
kick,2026-09-26,final-fantasy-vii-og,0.001,7,false
kick,2026-09-26,green-hell,0.001,16,false
kick,2026-09-26,zort,0.001,7,false
kick,2026-09-26,SCUM,0.001,19,false
kick,2026-09-26,outlast,0.001,40,false
kick,2026-09-26,roblox-studio,0.001,41,false
kick,2026-09-26,species-unknown,0.001,11,false
kick,2026-09-26,pro-evolution-soccer-6,0.001,15,false
kick,2026-09-26,the-evil-within,0.001,6,false
kick,2026-09-26,grain-rot,0.001,10,false
kick,2026-09-26,beyond:-two-souls,0.001,6,false
kick,2026-09-26,dragon-ball-z:-kakarot,0.001,5,false
kick,2026-09-26,ea-sports-fc-25,0.001,24,false
kick,2026-09-26,devour,0.001,25,false
kick,2026-09-26,the-walking-dead-the-telltale-definitive-series,0.001,10,false
kick,2026-09-26,beamng-drive,0.001,13,false
kick,2026-09-26,batman-arkham-city,0.001,5,false
kick,2026-09-26,honor-of-kings,0.001,40,false
kick,2026-09-26,far_cry_3,0.001,8,false
kick,2026-09-26,need-for-speed-most-wanted-2005,0.001,21,false
kick,2026-09-26,star-wars-zero-company,0.001,12,false
kick,2026-09-26,the-walking-dead:-season-one,0.001,6,false
kick,2026-09-26,madden-nfl-26,0.001,13,false
kick,2026-09-26,throne-and-liberty,0.001,14,false
kick,2026-09-26,hollow-knight,0.001,42,false
kick,2026-09-26,digimon-story-time-stranger,0.001,5,false
kick,2026-09-26,video-production,0.001,11,false
kick,2026-09-26,well-dweller,0.001,15,false
kick,2026-09-26,MapleStory,0.001,12,false
kick,2026-09-26,quarantine-zone-the-last-check,0.001,7,false
kick,2026-09-26,backrooms,0.001,7,false
kick,2026-09-26,chivalry-2,0.001,21,false
kick,2026-09-26,rise-online,0.001,10,false
kick,2026-09-26,pragmata,0.001,15,false
kick,2026-09-26,the-lord-of-the-rings-return-to-moria,0.001,6,false
kick,2026-09-26,far-cry-4,0.001,9,false
kick,2026-09-26,crash-bandicoot-n.-sane-trilogy,0.001,9,false
kick,2026-09-26,metal-gear-solid-peace-walker,0.001,5,false
kick,2026-09-26,jet-set-radio-future,0.001,7,false
kick,2026-09-26,house-flipper,0.001,6,false
kick,2026-09-26,invokyr,0.001,8,false
kick,2026-09-26,world-of-warcraft-classic-hardcore,0.001,17,false
kick,2026-09-26,demonologist,0.001,16,false
kick,2026-09-26,trading-cards,0.001,6,false
kick,2026-09-26,icarus,0.001,23,false
kick,2026-09-26,faaast-penguin,0.001,5,false
kick,2026-09-26,photomaly,0.001,5,false
kick,2026-09-26,plants-vs.-zombies,0.001,12,false
kick,2026-09-26,snowrunner,0.001,26,false
kick,2026-09-26,human-fall-flat,0.001,10,false
kick,2026-09-26,grounded,0.001,11,false
kick,2026-09-26,alan-wake-II,0.001,11,false
kick,2026-09-26,the-legend-of-zelda:-tears-of-the-kingdom,0.001,15,false
kick,2026-09-26,warcraft-iii-reforged,0.001,26,false
kick,2026-09-26,burglin-gnomes,0.001,8,false
kick,2026-09-26,gamble-with-your-friends,0.001,10,false
kick,2026-09-26,the-binding-of-isaac:-repentance,0.001,38,false
kick,2026-09-26,fragpunk,0.001,18,false
kick,2026-09-26,slay-the-spire-ii,0.001,12,false
kick,2026-09-26,The-Elder-Scrolls-Online,0.001,19,false
kick,2026-09-26,Starcraft-II,0.001,21,false
kick,2026-09-26,makers-&-crafting,0.001,13,false
kick,2026-09-26,crab-game,0.001,11,false
kick,2026-09-26,call-of-duty-modern-warfare-3,0.001,10,false
kick,2026-09-26,split-fiction,0.001,16,false
kick,2026-09-26,clash-of-clans,0.001,24,false
kick,2026-09-26,the-first-descendant,0.001,14,false
kick,2026-09-26,dark-hours,0.001,8,false
kick,2026-09-26,mortal-shell-ii,0.001,31,false
kick,2026-09-26,the-exit-8,0.001,6,false
kick,2026-09-26,ea-sports-ufc-6,0.001,14,false
kick,2026-09-26,Marvel's-Spider-Man,0.001,6,false
kick,2026-09-26,smite-2,0.001,35,false
kick,2026-09-26,Magic:-The-Gathering,0.001,7,false
kick,2026-09-26,palia,0.001,9,false
kick,2026-09-26,The-Last-of-Us-Part-II,0.001,9,false
kick,2026-09-26,zenless-zone-zero,0.001,34,false
kick,2026-09-26,liars-bar,0.001,7,false
kick,2026-09-26,kakele-online-mmorpg,0.001,9,false
kick,2026-09-26,chillin-by-the-fire,0.001,7,false
kick,2026-09-26,dance,0.001,5,false
kick,2026-09-26,waterpark-simulator,0.001,11,false
kick,2026-09-26,outlast-ii,0.001,12,false
kick,2026-09-26,raid-shadow-legends,0.001,7,false
kick,2026-09-26,pokemon-go,0.001,11,false
kick,2026-09-26,resident-evil-6,0.001,11,false
kick,2026-09-26,kingdom-rush,0.001,8,false
kick,2026-09-26,make-it-meme,0.001,10,false
kick,2026-09-26,core-keeper,0.001,5,false
kick,2026-09-26,mistfall-hunter,0.000,21,false
kick,2026-09-26,feign,0.000,7,false
kick,2026-09-26,stalker-2-heart-of-chornobyl,0.000,27,false
kick,2026-09-26,call-of-duty:-modern-warfare,0.000,13,false
kick,2026-09-26,path-of-titans,0.000,6,false
kick,2026-09-26,counter-strike-source,0.000,5,false
kick,2026-09-26,persona-5-royal,0.000,16,false
kick,2026-09-26,god-of-war-(2005),0.000,12,false
kick,2026-09-26,last-pirates,0.000,5,false
kick,2026-09-26,coffee-talk,0.000,11,false
kick,2026-09-26,gears-of-war-e-day,0.000,6,false
kick,2026-09-26,kingdom-come-deliverance-ii,0.000,17,false
kick,2026-09-26,RimWorld,0.000,13,false
kick,2026-09-26,combat-master,0.000,8,false
kick,2026-09-26,jump-king,0.000,6,false
kick,2026-09-26,fallout:-new-vegas,0.000,10,false
kick,2026-09-26,sea-of-thieves-the-legend-of-monkey-island,0.000,5,false
kick,2026-09-26,reanimal,0.000,10,false
kick,2026-09-26,super-smash-bros.-ultimate,0.000,21,false
kick,2026-09-26,hotline-miami,0.000,5,false
kick,2026-09-26,minecraft-dunegons,0.000,15,false
kick,2026-09-26,tarot,0.000,7,false
kick,2026-09-26,team-fortress-2,0.000,25,false
kick,2026-09-26,pokemon-firered-version,0.000,14,false
kick,2026-09-26,gears-5,0.000,27,false
kick,2026-09-26,super-mario-maker-2,0.000,10,false
kick,2026-09-26,final-fantasy-vii-rebirth,0.000,11,false
kick,2026-09-26,blazing-sails,0.000,10,false
kick,2026-09-26,san-andreas-multiplayer,0.000,7,false
kick,2026-09-26,fallout-76,0.000,25,false
kick,2026-09-26,little-nightmares,0.000,12,false
kick,2026-09-26,halo:-the-master-chief-collection,0.000,21,false
kick,2026-09-26,buckshot-roulette,0.000,18,false
kick,2026-09-26,project-bloodstrike,0.000,30,false
kick,2026-09-26,wolf-team,0.000,13,false
kick,2026-09-26,backrooms-escape-together,0.000,20,false
kick,2026-09-26,hell-let-loose,0.000,15,false
kick,2026-09-26,kingdom-hearts-hd-15-25-remix,0.000,26,false
kick,2026-09-26,fifa-16,0.000,5,false
kick,2026-09-26,assassin's-creed,0.000,7,false
kick,2026-09-26,digimon-masters,0.000,10,false
kick,2026-09-26,Cuphead,0.000,25,false
kick,2026-09-26,clair-obscur-expedition-33,0.000,27,false
kick,2026-09-26,minecraft:-legends,0.000,7,false
kick,2026-09-26,kukoro:-stream-chat-games,0.000,5,false
kick,2026-09-26,dying-light-2:stay-human,0.000,24,false
kick,2026-09-26,second-life,0.000,7,false
kick,2026-09-26,black-mesa,0.000,5,false
kick,2026-09-26,pga-tour-2k25,0.000,6,false
kick,2026-09-26,kingdom-come:-deliverance,0.000,12,false
kick,2026-09-26,my-hero-ultra-rumble,0.000,16,false
kick,2026-09-26,taxi-life-a-city-driving-simulator,0.000,6,false
kick,2026-09-26,heroes-of-the-storm,0.000,17,false
kick,2026-09-26,standoff-2,0.000,12,false
kick,2026-09-26,Hades,0.000,12,false
kick,2026-09-26,drive-beyond-horizons,0.000,5,false
kick,2026-09-26,halo-2,0.000,6,false
kick,2026-09-26,mafia-the-old-country,0.000,8,false
kick,2026-09-26,uncharted-4-a-thief-s-end,0.000,12,false
kick,2026-09-26,rp-grand-open-world-game,0.000,5,false
kick,2026-09-26,overcooked-2,0.000,12,false
kick,2026-09-26,summoners-war:-sky-arena,0.000,7,false
kick,2026-09-26,back-4-blood,0.000,6,false
kick,2026-09-26,arma-3,0.000,10,false
kick,2026-09-26,reading,0.000,10,false
kick,2026-09-26,moviestarplanet,0.000,6,false
kick,2026-09-26,rules-of-survival,0.000,5,false
kick,2026-09-26,the-crew:-motorfest,0.000,11,false
kick,2026-09-26,samson,0.000,6,false
kick,2026-09-26,ragnarok-the-new-world,0.000,9,false
kick,2026-09-26,runescape,0.000,18,false
kick,2026-09-26,mafia-II:-definitive-edition,0.000,5,false
kick,2026-09-26,final-fantasy-VII-remake,0.000,21,false
kick,2026-09-26,hytale,0.000,14,false
kick,2026-09-26,mafia:definitive-edition,0.000,8,false
kick,2026-09-26,dark-and-darker,0.000,7,false
kick,2026-09-26,mortal-kombat-11,0.000,6,false
kick,2026-09-26,borderlands-4,0.000,19,false
kick,2026-09-26,shadow-of-the-tomb-raider,0.000,11,false
kick,2026-09-26,grand-theft-auto-iii-the-definitive-edition,0.000,6,false
kick,2026-09-26,doom,0.000,9,false
kick,2026-09-26,roadcraft,0.000,5,false
kick,2026-09-26,lego-batman-legacy-of-the-dark-knight,0.000,14,false
kick,2026-09-26,escape-from-tarkov-arena,0.000,22,false
kick,2026-09-26,fortnite-save-the-world,0.000,21,false
kick,2026-09-26,Fallout-4,0.000,14,false
kick,2026-09-26,splatoon-3,0.000,8,false
kick,2026-09-26,batman:-arkham-asylum,0.000,10,false
kick,2026-09-26,need-for-speed-heat,0.000,19,false
kick,2026-09-26,monster-hunter: - world,0.000,19,false
kick,2026-09-26,priston-tale,0.000,11,false
kick,2026-09-26,kingdom-hearts,0.000,7,false
kick,2026-09-26,stalzone,0.000,14,false
kick,2026-09-26,Diablo-III,0.000,6,false
kick,2026-09-26,a-plague-tale:-requiem,0.000,8,false
kick,2026-09-26,skribbl-io,0.000,8,false
kick,2026-09-26,librarian-tidy-up-the-arcane-library,0.000,6,false
kick,2026-09-26,final-fantasy-xi,0.000,7,false
kick,2026-09-26,battlefield-2042,0.000,5,false
kick,2026-09-26,streamer-daily,0.000,5,false
kick,2026-09-26,planet-crafter,0.000,11,false
kick,2026-09-26,anime-shop-simulator,0.000,8,false
kick,2026-09-26,Jackbox-Party-Packs,0.000,9,false
kick,2026-09-26,dungeons-&-dragons-online,0.000,6,false
kick,2026-09-26,dragonsword-awakening,0.000,6,false
kick,2026-09-26,enshrouded,0.000,11,false
kick,2026-09-26,Resident-Evil-2,0.000,15,false
kick,2026-09-26,the-simpsons-hit-&-run,0.000,6,false
kick,2026-09-26,multi-theft-auto,0.000,5,false
kick,2026-09-26,bully:-scholarship-edition,0.000,9,false
kick,2026-09-26,the-quarry,0.000,11,false
kick,2026-09-26,gaming-cafe-simulator,0.000,27,false
kick,2026-09-26,captured,0.000,6,false
kick,2026-09-26,x4-foundations,0.000,8,false
kick,2026-09-26,far-cry-5,0.000,14,false
kick,2026-09-26,poppy-playtime-chapter-3-deep-sleep,0.000,7,false
kick,2026-09-26,cs2d,0.000,17,false
kick,2026-09-26,scrap-mechanic,0.000,7,false
kick,2026-09-26,Clive-Barker's-Hellraiser:-Revival,0.000,10,false
kick,2026-09-26,metro-2033-redux,0.000,9,false
kick,2026-09-26,state-of-decay-2,0.000,10,false
kick,2026-09-26,uno,0.000,6,false
kick,2026-09-26,alien:-isolation,0.000,12,false
kick,2026-09-26,monsters-and-memories--1,0.000,5,false
kick,2026-09-26,mimesis,0.000,14,false
kick,2026-09-26,call-of-duty:-modern-warfare-2,0.000,15,false
kick,2026-09-26,"papers,-please",0.000,5,false
kick,2026-09-26,big-walk,0.000,7,false
kick,2026-09-26,call-of-duty-warzone-mobile,0.000,7,false
kick,2026-09-26,Undertale,0.000,12,false
kick,2026-09-26,among-us-3d,0.000,5,false
kick,2026-09-26,tomodachi-life-living-the-dream,0.000,8,false
kick,2026-09-26,roadhouse-simulator,0.000,6,false
kick,2026-09-26,fishing-planet,0.000,14,false
kick,2026-09-26,avatars-frontiers-of-pandora,0.000,6,false
kick,2026-09-26,batman:-arkham-knight,0.000,11,false
kick,2026-09-26,nascar-26,0.000,7,false
kick,2026-09-26,tabletop-simulator,0.000,5,false
kick,2026-09-26,the-seven-deadly-sins-origin,0.000,11,false
kick,2026-09-26,visage,0.000,10,false
kick,2026-09-26,mafia-3,0.000,11,false
kick,2026-09-26,gothic-1-remake,0.000,10,false
kick,2026-09-26,pro-soccer-online,0.000,7,false
kick,2026-09-26,dark-orbit,0.000,5,false
kick,2026-09-26,fast-food-simulator,0.000,5,false
kick,2026-09-26,off-the-grid--1,0.000,7,false
kick,2026-09-26,factorio,0.000,8,false
kick,2026-09-26,wuchang-fallen-feathers,0.000,5,false
kick,2026-09-26,lethal-company,0.000,22,false
kick,2026-09-26,granny,0.000,11,false
kick,2026-09-26,dead-space-2023,0.000,8,false
kick,2026-09-26,yu-gi-oh-!-master-duel,0.000,21,false
kick,2026-09-26,hell-let-loose-vietnam,0.000,6,false
kick,2026-09-26,poppy-playtime,0.000,15,false
kick,2026-09-26,deltarune,0.000,12,false
kick,2026-09-26,arknights-endfield,0.000,13,false
kick,2026-09-26,assassin's-creed-brotherhood,0.000,5,false
kick,2026-09-26,"Warhammer-40,000:-Darktide",0.000,9,false
kick,2026-09-26,gray-zone-warfare,0.000,12,false
kick,2026-09-26,board-games,0.000,8,false
kick,2026-09-26,subnautica-2,0.000,8,false
kick,2026-09-26,call-of-duty-black-ops-zombies,0.000,10,false
kick,2026-09-26,Microsoft-Flight-Simulator,0.000,12,false
kick,2026-09-26,paladins,0.000,7,false
kick,2026-09-26,bloods-td-6,0.000,10,false
kick,2026-09-26,ea-sports-fc-online,0.000,12,false
kick,2026-09-26,need-for-speed:-underground,0.000,7,false
kick,2026-09-26,pokemon-pokopia,0.000,6,false
kick,2026-09-26,dragon-ball-z:-budokai-tenkaichi-3,0.000,8,false
kick,2026-09-26,Silent-Hill-2,0.000,6,false
kick,2026-09-26,monster-hunter-rise,0.000,12,false
kick,2026-09-26,rise-of-the-tomb-raider,0.000,9,false
kick,2026-09-26,music-racer,0.000,7,false
kick,2026-09-26,call-of-duty:-black-ops-cold-war,0.000,15,false
kick,2026-09-26,zula,0.000,9,false
kick,2026-09-26,live-a-live,0.000,9,false
kick,2026-09-26,resident-evil-code-veronica,0.000,6,false
kick,2026-09-26,gears-of-war-3,0.000,11,false
kick,2026-09-26,okey,0.000,7,false
kick,2026-09-26,last-epoch,0.000,6,false
kick,2026-09-26,enlisted,0.000,7,false
kick,2026-09-26,call-of-duty-4:-modern-warfare,0.000,9,false
kick,2026-09-26,carx-street,0.000,5,false
kick,2026-09-26,metro-exodus,0.000,12,false
kick,2026-09-26,cult-of-the-lamb,0.000,5,false
kick,2026-09-26,just-cause,0.000,6,false
kick,2026-09-26,call-of-duty-2,0.000,5,false
kick,2026-09-26,dimraeth,0.000,7,false
kick,2026-09-26,pokemmo,0.000,7,false
kick,2026-09-26,Metal-Gear-Solid-V:-The-Phantom-Pain,0.000,9,false
kick,2026-09-26,middle-earth-shadow-of-war,0.000,9,false
kick,2026-09-26,vein,0.000,7,false
kick,2026-09-26,World-of-Warships,0.000,13,false
kick,2026-09-26,world-war-z,0.000,11,false
kick,2026-09-26,dispatch--3,0.000,5,false
kick,2026-09-26,poppy-playtime-chapter-4,0.000,6,false
kick,2026-09-26,Super-Mario-World,0.000,12,false
kick,2026-09-26,a-plague-tale-innocence,0.000,7,false
kick,2026-09-26,3d-modeling,0.000,5,false
kick,2026-09-26,valorant-mobile,0.000,13,false
kick,2026-09-26,60-seconds-reatomized,0.000,5,false
kick,2026-09-26,risk-of-rain-2,0.000,9,false
kick,2026-09-26,wo-long-fallen-dynasty,0.000,7,false
kick,2026-09-26,tomb-raider,0.000,10,false
kick,2026-09-26,battlefield-4,0.000,11,false
kick,2026-09-26,goddess-of-victory:-nikke,0.000,12,false
kick,2026-09-26,goals,0.000,7,false
kick,2026-09-26,the-hunter-call-of-the-wild,0.000,7,false
kick,2026-09-26,amnesia:-the-bunker,0.000,5,false
kick,2026-09-26,fate-grand-order,0.000,7,false
kick,2026-09-26,minecraft-dungeons-ii,0.000,9,false
kick,2026-09-26,the-long-dark,0.000,6,false
kick,2026-09-26,apex-legends-mobile,0.000,5,false
kick,2026-09-26,limbus-company,0.000,8,false
kick,2026-09-26,gears-of-war-reloaded,0.000,13,false
kick,2026-09-26,arena-of-valor,0.000,10,false
kick,2026-09-26,transport-fever-2,0.000,5,false
kick,2026-09-26,the-bazaar,0.000,5,false
kick,2026-09-26,star-wars-the-old-republic,0.000,6,false
kick,2026-09-26,cry-of-fear,0.000,8,false
kick,2026-09-26,star-wars-jedi:-survivor,0.000,7,false
kick,2026-09-26,gothic-II,0.000,6,false
kick,2026-09-26,metroid-dread,0.000,7,false
kick,2026-09-26,call-to-arms:-gates-of-hell,0.000,6,false
kick,2026-09-26,football-manager-2024,0.000,9,false
kick,2026-09-26,assassins-creed-mirage,0.000,9,false
kick,2026-09-26,house-flipper-2,0.000,6,false
kick,2026-09-26,the-witcher:-enhanced-edition,0.000,7,false
kick,2026-09-26,assassins-creed-origins,0.000,10,false
kick,2026-09-26,tom-clancys-rainbow-six-take-down-–-missions-in-korea,0.000,11,false
kick,2026-09-26,the-binding-of-isaac:rebirth,0.000,8,false
kick,2026-09-26,persona-3-reload,0.000,8,false
kick,2026-09-26,panicore,0.000,7,false
kick,2026-09-26,ufl,0.000,5,false
kick,2026-09-26,pokemon-anil,0.000,8,false
kick,2026-09-26,balatro,0.000,7,false
kick,2026-09-26,star-trek-online,0.000,6,false
kick,2026-09-26,trails-in-the-sky-1st-chapter,0.000,5,false
kick,2026-09-26,age-of-empires-ii,0.000,8,false
kick,2026-09-26,final-fantasy-xvi,0.000,6,false
kick,2026-09-26,atomic-heart,0.000,10,false
kick,2026-09-26,call-of-duty:-wwii,0.000,7,false
kick,2026-09-26,borderlands-2,0.000,10,false
kick,2026-09-26,comedy-night,0.000,10,false
kick,2026-09-26,max-payne,0.000,5,false
kick,2026-09-26,tomb-raider-i-star-ii-star-iii-remastered,0.000,6,false
kick,2026-09-26,undisputed,0.000,12,false
kick,2026-09-26,the-texas-chain-saw-massacre,0.000,6,false
kick,2026-09-26,mafia-II,0.000,5,false
kick,2026-09-26,devil-may-cry-5,0.000,6,false
kick,2026-09-26,mad-max,0.000,8,false
kick,2026-09-26,dragon-ball-xenoverse-2,0.000,7,false
kick,2026-09-26,gangstar-mirage-city,0.000,10,false
kick,2026-09-26,the-other-side,0.000,5,false
kick,2026-09-26,level-devil,0.000,6,false
kick,2026-09-26,ghost-janitors,0.000,5,false
kick,2026-09-26,one-armed-robber,0.000,7,false
kick,2026-09-26,sniper-elite-resistance,0.000,6,false
kick,2026-09-26,sifu,0.000,6,false
kick,2026-09-26,pokemon-trading-card-game-pocket,0.000,5,false
kick,2026-09-26,heroes-of-newerth-reborn,0.000,5,false
kick,2026-09-26,blur,0.000,5,false
kick,2026-09-26,doom-eternal,0.000,7,false
kick,2026-09-26,star-wars-outlaws,0.000,6,false
kick,2026-09-26,command-conquer-generals,0.000,7,false
kick,2026-09-26,beat-saber,0.000,5,false
kick,2026-09-26,rf-online,0.000,5,false
kick,2026-09-26,plateup!,0.000,5,false
kick,2026-09-26,scorn,0.000,5,false
kick,2026-09-26,friday-night-funkin',0.000,8,false
kick,2026-09-26,prince-of-persia-the-lost-crown,0.000,5,false
kick,2026-09-26,shape-of-dreams,0.000,7,false
kick,2026-09-26,pro-evolution-soccer-2013,0.000,7,false
kick,2026-09-26,half-life-2,0.000,5,false
kick,2026-09-26,welcome-to-elderfield,0.000,7,false
kick,2026-09-26,Diablo-Immortal,0.000,5,false
kick,2026-09-26,elite-dangerous,0.000,5,false
kick,2026-09-26,insurgency:-sandstorm,0.000,6,false
kick,2026-09-26,dragon-ball-gekishin-squadra,0.000,6,false
kick,2026-09-26,carnival-hunt,0.000,5,false
kick,2026-09-26,mech-arena-robot-showdown,0.000,5,false
kick,2026-09-26,astroneer,0.000,5,false
kick,2026-09-26,ori-and-the-will-of-the-wisps,0.000,6,false
kick,2026-09-26,payday-2,0.000,8,false
kick,2026-09-26,lords-of-the-fallen,0.000,5,false
kick,2026-09-26,friendly-steps,0.000,6,false
kick,2026-09-26,persona-4-golden,0.000,5,false
kick,2026-09-26,mewgenics,0.000,7,false
kick,2026-09-26,friday-the-13th:-the-game,0.000,5,false
kick,2026-09-26,efootball-2024,0.000,6,false
kick,2026-09-26,rainbow-six-mobile,0.000,5,false
kick,2026-09-26,minecraft:-story-mode,0.000,5,false
kick,2026-09-26,elite-dangerous-odyssey,0.000,5,false
kick,2026-09-26,amnesia:-the-dark-descent,0.000,5,false
kick,2026-09-26,Marvel's-Spider-Man:-Miles-Morales,0.000,10,false
kick,2026-09-26,uncharted:legacy-of-thieves-collection,0.000,5,false
kick,2026-09-26,south-park:-the-stick-of-truth,0.000,6,false
kick,2026-09-26,Mario-Kart-8-Deluxe,0.000,7,false
kick,2026-09-26,warface,0.000,6,false
kick,2026-09-26,marvel-snap,0.000,5,false
kick,2026-09-26,muck,0.000,8,false
kick,2026-09-26,onestate,0.000,7,false
kick,2026-09-26,marvel-tokon-fighting-souls,0.000,8,false
kick,2026-09-26,resident-evil-0,0.000,5,false
kick,2026-09-26,borderlands-3,0.000,6,false
kick,2026-09-26,mx-bikes,0.000,7,false
kick,2026-09-26,the-witcher-2:-assassin-of-kings,0.000,5,false
kick,2026-09-26,oxide-survival-island,0.000,6,false
kick,2026-09-26,asphalt-9-legends,0.000,5,false
kick,2026-09-26,metal-gear-solid-4:-guns-of-the-patriots,0.000,7,false
kick,2026-09-26,one-armed-cook,0.000,7,false
kick,2026-09-26,warcraft-III:-reign-of-chaos,0.000,5,false
kick,2026-09-26,car-mechanic-simulator-2021,0.000,5,false
kick,2026-09-26,half_sword,0.000,6,false
kick,2026-09-26,arcade,0.000,5,false
kick,2026-09-26,watchdogs,0.000,9,false
kick,2026-09-26,killing-floor-3,0.000,6,false
kick,2026-09-26,world-of-tanks-heat,0.000,6,false
kick,2026-09-26,retro-rewind-video-store-simulator,0.000,5,false
kick,2026-09-26,asphalt-legends-unite,0.000,5,false
kick,2026-09-26,batman:-arkham-origins,0.000,6,false
kick,2026-09-26,Diablo-II,0.000,5,false
kick,2026-09-26,dota,0.000,7,false
kick,2026-09-26,dream-league-soccer-2023,0.000,5,false
kick,2026-09-26,mega-quiz-gaming,0.000,8,false
kick,2026-09-26,mortal-kombat-11:-ultimate,0.000,5,false
kick,2026-09-26,Star-Wars-Battlefront-II,0.000,8,false
kick,2026-09-26,Titanfall-2,0.000,5,false
kick,2026-09-26,the-battle-cats,0.000,5,false
kick,2026-09-26,subway-surfers,0.000,5,false
kick,2026-09-26,(other: 2358 categories with fewer than 5 channels),0.623,,false
kick,2026-09-27,just-chatting,20.185,18101,false
kick,2026-09-27,irl,16.910,2206,false
kick,2026-09-27,grand-theft-auto-v,13.443,6242,false
kick,2026-09-27,slots,8.093,2395,true
kick,2026-09-27,minecraft,8.032,3135,false
kick,2026-09-27,ea-sports-fc-27,4.086,1983,false
kick,2026-09-27,league-of-legends,2.360,3460,false
kick,2026-09-27,counter-strike-2,1.836,4108,false
kick,2026-09-27,pubg-mobile,1.725,865,false
kick,2026-09-27,valorant,1.687,4186,false
kick,2026-09-27,fortnite,1.135,2844,false
kick,2026-09-27,dota-2,1.090,1468,false
kick,2026-09-27,wardogs,1.003,1368,false
kick,2026-09-27,Garena-Free-Fire,0.768,900,false
kick,2026-09-27,chat-roulette,0.747,363,false
kick,2026-09-27,world-of-warcraft-forever,0.716,521,false
kick,2026-09-27,red-dead-redemption-ii,0.694,379,false
kick,2026-09-27,rust,0.600,385,false
kick,2026-09-27,battlegrounds-mobile-india,0.582,360,false
kick,2026-09-27,f1-25,0.537,67,false
kick,2026-09-27,just-sleeping,0.529,152,false
kick,2026-09-27,Roblox,0.521,1613,false
kick,2026-09-27,nba-2k27,0.513,411,false
kick,2026-09-27,music-stations,0.357,663,false
kick,2026-09-27,mimic-party,0.330,93,false
kick,2026-09-27,rocket-league,0.320,990,false
kick,2026-09-27,kings-league,0.309,13,false
kick,2026-09-27,nba-2k17,0.307,29,false
kick,2026-09-27,Tibia,0.302,308,false
kick,2026-09-27,teamfight-tactics,0.297,294,false
kick,2026-09-27,pools-hot-tubs-bikinis,0.293,203,false
kick,2026-09-27,pubg-battlegrounds,0.266,1126,false
kick,2026-09-27,machine-party,0.258,30,false
kick,2026-09-27,efootball,0.233,367,false
kick,2026-09-27,old-school-runescape,0.221,311,false
kick,2026-09-27,garena-free-fire-max,0.203,309,false
kick,2026-09-27,the-isle,0.198,94,false
kick,2026-09-27,The-Last-of-Us-Part-II,0.193,14,false
kick,2026-09-27,aniimo,0.170,486,false
kick,2026-09-27,codenames,0.166,15,false
kick,2026-09-27,call-of-duty-warzone,0.163,1458,false
kick,2026-09-27,Clash-Royale,0.158,85,false
kick,2026-09-27,reaction,0.147,86,false
kick,2026-09-27,arc-raiders,0.142,579,false
kick,2026-09-27,crypto-and-trading,0.141,201,false
kick,2026-09-27,lineage-ii,0.141,404,false
kick,2026-09-27,among-us,0.138,168,false
kick,2026-09-27,asmr,0.130,86,false
kick,2026-09-27,Valheim,0.125,432,false
kick,2026-09-27,ea-sports-fc-26,0.119,403,false
kick,2026-09-27,silent-hill-townfall,0.114,381,false
kick,2026-09-27,poker,0.112,144,true
kick,2026-09-27,ghost-of-tsushima,0.112,33,false
kick,2026-09-27,special-events,0.109,39,false
kick,2026-09-27,mobile-legends: - bang-bang,0.104,278,false
kick,2026-09-27,games-+-demos,0.098,300,false
kick,2026-09-27,outlast-ii,0.094,16,false
kick,2026-09-27,kingdom-come-deliverance-ii,0.088,27,false
kick,2026-09-27,Tom-Clancy's-Rainbow-Six-Siege-x,0.087,359,false
kick,2026-09-27,fall-guys,0.084,94,false
kick,2026-09-27,dead-by-daylight,0.082,519,false
kick,2026-09-27,sports,0.081,178,false
kick,2026-09-27,woman-simulator,0.075,34,false
kick,2026-09-27,dawson-oaks-trailer-park,0.074,27,false
kick,2026-09-27,chess,0.073,104,false
kick,2026-09-27,grand-theft-auto-vi,0.070,211,false
kick,2026-09-27,black-desert-online,0.066,103,false
kick,2026-09-27,apex-legends,0.066,705,false
kick,2026-09-27,crossfire,0.062,15,false
kick,2026-09-27,red-dead-rp,0.062,96,false
kick,2026-09-27,hogwarts-legacy,0.062,49,false
kick,2026-09-27,marvel-rivals,0.061,510,false
kick,2026-09-27,seven-days-to-die,0.060,84,false
kick,2026-09-27,marvels-wolverine,0.059,169,false
kick,2026-09-27,hunt:-showdown,0.058,90,false
kick,2026-09-27,overwatch,0.056,444,false
kick,2026-09-27,call-of-duty-black-ops-7,0.053,485,false
kick,2026-09-27,retro-games,0.053,202,false
kick,2026-09-27,mu-online,0.052,52,false
kick,2026-09-27,deadlock,0.049,101,false
kick,2026-09-27,blood-strike,0.048,259,false
kick,2026-09-27,cyberpunk-2077,0.048,88,false
kick,2026-09-27,escape-from-tarkov,0.048,217,false
kick,2026-09-27,metin-2,0.047,100,false
kick,2026-09-27,call-of-duty:-mobile,0.042,253,false
kick,2026-09-27,Grand-Theft-Auto:-San-Andreas,0.042,70,false
kick,2026-09-27,elden-ring,0.041,137,false
kick,2026-09-27,Left-4-Dead-2,0.038,313,false
kick,2026-09-27,animals-nature,0.038,69,false
kick,2026-09-27,scritchy-scratchy,0.038,22,false
kick,2026-09-27,podcasts,0.038,101,false
kick,2026-09-27,euro-truck-simulator-2,0.038,234,false
kick,2026-09-27,deep-rock-galactic,0.038,13,false
kick,2026-09-27,mir-4,0.037,29,false
kick,2026-09-27,live-dj,0.036,229,false
kick,2026-09-27,fortnite-zero-build,0.036,175,false
kick,2026-09-27,vtubers,0.035,218,false
kick,2026-09-27,ddtank,0.033,11,false
kick,2026-09-27,escape-the-backrooms,0.032,54,false
kick,2026-09-27,architect-land-of-exiles,0.032,20,false
kick,2026-09-27,cricket-24,0.032,14,false
kick,2026-09-27,return-of-the-king,0.032,75,false
kick,2026-09-27,madison,0.032,6,false
kick,2026-09-27,arena-breakout-infinite,0.030,233,false
kick,2026-09-27,Sea-of-Thieves,0.030,66,false
kick,2026-09-27,vrchat,0.030,106,false
kick,2026-09-27,car-for-sale-simulator-2023,0.029,5,false
kick,2026-09-27,total-war:-warhammer-iii,0.029,17,false
kick,2026-09-27,the-elder-scrolls-v-skyrim-special-edition,0.029,54,false
kick,2026-09-27,8-ball-pool,0.029,9,false
kick,2026-09-27,chained-together,0.028,28,false
kick,2026-09-27,onimusha-way-of-the-sword,0.028,130,false
kick,2026-09-27,runescape-dragonwilds,0.027,161,false
kick,2026-09-27,silkroad-online,0.026,106,false
kick,2026-09-27,palworld,0.026,132,false
kick,2026-09-27,ark-survival-ascended,0.026,71,false
kick,2026-09-27,war-thunder,0.024,98,false
kick,2026-09-27,DayZ,0.024,143,false
kick,2026-09-27,world-of-warcraft,0.024,366,false
kick,2026-09-27,art,0.024,82,false
kick,2026-09-27,control-resonant,0.023,230,false
kick,2026-09-27,how-to-fish,0.023,120,false
kick,2026-09-27,Genshin-Impact,0.022,173,false
kick,2026-09-27,cabal-online,0.022,36,false
kick,2026-09-27,z1-battle-royale,0.022,56,false
kick,2026-09-27,halloween-the-game,0.022,157,false
kick,2026-09-27,until-dawn,0.022,8,false
kick,2026-09-27,assetto-corsa,0.020,64,false
kick,2026-09-27,bombanana,0.020,56,false
kick,2026-09-27,the-witcher-3:-wild-hunt,0.020,47,false
kick,2026-09-27,news,0.019,93,false
kick,2026-09-27,peak-1,0.019,195,false
kick,2026-09-27,The-Last-of-Us,0.019,69,false
kick,2026-09-27,silent-hill-f,0.018,16,false
kick,2026-09-27,pummel-party,0.017,30,false
kick,2026-09-27,the-legend-of-zelda:-majora's-mask,0.017,15,false
kick,2026-09-27,the-blood-of-dawnwalker,0.017,118,false
kick,2026-09-27,politics,0.017,37,false
kick,2026-09-27,knight-online,0.016,109,false
kick,2026-09-27,call-of-duty-warzone-2.0,0.016,212,false
kick,2026-09-27,Phasmophobia,0.016,118,false
kick,2026-09-27,mlb-the-show-26,0.015,39,false
kick,2026-09-27,warframe,0.015,126,false
kick,2026-09-27,meccha-chameleon,0.015,54,false
kick,2026-09-27,diablo-iv,0.015,168,false
kick,2026-09-27,music-production,0.015,155,false
kick,2026-09-27,assassins-creed-shadows,0.014,22,false
kick,2026-09-27,Project-Zomboid,0.014,195,false
kick,2026-09-27,geoguessr,0.014,49,false
kick,2026-09-27,battlefield-redsec,0.014,134,false
kick,2026-09-27,grand-theft-auto-iv,0.014,45,false
kick,2026-09-27,delta-force,0.014,161,false
kick,2026-09-27,world-of-tanks:-blitz,0.014,18,false
kick,2026-09-27,resident-evil-requiem,0.014,92,false
kick,2026-09-27,repo,0.014,202,false
kick,2026-09-27,god-of-war-ragnarok,0.014,49,false
kick,2026-09-27,supermarket-together,0.013,23,false
kick,2026-09-27,final-fantasy-xi,0.013,7,false
kick,2026-09-27,ragnarok-origin-classic,0.012,6,false
kick,2026-09-27,software-development,0.012,44,false
kick,2026-09-27,clair-obscur-expedition-33,0.012,28,false
kick,2026-09-27,madden-nfl-27,0.012,72,false
kick,2026-09-27,pratfall,0.012,9,false
kick,2026-09-27,resident-evil-village,0.012,33,false
kick,2026-09-27,ranch-simulator,0.012,15,false
kick,2026-09-27,assassins's-creed-odyssey,0.011,20,false
kick,2026-09-27,jump-space,0.011,6,false
kick,2026-09-27,sons-of-the-forest,0.011,63,false
kick,2026-09-27,age-of-empires-iv,0.011,26,false
kick,2026-09-27,Diablo-II:-Resurrected,0.011,22,false
kick,2026-09-27,wormate-io,0.011,11,false
kick,2026-09-27,path-of-exile-2,0.011,88,false
kick,2026-09-27,SCUM,0.010,23,false
kick,2026-09-27,call-of-duty-modern-warfare-iii,0.010,80,false
kick,2026-09-27,happy-wheels,0.010,11,false
kick,2026-09-27,the-choicer-voicer,0.010,9,false
kick,2026-09-27,battlefield-6,0.010,270,false
kick,2026-09-27,retro,0.010,51,false
kick,2026-09-27,Albion-Online,0.010,83,false
kick,2026-09-27,once-human,0.010,154,false
kick,2026-09-27,mu-dark-epoch,0.009,5,false
kick,2026-09-27,graveyard-keeper-ii,0.009,67,false
kick,2026-09-27,black-myth-wukong,0.009,43,false
kick,2026-09-27,tom-clancy's-the-division-2,0.009,67,false
kick,2026-09-27,garry's-mod,0.009,19,false
kick,2026-09-27,brawl-stars,0.009,72,false
kick,2026-09-27,dying-light,0.009,45,false
kick,2026-09-27,the-last-of-us-part-ii-remastered,0.009,66,false
kick,2026-09-27,haxball,0.009,56,false
kick,2026-09-27,sekiro:-shadows-die-twice,0.009,32,false
kick,2026-09-27,aion-2,0.009,40,false
kick,2026-09-27,life-is-strange,0.009,7,false
kick,2026-09-27,command-conquer-generals,0.009,9,false
kick,2026-09-27,Resident-Evil-3:-Nemesis,0.009,9,false
kick,2026-09-27,red-dead-redemption,0.009,24,false
kick,2026-09-27,grand-theft-auto-iii-the-definitive-edition,0.008,8,false
kick,2026-09-27,indie-games,0.008,57,false
kick,2026-09-27,food-drink,0.008,27,false
kick,2026-09-27,live-music,0.008,181,false
kick,2026-09-27,forza-horizon-6,0.008,95,false
kick,2026-09-27,Resident-Evil-7:-Biohazard,0.008,51,false
kick,2026-09-27,destiny-2,0.008,88,false
kick,2026-09-27,words-on-stream,0.008,5,false
kick,2026-09-27,hearts-of-iron-iv,0.008,9,false
kick,2026-09-27,warcraft-iii-the-frozen-throne,0.008,32,false
kick,2026-09-27,kingdom-come:-deliverance,0.008,13,false
kick,2026-09-27,RimWorld,0.008,9,false
kick,2026-09-27,grain-rot,0.008,11,false
kick,2026-09-27,age-of-empires-II:-definitive-edition,0.007,32,false
kick,2026-09-27,rv-there-yet--1,0.007,87,false
kick,2026-09-27,where-winds-meet,0.007,36,false
kick,2026-09-27,007-first-light,0.007,41,false
kick,2026-09-27,far-cry:-primal,0.007,10,false
kick,2026-09-27,tcg-card-shop-simulator,0.007,35,false
kick,2026-09-27,cooking,0.007,24,false
kick,2026-09-27,helldivers-ii,0.007,90,false
kick,2026-09-27,party-animals,0.007,29,false
kick,2026-09-27,monopoly-poker,0.007,14,false
kick,2026-09-27,pokemon-emerald,0.007,6,false
kick,2026-09-27,fishing,0.007,6,false
kick,2026-09-27,deltarune,0.007,16,false
kick,2026-09-27,dead-space-2023,0.007,9,false
kick,2026-09-27,arena-breakout,0.007,35,false
kick,2026-09-27,arena-of-valor,0.006,7,false
kick,2026-09-27,god-of-war,0.006,52,false
kick,2026-09-27,backrooms-escape-together,0.006,16,false
kick,2026-09-27,rehaunted,0.006,6,false
kick,2026-09-27,resident-evil-4-remake,0.006,96,false
kick,2026-09-27,nba-2k26,0.006,42,false
kick,2026-09-27,dune-awakening,0.006,85,false
kick,2026-09-27,gran-turismo-7,0.006,14,false
kick,2026-09-27,farming-simulator-2025,0.006,75,false
kick,2026-09-27,nhl-27,0.006,12,false
kick,2026-09-27,five-nights-at-freddy's-4,0.006,6,false
kick,2026-09-27,find-the-needle,0.006,41,false
kick,2026-09-27,watch-dogs-2,0.006,14,false
kick,2026-09-27,roblox-studio,0.006,43,false
kick,2026-09-27,farlight-84,0.006,8,false
kick,2026-09-27,stumble-guys,0.006,36,false
kick,2026-09-27,arkheron,0.006,16,false
kick,2026-09-27,rematch--1,0.006,82,false
kick,2026-09-27,halo-campaign-evolved,0.006,18,false
kick,2026-09-27,bodycam,0.005,76,false
kick,2026-09-27,batman:-arkham-knight,0.005,16,false
kick,2026-09-27,The-Sims-4,0.005,37,false
kick,2026-09-27,mortal-kombat-11:-ultimate,0.005,7,false
kick,2026-09-27,sports-betting,0.005,10,true
kick,2026-09-27,league-of-legends-wild-rift,0.005,61,false
kick,2026-09-27,grand-theft-auto:-vice-city-the-definitive-edition,0.005,23,false
kick,2026-09-27,h1z1,0.005,29,false
kick,2026-09-27,Resident-Evil-4,0.005,45,false
kick,2026-09-27,call-of-duty:-black-ops-II,0.005,31,false
kick,2026-09-27,game-development,0.005,37,false
kick,2026-09-27,outlast,0.005,48,false
kick,2026-09-27,buckshot-roulette,0.005,13,false
kick,2026-09-27,shift-at-midnight,0.005,30,false
kick,2026-09-27,heroes-of-the-storm,0.005,19,false
kick,2026-09-27,amenti,0.005,5,false
kick,2026-09-27,make-it-meme,0.005,7,false
kick,2026-09-27,dofus,0.005,15,false
kick,2026-09-27,goose-goose-duck,0.005,64,false
kick,2026-09-27,bloods-td-6,0.005,6,false
kick,2026-09-27,efootball-pes-2021,0.005,28,false
kick,2026-09-27,microsoft-flight-simulator-2024,0.005,16,false
kick,2026-09-27,osu!,0.004,43,false
kick,2026-09-27,dofus-retro,0.004,7,false
kick,2026-09-27,silent-hill-2--1,0.004,24,false
kick,2026-09-27,card-games,0.004,9,false
kick,2026-09-27,meditation-and-mindfulness,0.004,12,false
kick,2026-09-27,dying-light-the-beast,0.004,26,false
kick,2026-09-27,football-manager-26,0.004,25,false
kick,2026-09-27,a-plague-tale:-requiem,0.004,7,false
kick,2026-09-27,assassins-creed-black-flag-resynced,0.004,48,false
kick,2026-09-27,liars-bar,0.004,12,false
kick,2026-09-27,quizei,0.004,15,false
kick,2026-09-27,science-technology,0.004,23,false
kick,2026-09-27,marvels-spider-man-2,0.004,36,false
kick,2026-09-27,windrose,0.004,13,false
kick,2026-09-27,a-weird-game-about-sausage,0.004,7,false
kick,2026-09-27,grand-theft-auto-san-andreas-the-definitive-edition,0.004,35,false
kick,2026-09-27,stardew-valley,0.004,56,false
kick,2026-09-27,arma-reforger,0.004,49,false
kick,2026-09-27,pokemon-go,0.004,15,false
kick,2026-09-27,squad,0.004,41,false
kick,2026-09-27,point-blank,0.004,9,false
kick,2026-09-27,dragon-ball-legends,0.004,5,false
kick,2026-09-27,big-walk,0.004,17,false
kick,2026-09-27,Marbles-On-Stream,0.004,11,false
kick,2026-09-27,raft,0.004,34,false
kick,2026-09-27,kick-bounties,0.004,12,false
kick,2026-09-27,assassin's-creed-valhalla,0.004,20,false
kick,2026-09-27,jawlah,0.004,25,false
kick,2026-09-27,the-finals,0.003,71,false
kick,2026-09-27,resonance-a-plague-tale-legacy,0.003,34,false
kick,2026-09-27,a-way-out,0.003,16,false
kick,2026-09-27,sea-of-thieves-the-legend-of-monkey-island,0.003,6,false
kick,2026-09-27,vampire-survivors,0.003,6,false
kick,2026-09-27,gartic-phone,0.003,41,false
kick,2026-09-27,the-binding-of-isaac:-repentance,0.003,50,false
kick,2026-09-27,gears-of-war-4,0.003,26,false
kick,2026-09-27,gunz:-the-duel,0.003,5,false
kick,2026-09-27,neverness-to-everness,0.003,38,false
kick,2026-09-27,marathon,0.003,24,false
kick,2026-09-27,scrap-mechanic,0.003,5,false
kick,2026-09-27,fitness-and-health,0.003,26,false
kick,2026-09-27,american-truck-simulator,0.003,86,false
kick,2026-09-27,god-of-war-II,0.003,7,false
kick,2026-09-27,assassins-creed-mirage,0.003,13,false
kick,2026-09-27,world-of-warcraft-classic,0.003,58,false
kick,2026-09-27,star-citizen,0.003,44,false
kick,2026-09-27,russian-fishing-4,0.003,15,false
kick,2026-09-27,counter-strike:-1.6,0.003,44,false
kick,2026-09-27,World-of-Tanks,0.003,65,false
kick,2026-09-27,gang-beasts,0.003,13,false
kick,2026-09-27,chill-corner,0.003,18,false
kick,2026-09-27,tom-clancy's-ghost-recon-wildlands,0.003,32,false
kick,2026-09-27,halo-infinite,0.003,39,false
kick,2026-09-27,Microsoft-Flight-Simulator,0.003,8,false
kick,2026-09-27,call-of-duty-black-ops-6,0.003,53,false
kick,2026-09-27,honkai:-star-rail,0.003,19,false
kick,2026-09-27,forza-horizon-5,0.003,15,false
kick,2026-09-27,no-mans-sky,0.003,73,false
kick,2026-09-27,fifa-20,0.003,6,false
kick,2026-09-27,megabonk,0.003,23,false
kick,2026-09-27,detroit-become-human,0.003,37,false
kick,2026-09-27,wuthering-waves,0.003,46,false
kick,2026-09-27,it-takes-two,0.003,33,false
kick,2026-09-27,the-elder-scrolls-v-skyrim,0.003,18,false
kick,2026-09-27,uncharted:legacy-of-thieves-collection,0.003,10,false
kick,2026-09-27,monopoly--19,0.003,8,false
kick,2026-09-27,gartic-io,0.003,14,false
kick,2026-09-27,conan-exiles,0.003,19,false
kick,2026-09-27,active-matter,0.003,53,false
kick,2026-09-27,Jackbox-Party-Packs,0.003,8,false
kick,2026-09-27,ragnarok-online,0.002,26,false
kick,2026-09-27,tom-clancy-s-rainbow-six,0.002,56,false
kick,2026-09-27,borderlands-2,0.002,10,false
kick,2026-09-27,resident-evil-6,0.002,19,false
kick,2026-09-27,far-cry-6,0.002,39,false
kick,2026-09-27,iracing,0.002,66,false
kick,2026-09-27,snowrunner,0.002,29,false
kick,2026-09-27,skate,0.002,28,false
kick,2026-09-27,medieval-dynasty,0.002,8,false
kick,2026-09-27,metro-last-light,0.002,6,false
kick,2026-09-27,crimson-desert,0.002,62,false
kick,2026-09-27,priston-tale,0.002,9,false
kick,2026-09-27,graveyard-keeper,0.002,10,false
kick,2026-09-27,dont-play-this,0.002,6,false
kick,2026-09-27,call-of-duty:-vanguard,0.002,5,false
kick,2026-09-27,schedule-i,0.002,54,false
kick,2026-09-27,umamusume-pretty-derby,0.002,7,false
kick,2026-09-27,sos-ops,0.002,14,false
kick,2026-09-27,soulframe,0.002,9,false
kick,2026-09-27,hell-let-loose,0.002,12,false
kick,2026-09-27,overcooked-2,0.002,29,false
kick,2026-09-27,tekken-8,0.002,34,false
kick,2026-09-27,openfront,0.002,12,false
kick,2026-09-27,fall-guys:-ultimate-knockout-season-2,0.002,6,false
kick,2026-09-27,mafia:definitive-edition,0.002,15,false
kick,2026-09-27,Resident-Evil-5,0.002,17,false
kick,2026-09-27,fc-mobile,0.002,38,false
kick,2026-09-27,Dark-Souls,0.002,10,false
kick,2026-09-27,pokemon-unite,0.002,27,false
kick,2026-09-27,Mount-&-Blade-II:-Bannerlord,0.002,38,false
kick,2026-09-27,magic-the-gathering-arena,0.002,14,false
kick,2026-09-27,feign,0.002,16,false
kick,2026-09-27,call-of-duty-modern-warfare-4,0.002,97,false
kick,2026-09-27,pokemon-legends-z-a,0.002,10,false
kick,2026-09-27,final-fantasy-vii-og,0.002,6,false
kick,2026-09-27,business-tour,0.002,13,false
kick,2026-09-27,golf-with-your-friends,0.002,23,false
kick,2026-09-27,Clive-Barker's-Hellraiser:-Revival,0.002,11,false
kick,2026-09-27,elden-ring-nightreign,0.002,29,false
kick,2026-09-27,ghost-of-yotei,0.002,5,false
kick,2026-09-27,call-of-duty:-black-ops-III,0.002,34,false
kick,2026-09-27,wolf-team,0.002,10,false
kick,2026-09-27,guild-wars-2,0.002,22,false
kick,2026-09-27,mimesis,0.002,15,false
kick,2026-09-27,coffee-talk,0.002,13,false
kick,2026-09-27,super-battle-golf,0.002,10,false
kick,2026-09-27,baldurs-gate-3,0.002,44,false
kick,2026-09-27,dark-souls:-remastered,0.002,29,false
kick,2026-09-27,skribbl-io,0.002,6,false
kick,2026-09-27,lies-of-pi,0.002,26,false
kick,2026-09-27,call-of-duty:-black-ops,0.002,16,false
kick,2026-09-27,tabletop-rpgs,0.002,19,false
kick,2026-09-27,the-texas-chain-saw-massacre,0.002,10,false
kick,2026-09-27,crab-game,0.001,12,false
kick,2026-09-27,Street-Fighter-6,0.001,24,false
kick,2026-09-27,escape-simulator,0.001,5,false
kick,2026-09-27,carnival-hunt,0.001,7,false
kick,2026-09-27,ea-sports-fc-25,0.001,23,false
kick,2026-09-27,tekken,0.001,6,false
kick,2026-09-27,zenless-zone-zero,0.001,29,false
kick,2026-09-27,final-fantasy-xiv,0.001,44,false
kick,2026-09-27,mortal-shell-ii,0.001,30,false
kick,2026-09-27,mad-max,0.001,7,false
kick,2026-09-27,mortal-kombat-11,0.001,8,false
kick,2026-09-27,Death-Stranding,0.001,11,false
kick,2026-09-27,Dark-Souls-III,0.001,39,false
kick,2026-09-27,dumb-ways-to-build,0.001,12,false
kick,2026-09-27,Need-for-Speed-Unbound,0.001,6,false
kick,2026-09-27,the-legend-of-zelda:-twilight-princess,0.001,12,false
kick,2026-09-27,resident-evil-2-(2019),0.001,36,false
kick,2026-09-27,anime-shop-simulator,0.001,7,false
kick,2026-09-27,path-of-exile,0.001,17,false
kick,2026-09-27,split-fiction,0.001,17,false
kick,2026-09-27,waterpark-simulator,0.001,11,false
kick,2026-09-27,samson,0.001,5,false
kick,2026-09-27,stranded-deep,0.001,7,false
kick,2026-09-27,gears-5,0.001,30,false
kick,2026-09-27,mortal-kombat-1,0.001,24,false
kick,2026-09-27,midnight-club-3:-dub-edition,0.001,6,false
kick,2026-09-27,grand-theft-auto:-vice-city,0.001,27,false
kick,2026-09-27,kingdom-hearts-hd-15-25-remix,0.001,24,false
kick,2026-09-27,mafia-3,0.001,15,false
kick,2026-09-27,dragon-quest-heroes-tornekos-mystery-dungeon-classic-hd,0.001,8,false
kick,2026-09-27,the-outlast-trials,0.001,34,false
kick,2026-09-27,geometry-dash,0.001,74,false
kick,2026-09-27,call-of-duty-modern-warfare-3,0.001,8,false
kick,2026-09-27,monster-hunter-wilds,0.001,48,false
kick,2026-09-27,blazing-sails,0.001,10,false
kick,2026-09-27,anime-squad,0.001,13,false
kick,2026-09-27,grounded-2,0.001,17,false
kick,2026-09-27,cities-skylines-ii,0.001,5,false
kick,2026-09-27,carx-street,0.001,8,false
kick,2026-09-27,assassins-creed-origins,0.001,7,false
kick,2026-09-27,summoners-war:-sky-arena,0.001,5,false
kick,2026-09-27,le-mans-ultimate,0.001,22,false
kick,2026-09-27,horizon-forbidden-west,0.001,13,false
kick,2026-09-27,alan-wake-II,0.001,10,false
kick,2026-09-27,the-legend-of-zelda:-ocarina-of-time,0.001,26,false
kick,2026-09-27,animaly-bar-no-humanity,0.001,5,false
kick,2026-09-27,ready-or-not,0.001,34,false
kick,2026-09-27,wwe-2k26,0.001,33,false
kick,2026-09-27,far_cry_3,0.001,9,false
kick,2026-09-27,eve-online,0.001,9,false
kick,2026-09-27,fire-emblem-fortunes-weave,0.001,23,false
kick,2026-09-27,devour,0.001,22,false
kick,2026-09-27,Ark:-Survival-Evolved,0.001,31,false
kick,2026-09-27,monster-hunter: - world,0.001,23,false
kick,2026-09-27,far-cry-4,0.001,11,false
kick,2026-09-27,content-warning,0.001,15,false
kick,2026-09-27,The-Elder-Scrolls-Online,0.001,15,false
kick,2026-09-27,fast-food-simulator,0.001,7,false
kick,2026-09-27,trails-in-the-sky-2nd-chapter,0.001,10,false
kick,2026-09-27,Cuphead,0.001,24,false
kick,2026-09-27,3d-printing,0.001,10,false
kick,2026-09-27,minecraft-dunegons,0.001,19,false
kick,2026-09-27,counter-strike-global-offensive,0.001,21,false
kick,2026-09-27,burglin-gnomes,0.001,7,false
kick,2026-09-27,friday-the-13th:-the-game,0.001,6,false
kick,2026-09-27,no-more-room-in-hell-2,0.001,18,false
kick,2026-09-27,makers-&-crafting,0.001,10,false
kick,2026-09-27,call-of-duty-modern-warfare-ii,0.001,36,false
kick,2026-09-27,dark-souls-ii-scholar-of-the-first-sin,0.001,21,false
kick,2026-09-27,stray,0.001,9,false
kick,2026-09-27,ea-sports-college-football-27,0.001,28,false
kick,2026-09-27,grand-theft-auto,0.001,6,false
kick,2026-09-27,the-you-quiz,0.001,5,false
kick,2026-09-27,slay-the-spire-ii,0.001,14,false
kick,2026-09-27,gods-death-and-reapers-2,0.001,7,false
kick,2026-09-27,super-smash-bros.-ultimate,0.001,20,false
kick,2026-09-27,battlefield-1,0.001,43,false
kick,2026-09-27,stalker-2-heart-of-chornobyl,0.001,28,false
kick,2026-09-27,The-Legend-of-Zelda:-Breath-of-the-Wild,0.001,11,false
kick,2026-09-27,grounded,0.001,9,false
kick,2026-09-27,the-first-berserker-khazan,0.001,6,false
kick,2026-09-27,Bloodborne,0.001,17,false
kick,2026-09-27,Pokémon-Trading-Card-Game-Live,0.001,5,false
kick,2026-09-27,terraria,0.001,46,false
kick,2026-09-27,control,0.001,27,false
kick,2026-09-27,ragnarok-the-new-world,0.001,14,false
kick,2026-09-27,stream,0.001,22,false
kick,2026-09-27,powerwash-simulator-2,0.001,6,false
kick,2026-09-27,jet-set-radio-future,0.001,5,false
kick,2026-09-27,warhammer-40000-space-marine-II,0.001,26,false
kick,2026-09-27,chillin-by-the-fire,0.001,5,false
kick,2026-09-27,a-plague-tale-innocence,0.001,7,false
kick,2026-09-27,gamble-with-your-friends,0.001,29,false
kick,2026-09-27,Super-Mario-64,0.001,11,false
kick,2026-09-27,tom-clancys-ghost-recon-breakpoint,0.001,19,false
kick,2026-09-27,marvels-spider-man-remastered,0.001,36,false
kick,2026-09-27,nascar-26,0.001,5,false
kick,2026-09-27,The-Forest,0.001,39,false
kick,2026-09-27,dungeons-and-dragons,0.001,26,false
kick,2026-09-27,mario-kart-world,0.001,16,false
kick,2026-09-27,digital-art,0.001,24,false
kick,2026-09-27,second-life,0.001,6,false
kick,2026-09-27,songbattle.io,0.001,8,false
kick,2026-09-27,san-andreas-multiplayer,0.001,15,false
kick,2026-09-27,pokemon-firered-version,0.001,22,false
kick,2026-09-27,persona-5-royal,0.001,12,false
kick,2026-09-27,Hearthstone,0.001,35,false
kick,2026-09-27,fallout:-new-vegas,0.001,8,false
kick,2026-09-27,risk-of-rain-2,0.001,13,false
kick,2026-09-27,backseat,0.001,5,false
kick,2026-09-27,ea-sports-fc-online,0.001,12,false
kick,2026-09-27,pokemon-champions,0.001,19,false
kick,2026-09-27,MapleStory,0.001,16,false
kick,2026-09-27,digimon-story-time-stranger,0.001,5,false
kick,2026-09-27,Starcraft-II,0.001,20,false
kick,2026-09-27,funnel-runners,0.001,12,false
kick,2026-09-27,madden-nfl-26,0.001,12,false
kick,2026-09-27,hollow-knight,0.001,48,false
kick,2026-09-27,the-crew:-motorfest,0.001,13,false
kick,2026-09-27,the-walking-dead-the-telltale-definitive-series,0.001,12,false
kick,2026-09-27,Lost-Ark,0.001,6,false
kick,2026-09-27,world-of-warcraft-classic-hardcore,0.001,22,false
kick,2026-09-27,counter-strike-source,0.001,8,false
kick,2026-09-27,alice-madness-returns,0.001,9,false
kick,2026-09-27,pro-evolution-soccer-6,0.001,14,false
kick,2026-09-27,gothic,0.001,5,false
kick,2026-09-27,the-legend-of-zelda:-tears-of-the-kingdom,0.001,12,false
kick,2026-09-27,team-fortress-2,0.001,26,false
kick,2026-09-27,half-life,0.001,12,false
kick,2026-09-27,smite-2,0.001,34,false
kick,2026-09-27,among-us-3d,0.001,6,false
kick,2026-09-27,final-fantasy-xvi,0.001,5,false
kick,2026-09-27,efootball-2024,0.001,8,false
kick,2026-09-27,warcraft-iii-reforged,0.001,30,false
kick,2026-09-27,mafia-the-old-country,0.001,12,false
kick,2026-09-27,brotato,0.001,5,false
kick,2026-09-27,well-dweller,0.001,20,false
kick,2026-09-27,reading,0.001,9,false
kick,2026-09-27,onestate,0.001,5,false
kick,2026-09-27,car-mechanic-simulator-2021,0.001,6,false
kick,2026-09-27,max-payne-3,0.001,5,false
kick,2026-09-27,raid-shadow-legends,0.001,5,false
kick,2026-09-27,core-keeper,0.000,8,false
kick,2026-09-27,plants-vs.-zombies,0.000,12,false
kick,2026-09-27,pragmata,0.000,16,false
kick,2026-09-27,house-flipper,0.000,8,false
kick,2026-09-27,World-of-Warships,0.000,13,false
kick,2026-09-27,subnautica,0.000,10,false
kick,2026-09-27,fishing-planet,0.000,11,false
kick,2026-09-27,tiny-tina's-wonderlands,0.000,5,false
kick,2026-09-27,for-honor,0.000,45,false
kick,2026-09-27,perfect-world,0.000,5,false
kick,2026-09-27,green-hell,0.000,17,false
kick,2026-09-27,fallout-76,0.000,24,false
kick,2026-09-27,half_sword,0.000,8,false
kick,2026-09-27,brawlhalla,0.000,40,false
kick,2026-09-27,cast-n-chill,0.000,6,false
kick,2026-09-27,super-mario-maker-2,0.000,8,false
kick,2026-09-27,Silent-Hill-2,0.000,19,false
kick,2026-09-27,call-of-duty:-dmz,0.000,21,false
kick,2026-09-27,uncharted-4-a-thief-s-end,0.000,14,false
kick,2026-09-27,stellar-blade,0.000,15,false
kick,2026-09-27,lawn-mowing-simulator,0.000,5,false
kick,2026-09-27,fortnite-save-the-world,0.000,19,false
kick,2026-09-27,days-gone,0.000,19,false
kick,2026-09-27,clash-of-clans,0.000,30,false
kick,2026-09-27,escape-from-tarkov-arena,0.000,13,false
kick,2026-09-27,the-quarry,0.000,10,false
kick,2026-09-27,dying-light-2:stay-human,0.000,24,false
kick,2026-09-27,live-a-live,0.000,9,false
kick,2026-09-27,aion,0.000,7,false
kick,2026-09-27,Resident-Evil-2,0.000,25,false
kick,2026-09-27,Fallout-4,0.000,19,false
kick,2026-09-27,the-seven-deadly-sins-origin,0.000,13,false
kick,2026-09-27,lethal-company,0.000,28,false
kick,2026-09-27,level-devil,0.000,5,false
kick,2026-09-27,livestream,0.000,18,false
kick,2026-09-27,resident-evil,0.000,23,false
kick,2026-09-27,night_crows,0.000,7,false
kick,2026-09-27,heartopia,0.000,9,false
kick,2026-09-27,honor-of-kings,0.000,26,false
kick,2026-09-27,hollow-knight-silksong,0.000,27,false
kick,2026-09-27,mafia-II:-definitive-edition,0.000,7,false
kick,2026-09-27,predecessor,0.000,18,false
kick,2026-09-27,resident-evil-2-1998,0.000,6,false
kick,2026-09-27,tomodachi-life-living-the-dream,0.000,9,false
kick,2026-09-27,horizon-zero-dawn,0.000,12,false
kick,2026-09-27,visage,0.000,5,false
kick,2026-09-27,state-of-decay-2,0.000,12,false
kick,2026-09-27,five-nights-at-freddy's,0.000,12,false
kick,2026-09-27,runescape,0.000,19,false
kick,2026-09-27,project-bloodstrike,0.000,25,false
kick,2026-09-27,metro-2033-redux,0.000,9,false
kick,2026-09-27,i-know-a-guy,0.000,8,false
kick,2026-09-27,mir-tankov,0.000,16,false
kick,2026-09-27,satisfactory,0.000,17,false
kick,2026-09-27,final-fantasy-vii-rebirth,0.000,15,false
kick,2026-09-27,balatro,0.000,9,false
kick,2026-09-27,borderlands-4,0.000,21,false
kick,2026-09-27,invokyr,0.000,8,false
kick,2026-09-27,final-fantasy-VII-remake,0.000,15,false
kick,2026-09-27,heroes-of-newerth-reborn,0.000,5,false
kick,2026-09-27,Mario-Kart-8-Deluxe,0.000,5,false
kick,2026-09-27,gears-of-war-e-day,0.000,7,false
kick,2026-09-27,ea-sports-ufc-6,0.000,13,false
kick,2026-09-27,roadhouse-simulator,0.000,7,false
kick,2026-09-27,cry-of-fear,0.000,11,false
kick,2026-09-27,naraka:-bladepoint,0.000,9,false
kick,2026-09-27,little-nightmares-iii--1,0.000,6,false
kick,2026-09-27,pro-soccer-online,0.000,9,false
kick,2026-09-27,alien:-isolation,0.000,8,false
kick,2026-09-27,dragon-ball-xenoverse-2,0.000,7,false
kick,2026-09-27,jump-king,0.000,5,false
kick,2026-09-27,need-for-speed-heat,0.000,16,false
kick,2026-09-27,dead-space,0.000,8,false
kick,2026-09-27,world-war-z,0.000,15,false
kick,2026-09-27,friday-night-funkin',0.000,6,false
kick,2026-09-27,makeup-beauty,0.000,5,false
kick,2026-09-27,dragon-ball-z:-budokai-tenkaichi-3,0.000,13,false
kick,2026-09-27,Resident-Evil-3,0.000,20,false
kick,2026-09-27,restory,0.000,6,false
kick,2026-09-27,splatoon-3,0.000,10,false
kick,2026-09-27,fragpunk,0.000,15,false
kick,2026-09-27,the-first-descendant,0.000,15,false
kick,2026-09-27,mistfall-hunter,0.000,16,false
kick,2026-09-27,streamer-daily,0.000,7,false
kick,2026-09-27,star-wars-zero-company,0.000,7,false
kick,2026-09-27,watchdogs,0.000,12,false
kick,2026-09-27,supermarket-simulator,0.000,17,false
kick,2026-09-27,remnant-ii,0.000,6,false
kick,2026-09-27,call-of-duty:-modern-warfare,0.000,14,false
kick,2026-09-27,languages,0.000,5,false
kick,2026-09-27,Star-Wars-Jedi:-Fallen-Order,0.000,6,false
kick,2026-09-27,chivalry-2,0.000,16,false
kick,2026-09-27,roadcraft,0.000,5,false
kick,2026-09-27,quarantine-zone-the-last-check,0.000,6,false
kick,2026-09-27,domino,0.000,7,false
kick,2026-09-27,gothic-1-remake,0.000,11,false
kick,2026-09-27,gaming-cafe-simulator,0.000,32,false
kick,2026-09-27,strikers-club,0.000,18,false
kick,2026-09-27,halo:-the-master-chief-collection,0.000,16,false
kick,2026-09-27,heroes-of-might-and-magic-iii:-horn-of-the-abyss,0.000,5,false
kick,2026-09-27,kingdom-hearts-iii,0.000,5,false
kick,2026-09-27,hell-let-loose-vietnam,0.000,10,false
kick,2026-09-27,call-of-duty:-wwii,0.000,13,false
kick,2026-09-27,assetto-corsa-competizione,0.000,12,false
kick,2026-09-27,icarus,0.000,15,false
kick,2026-09-27,mini-words-top-movies,0.000,7,false
kick,2026-09-27,wo-long-fallen-dynasty,0.000,10,false
kick,2026-09-27,standoff-2,0.000,14,false
kick,2026-09-27,starcraft-remastered,0.000,8,false
kick,2026-09-27,digimon-masters,0.000,6,false
kick,2026-09-27,undisputed,0.000,10,false
kick,2026-09-27,crash-bandicoot-n.-sane-trilogy,0.000,7,false
kick,2026-09-27,risk:-global-domination,0.000,13,false
kick,2026-09-27,call-of-duty:-black-ops-cold-war,0.000,7,false
kick,2026-09-27,need-for-speed:-underground,0.000,7,false
kick,2026-09-27,the-mortuary-assistant,0.000,9,false
kick,2026-09-27,pga-tour-2k25,0.000,13,false
kick,2026-09-27,far-cry-5,0.000,19,false
kick,2026-09-27,call-of-duty-black-ops-zombies,0.000,16,false
kick,2026-09-27,demonologist,0.000,17,false
kick,2026-09-27,abiotic-factor,0.000,6,false
kick,2026-09-27,dark-and-darker,0.000,10,false
kick,2026-09-27,lockdown-protocol,0.000,9,false
kick,2026-09-27,beast-of-reincarnation,0.000,15,false
kick,2026-09-27,backrooms,0.000,8,false
kick,2026-09-27,StarCraft,0.000,7,false
kick,2026-09-27,cities:-skylines,0.000,6,false
kick,2026-09-27,hytale,0.000,9,false
kick,2026-09-27,planet-crafter,0.000,14,false
kick,2026-09-27,the-walking-dead:-season-one,0.000,5,false
kick,2026-09-27,Magic:-The-Gathering,0.000,8,false
kick,2026-09-27,dark-hours,0.000,6,false
kick,2026-09-27,golf-it,0.000,6,false
kick,2026-09-27,sniper-elite-resistance,0.000,8,false
kick,2026-09-27,disney-speedstorm,0.000,6,false
kick,2026-09-27,tabletop-simulator,0.000,6,false
kick,2026-09-27,fifa-23,0.000,5,false
kick,2026-09-27,yu-gi-oh-!-master-duel,0.000,26,false
kick,2026-09-27,monster-hunter-rise,0.000,8,false
kick,2026-09-27,alan-wake,0.000,9,false
kick,2026-09-27,valorant-mobile,0.000,12,false
kick,2026-09-27,tom-clancys-rainbow-six-take-down-–-missions-in-korea,0.000,8,false
kick,2026-09-27,police-chief-simulator,0.000,8,false
kick,2026-09-27,god-of-war-III,0.000,15,false
kick,2026-09-27,metro-exodus,0.000,9,false
kick,2026-09-27,mewgenics,0.000,8,false
kick,2026-09-27,poppy-playtime-chapter-4,0.000,6,false
kick,2026-09-27,enlisted,0.000,10,false
kick,2026-09-27,disney-dreamlight-valley,0.000,15,false
kick,2026-09-27,borderlands-3,0.000,10,false
kick,2026-09-27,star-wars-jedi:-survivor,0.000,8,false
kick,2026-09-27,dimraeth,0.000,12,false
kick,2026-09-27,football-manager-2024,0.000,8,false
kick,2026-09-27,quake-1,0.000,5,false
kick,2026-09-27,cs2d,0.000,24,false
kick,2026-09-27,batman:-arkham-asylum,0.000,11,false
kick,2026-09-27,stalzone,0.000,13,false
kick,2026-09-27,super-mario-galaxy,0.000,5,false
kick,2026-09-27,evil-west,0.000,7,false
kick,2026-09-27,Sid-Meier's-Civilization-VI,0.000,7,false
kick,2026-09-27,dont-starve-together,0.000,10,false
kick,2026-09-27,enshrouded,0.000,12,false
kick,2026-09-27,plateup!,0.000,9,false
kick,2026-09-27,avatars-frontiers-of-pandora,0.000,10,false
kick,2026-09-27,astroneer,0.000,8,false
kick,2026-09-27,god-of-war-(2005),0.000,18,false
kick,2026-09-27,hello-neighbor,0.000,5,false
kick,2026-09-27,need-for-speed-most-wanted-2005,0.000,22,false
kick,2026-09-27,little-nightmares,0.000,7,false
kick,2026-09-27,blasphemous,0.000,7,false
kick,2026-09-27,palia,0.000,9,false
kick,2026-09-27,rhapsody-a-musical-adventure,0.000,9,false
kick,2026-09-27,the-last-caretaker,0.000,5,false
kick,2026-09-27,dragon-ball-gekishin-squadra,0.000,14,false
kick,2026-09-27,combat-master,0.000,10,false
kick,2026-09-27,destiny,0.000,7,false
kick,2026-09-27,pokemon-anil,0.000,10,false
kick,2026-09-27,x4-foundations,0.000,7,false
kick,2026-09-27,muck,0.000,6,false
kick,2026-09-27,throne-and-liberty,0.000,14,false
kick,2026-09-27,the-long-dark,0.000,5,false
kick,2026-09-27,portal-2,0.000,10,false
kick,2026-09-27,the-hunter-call-of-the-wild,0.000,13,false
kick,2026-09-27,fifa-17,0.000,5,false
kick,2026-09-27,Marvel's-Spider-Man:-Miles-Morales,0.000,6,false
kick,2026-09-27,off-the-grid--1,0.000,14,false
kick,2026-09-27,poppy-playtime,0.000,10,false
kick,2026-09-27,half-life-2,0.000,10,false
kick,2026-09-27,call-of-duty-4:-modern-warfare,0.000,13,false
kick,2026-09-27,beamng-drive,0.000,17,false
kick,2026-09-27,star-wars-the-old-republic,0.000,9,false
kick,2026-09-27,dota,0.000,8,false
kick,2026-09-27,battlefield-4,0.000,10,false
kick,2026-09-27,v-rising,0.000,7,false
kick,2026-09-27,fears-to-fathom-scratch-creek,0.000,7,false
kick,2026-09-27,just-dance-2026-edition,0.000,6,false
kick,2026-09-27,video-production,0.000,9,false
kick,2026-09-27,prince-of-persia-the-lost-crown,0.000,5,false
kick,2026-09-27,marvel-tokon-fighting-souls,0.000,7,false
kick,2026-09-27,car-dealer-simulator,0.000,7,false
kick,2026-09-27,dragon-ball-sparking-zero,0.000,16,false
kick,2026-09-27,hitman,0.000,6,false
kick,2026-09-27,nier:-automata,0.000,7,false
kick,2026-09-27,mass-effect-legendary-edition,0.000,9,false
kick,2026-09-27,ea-sports-fc-24,0.000,5,false
kick,2026-09-27,Clone-Hero,0.000,11,false
kick,2026-09-27,Metal-Gear-Solid-V:-The-Phantom-Pain,0.000,6,false
kick,2026-09-27,retro-rewind-video-store-simulator,0.000,6,false
kick,2026-09-27,comedy-night,0.000,11,false
kick,2026-09-27,gangstar-mirage-city,0.000,15,false
kick,2026-09-27,limbus-company,0.000,5,false
kick,2026-09-27,arknights-endfield,0.000,14,false
kick,2026-09-27,the-lord-of-the-rings-online,0.000,6,false
kick,2026-09-27,farming-simulator-22,0.000,12,false
kick,2026-09-27,dead-space-3,0.000,6,false
kick,2026-09-27,bully:-scholarship-edition,0.000,5,false
kick,2026-09-27,gray-zone-warfare,0.000,13,false
kick,2026-09-27,elite-dangerous-odyssey,0.000,5,false
kick,2026-09-27,dragonsword-awakening,0.000,6,false
kick,2026-09-27,shin-megami-tensei-v-vengeance,0.000,5,false
kick,2026-09-27,dispatch--3,0.000,6,false
kick,2026-09-27,human-fall-flat,0.000,9,false
kick,2026-09-27,celeste,0.000,7,false
kick,2026-09-27,"Warhammer-40,000:-Darktide",0.000,6,false
kick,2026-09-27,lunch-lady,0.000,6,false
kick,2026-09-27,Hades,0.000,11,false
kick,2026-09-27,carry-the-glass,0.000,6,false
kick,2026-09-27,star-trek-online,0.000,8,false
kick,2026-09-27,south-park:-the-stick-of-truth,0.000,8,false
kick,2026-09-27,doom,0.000,8,false
kick,2026-09-27,five-nights-at-freddy's-2,0.000,9,false
kick,2026-09-27,metal-gear-solid-4:-guns-of-the-patriots,0.000,7,false
kick,2026-09-27,goddess-of-victory:-nikke,0.000,5,false
kick,2026-09-27,welcome-to-elderfield,0.000,7,false
kick,2026-09-27,persona-3-reload,0.000,9,false
kick,2026-09-27,pro-evolution-soccer-2013,0.000,6,false
kick,2026-09-27,granny,0.000,12,false
kick,2026-09-27,factorio,0.000,10,false
kick,2026-09-27,chrono-trigger,0.000,5,false
kick,2026-09-27,pop'n-music-lively,0.000,6,false
kick,2026-09-27,flyff-universe,0.000,5,false
kick,2026-09-27,subnautica-2,0.000,8,false
kick,2026-09-27,call-of-duty:-modern-warfare-2,0.000,17,false
kick,2026-09-27,crime-simulator,0.000,6,false
kick,2026-09-27,age-of-empires-ii,0.000,6,false
kick,2026-09-27,manor-lords,0.000,7,false
kick,2026-09-27,arma-3,0.000,13,false
kick,2026-09-27,the-simpsons-hit-&-run,0.000,5,false
kick,2026-09-27,call-of-duty-warzone-mobile,0.000,8,false
kick,2026-09-27,middle-earth-shadow-of-war,0.000,8,false
kick,2026-09-27,3d-modeling,0.000,6,false
kick,2026-09-27,gears-of-war-reloaded,0.000,13,false
kick,2026-09-27,The-Sinking-City-2,0.000,5,false
kick,2026-09-27,the-callisto-protocol,0.000,5,false
kick,2026-09-27,tomb-raider,0.000,6,false
kick,2026-09-27,Super-Mario-World,0.000,8,false
kick,2026-09-27,miniatures,0.000,6,false
kick,2026-09-27,nine-sols,0.000,6,false
kick,2026-09-27,payday-2,0.000,11,false
kick,2026-09-27,conquerors-blade,0.000,6,false
kick,2026-09-27,frostpunk,0.000,5,false
kick,2026-09-27,the-lord-of-the-rings-war-in-the-north-legacy-edition,0.000,5,false
kick,2026-09-27,the-rpg,0.000,5,false
kick,2026-09-27,pokemon-trading-card-game-pocket,0.000,6,false
kick,2026-09-27,mega-quiz-gaming,0.000,11,false
kick,2026-09-27,doom-eternal,0.000,7,false
kick,2026-09-27,sifu,0.000,5,false
kick,2026-09-27,fatal-fury-city-of-the-wolves,0.000,9,false
kick,2026-09-27,SMITE,0.000,5,false
kick,2026-09-27,world-of-tanks-heat,0.000,6,false
kick,2026-09-27,star-wars-outlaws,0.000,10,false
kick,2026-09-27,species-unknown,0.000,9,false
kick,2026-09-27,double-dealers,0.000,6,false
kick,2026-09-27,minecraft-dungeons-ii,0.000,10,false
kick,2026-09-27,dragons-dogma-ii,0.000,7,false
kick,2026-09-27,final-fantasy-x,0.000,6,false
kick,2026-09-27,oxide-survival-island,0.000,7,false
kick,2026-09-27,reanimal,0.000,7,false
kick,2026-09-27,paver-tidy-up-together,0.000,5,false
kick,2026-09-27,age-of-empires-iii:-definitive-edition,0.000,5,false
kick,2026-09-27,photomaly,0.000,6,false
kick,2026-09-27,no-im-not-a-human,0.000,6,false
kick,2026-09-27,shadow-of-the-tomb-raider,0.000,12,false
kick,2026-09-27,minecraft:-story-mode,0.000,6,false
kick,2026-09-27,ea-sports-ufc-5,0.000,5,false
kick,2026-09-27,goals,0.000,9,false
kick,2026-09-27,getting-over-it-with-bennett-foddy,0.000,5,false
kick,2026-09-27,construction-simulator,0.000,5,false
kick,2026-09-27,poppy-playtime-chapter-5-broken-things,0.000,8,false
kick,2026-09-27,scp:-secret-laboratory,0.000,6,false
kick,2026-09-27,spider-man-2,0.000,5,false
kick,2026-09-27,Grand-Theft-Auto-III,0.000,5,false
kick,2026-09-27,asphalt-legends-unite,0.000,6,false
kick,2026-09-27,assassin's-creed-unity,0.000,6,false
kick,2026-09-27,pokemmo,0.000,6,false
kick,2026-09-27,fate-grand-order,0.000,6,false
kick,2026-09-27,one-armed-robber,0.000,6,false
kick,2026-09-27,payday-3,0.000,5,false
kick,2026-09-27,vein,0.000,5,false
kick,2026-09-27,strinova,0.000,6,false
kick,2026-09-27,paladins,0.000,5,false
kick,2026-09-27,batman:-arkham-origins,0.000,7,false
kick,2026-09-27,Undertale,0.000,6,false
kick,2026-09-27,def-jam-fight-for-ny,0.000,6,false
kick,2026-09-27,gears-of-war-3,0.000,9,false
kick,2026-09-27,Trackmania,0.000,6,false
kick,2026-09-27,vintage-story,0.000,5,false
kick,2026-09-27,Star-Wars-Battlefront-II,0.000,8,false
kick,2026-09-27,uncharted-the-lost-legacy,0.000,5,false
kick,2026-09-27,bioshock,0.000,5,false
kick,2026-09-27,battlefield-2042,0.000,6,false
kick,2026-09-27,dead-island-2,0.000,11,false
kick,2026-09-27,the-witcher,0.000,6,false
kick,2026-09-27,death-stranding-2-on-the-beach,0.000,6,false
kick,2026-09-27,rise-of-the-tomb-raider,0.000,9,false
kick,2026-09-27,friendly-steps,0.000,6,false
kick,2026-09-27,war-by-grow-games,0.000,5,false
kick,2026-09-27,ea-sports-madden-nfl-25,0.000,5,false
kick,2026-09-27,bioshock-2,0.000,5,false
kick,2026-09-27,racing-master,0.000,5,false
kick,2026-09-27,lego-batman-legacy-of-the-dark-knight,0.000,5,false
kick,2026-09-27,god-of-war:-ascension,0.000,5,false
kick,2026-09-27,lords-of-the-fallen,0.000,5,false
kick,2026-09-27,batman-arkham-city,0.000,8,false
kick,2026-09-27,mx-bikes,0.000,7,false
kick,2026-09-27,zula,0.000,5,false
kick,2026-09-27,insurgency:-sandstorm,0.000,5,false
kick,2026-09-27,little-nightmares-II,0.000,6,false
kick,2026-09-27,ran-online,0.000,6,false
kick,2026-09-27,hitman-3,0.000,5,false
kick,2026-09-27,pokemon-platinum,0.000,6,false
kick,2026-09-27,humanitz,0.000,7,false
kick,2026-09-27,battlefield-v,0.000,7,false
kick,2026-09-27,magic-chess-go-go,0.000,5,false
kick,2026-09-27,shape-of-dreams,0.000,5,false
kick,2026-09-27,warface,0.000,7,false
kick,2026-09-27,yu-gi-oh-forbidden-memories,0.000,6,false
kick,2026-09-27,lego-fortnite,0.000,5,false
kick,2026-09-27,dave the-diver,0.000,5,false
kick,2026-09-27,call-to-arms:-gates-of-hell,0.000,7,false
kick,2026-09-27,pubg-ded-dot-net,0.000,7,false
kick,2026-09-27,uno,0.000,6,false
kick,2026-09-27,my-hero-ultra-rumble,0.000,7,false
kick,2026-09-27,we-were-here-together,0.000,5,false
kick,2026-09-27,aliens-fireteam-elite-2,0.000,5,false
kick,2026-09-27,pokemon-heartgold,0.000,6,false
kick,2026-09-27,slime-rancher-2,0.000,5,false
kick,2026-09-27,tom-clancys-the-division-resurgence,0.000,5,false
kick,2026-09-27,a-quiet-place-the-road-ahead,0.000,5,false
kick,2026-09-27,Diablo-III,0.000,5,false
kick,2026-09-27,super-smash-bros.,0.000,5,false
kick,2026-09-27,subway-surfers,0.000,6,false
kick,2026-09-27,devil-may-cry-5,0.000,5,false
kick,2026-09-27,(other: 2341 categories with fewer than 5 channels),0.697,,false
kick,2026-09-28,just-chatting,19.185,17225,false
kick,2026-09-28,irl,15.159,1712,false
kick,2026-09-28,grand-theft-auto-v,14.511,6102,false
kick,2026-09-28,kings-league,9.719,108,false
kick,2026-09-28,slots,6.586,2617,true
kick,2026-09-28,minecraft,4.498,2754,false
kick,2026-09-28,ea-sports-fc-27,4.024,1924,false
kick,2026-09-28,league-of-legends,1.852,3306,false
kick,2026-09-28,counter-strike-2,1.744,3634,false
kick,2026-09-28,pubg-mobile,1.494,848,false
kick,2026-09-28,valorant,1.088,3805,false
kick,2026-09-28,wardogs,0.898,1270,false
kick,2026-09-28,dota-2,0.877,1394,false
kick,2026-09-28,world-of-warcraft-forever,0.817,533,false
kick,2026-09-28,rust,0.649,345,false
kick,2026-09-28,return-of-the-king,0.625,211,false
kick,2026-09-28,just-sleeping,0.607,137,false
kick,2026-09-28,battlegrounds-mobile-india,0.565,381,false
kick,2026-09-28,among-us,0.554,129,false
kick,2026-09-28,nba-2k27,0.548,377,false
kick,2026-09-28,Roblox,0.530,1334,false
kick,2026-09-28,fortnite,0.523,2565,false
kick,2026-09-28,Garena-Free-Fire,0.515,802,false
kick,2026-09-28,chat-roulette,0.502,310,false
kick,2026-09-28,red-dead-redemption-ii,0.420,357,false
kick,2026-09-28,the-blood-of-dawnwalker,0.402,120,false
kick,2026-09-28,crypto-and-trading,0.390,372,false
kick,2026-09-28,pools-hot-tubs-bikinis,0.353,212,false
kick,2026-09-28,Tibia,0.342,311,false
kick,2026-09-28,efootball,0.314,363,false
kick,2026-09-28,rocket-league,0.297,891,false
kick,2026-09-28,call-of-duty-warzone,0.274,1311,false
kick,2026-09-28,old-school-runescape,0.236,329,false
kick,2026-09-28,teamfight-tactics,0.227,280,false
kick,2026-09-28,games-+-demos,0.224,282,false
kick,2026-09-28,music-stations,0.220,688,false
kick,2026-09-28,nba-2k17,0.218,55,false
kick,2026-09-28,mimic-party,0.192,73,false
kick,2026-09-28,Grand-Theft-Auto:-San-Andreas,0.186,70,false
kick,2026-09-28,pubg-battlegrounds,0.182,978,false
kick,2026-09-28,lineage-ii,0.179,456,false
kick,2026-09-28,reaction,0.179,99,false
kick,2026-09-28,arc-raiders,0.175,519,false
kick,2026-09-28,silent-hill-townfall,0.151,332,false
kick,2026-09-28,the-isle,0.138,91,false
kick,2026-09-28,ea-sports-fc-26,0.128,354,false
kick,2026-09-28,vrchat,0.116,81,false
kick,2026-09-28,asmr,0.116,84,false
kick,2026-09-28,escape-from-tarkov,0.113,211,false
kick,2026-09-28,aniimo,0.112,410,false
kick,2026-09-28,twisted-party,0.110,7,false
kick,2026-09-28,dawson-oaks-trailer-park,0.108,21,false
kick,2026-09-28,chess,0.102,95,false
kick,2026-09-28,hogwarts-legacy,0.099,69,false
kick,2026-09-28,Valheim,0.096,396,false
kick,2026-09-28,poker,0.091,104,true
kick,2026-09-28,marvel-rivals,0.091,469,false
kick,2026-09-28,f1-25,0.090,49,false
kick,2026-09-28,dead-by-daylight,0.086,484,false
kick,2026-09-28,manor-lords,0.077,6,false
kick,2026-09-28,sitting-ducks,0.071,6,false
kick,2026-09-28,mobile-legends: - bang-bang,0.069,285,false
kick,2026-09-28,black-desert-online,0.066,108,false
kick,2026-09-28,apex-legends,0.065,645,false
kick,2026-09-28,grand-theft-auto-vi,0.065,177,false
kick,2026-09-28,retro-games,0.064,200,false
kick,2026-09-28,call-of-duty-black-ops-7,0.064,447,false
kick,2026-09-28,animals-nature,0.064,69,false
kick,2026-09-28,deadlock,0.063,103,false
kick,2026-09-28,ragnarok-origin-classic,0.061,8,false
kick,2026-09-28,marvels-wolverine,0.057,145,false
kick,2026-09-28,crossfire,0.057,13,false
kick,2026-09-28,happy-wheels,0.055,8,false
kick,2026-09-28,kingdom-come-deliverance-ii,0.053,25,false
kick,2026-09-28,friday-the-13th:-the-game,0.052,8,false
kick,2026-09-28,call-of-duty:-mobile,0.049,239,false
kick,2026-09-28,blood-strike,0.045,232,false
kick,2026-09-28,sports,0.045,157,false
kick,2026-09-28,Tom-Clancy's-Rainbow-Six-Siege-x,0.045,332,false
kick,2026-09-28,world-of-warcraft,0.045,343,false
kick,2026-09-28,mu-online,0.044,66,false
kick,2026-09-28,diablo-iv,0.043,145,false
kick,2026-09-28,resident-evil-4-remake,0.041,89,false
kick,2026-09-28,Sea-of-Thieves,0.041,63,false
kick,2026-09-28,arena-breakout-infinite,0.041,229,false
kick,2026-09-28,god-of-war-ragnarok,0.040,45,false
kick,2026-09-28,special-events,0.040,25,false
kick,2026-09-28,red-dead-rp,0.040,101,false
kick,2026-09-28,spyhunt,0.040,5,false
kick,2026-09-28,human-fall-flat,0.038,9,false
kick,2026-09-28,seven-days-to-die,0.038,79,false
kick,2026-09-28,elden-ring,0.036,149,false
kick,2026-09-28,euro-truck-simulator-2,0.036,213,false
kick,2026-09-28,supermarket-together,0.036,25,false
kick,2026-09-28,vtubers,0.036,198,false
kick,2026-09-28,live-music,0.034,150,false
kick,2026-09-28,sons-of-the-forest,0.032,50,false
kick,2026-09-28,bodycam,0.032,59,false
kick,2026-09-28,overwatch,0.032,403,false
kick,2026-09-28,mir-4,0.031,30,false
kick,2026-09-28,delta-force,0.031,151,false
kick,2026-09-28,software-development,0.031,52,false
kick,2026-09-28,gang-beasts,0.030,5,false
kick,2026-09-28,Genshin-Impact,0.029,169,false
kick,2026-09-28,control-resonant,0.027,217,false
kick,2026-09-28,goose-goose-duck,0.026,29,false
kick,2026-09-28,grand-theft-auto-iv,0.026,33,false
kick,2026-09-28,Left-4-Dead-2,0.025,244,false
kick,2026-09-28,music-production,0.025,170,false
kick,2026-09-28,cabal-online,0.025,33,false
kick,2026-09-28,cloverpit,0.025,6,false
kick,2026-09-28,Project-Zomboid,0.023,169,false
kick,2026-09-28,news,0.023,118,false
kick,2026-09-28,ddtank,0.023,12,false
kick,2026-09-28,call-of-duty-warzone-2.0,0.021,193,false
kick,2026-09-28,Clash-Royale,0.021,79,false
kick,2026-09-28,woman-simulator,0.020,37,false
kick,2026-09-28,gartic-io,0.020,13,false
kick,2026-09-28,schedule-i,0.020,48,false
kick,2026-09-28,palworld,0.020,102,false
kick,2026-09-28,once-human,0.020,136,false
kick,2026-09-28,madden-nfl-27,0.020,72,false
kick,2026-09-28,madison,0.019,9,false
kick,2026-09-28,Silent-Hill,0.019,5,false
kick,2026-09-28,nhl-27,0.019,14,false
kick,2026-09-28,Albion-Online,0.019,84,false
kick,2026-09-28,indie-games,0.019,65,false
kick,2026-09-28,grain-rot,0.019,16,false
kick,2026-09-28,kick-bounties,0.018,9,false
kick,2026-09-28,geoguessr,0.018,45,false
kick,2026-09-28,8-ball-pool,0.018,11,false
kick,2026-09-28,retro,0.018,47,false
kick,2026-09-28,warframe,0.018,113,false
kick,2026-09-28,the-binding-of-isaac:-repentance,0.017,46,false
kick,2026-09-28,ea-sports-college-football-27,0.017,32,false
kick,2026-09-28,bombanana,0.017,27,false
kick,2026-09-28,silkroad-online,0.017,95,false
kick,2026-09-28,battlefield-redsec,0.016,120,false
kick,2026-09-28,the-last-of-us-part-ii-remastered,0.016,61,false
kick,2026-09-28,runescape-dragonwilds,0.016,165,false
kick,2026-09-28,fall-guys,0.016,90,false
kick,2026-09-28,halloween-the-game,0.016,124,false
kick,2026-09-28,architect-land-of-exiles,0.016,19,false
kick,2026-09-28,battlefield-6,0.015,222,false
kick,2026-09-28,codenames,0.015,20,false
kick,2026-09-28,live-dj,0.015,206,false
kick,2026-09-28,knight-online,0.015,107,false
kick,2026-09-28,The-Last-of-Us,0.014,90,false
kick,2026-09-28,ark-survival-ascended,0.014,62,false
kick,2026-09-28,peak-1,0.014,145,false
kick,2026-09-28,labyrinthine,0.014,8,false
kick,2026-09-28,horizon-forbidden-west,0.013,6,false
kick,2026-09-28,words-on-stream,0.013,9,false
kick,2026-09-28,how-to-fish,0.013,102,false
kick,2026-09-28,digital-art,0.013,33,false
kick,2026-09-28,graveyard-keeper-ii,0.013,73,false
kick,2026-09-28,DayZ,0.012,126,false
kick,2026-09-28,silent-hill-2--1,0.012,22,false
kick,2026-09-28,resonance-a-plague-tale-legacy,0.012,36,false
kick,2026-09-28,resident-evil-requiem,0.012,86,false
kick,2026-09-28,dune-awakening,0.011,78,false
kick,2026-09-28,stranded-deep,0.011,9,false
kick,2026-09-28,assassins-creed-shadows,0.011,20,false
kick,2026-09-28,podcasts,0.011,123,false
kick,2026-09-28,mario-kart-world,0.011,17,false
kick,2026-09-28,yu-gi-oh-forbidden-memories,0.011,7,false
kick,2026-09-28,politics,0.011,44,false
kick,2026-09-28,resident-evil-village,0.011,33,false
kick,2026-09-28,assassins-creed-black-flag-resynced,0.011,35,false
kick,2026-09-28,repo,0.010,164,false
kick,2026-09-28,halo-infinite,0.010,34,false
kick,2026-09-28,onimusha-way-of-the-sword,0.010,115,false
kick,2026-09-28,the-choicer-voicer,0.010,7,false
kick,2026-09-28,mortal-shell-ii,0.010,43,false
kick,2026-09-28,the-witcher-3:-wild-hunt,0.010,48,false
kick,2026-09-28,mortal-kombat-11,0.010,8,false
kick,2026-09-28,call-of-duty-modern-warfare-4,0.010,86,false
kick,2026-09-28,garena-free-fire-max,0.010,241,false
kick,2026-09-28,meccha-chameleon,0.009,23,false
kick,2026-09-28,runescape,0.009,14,false
kick,2026-09-28,grand-theft-auto-san-andreas-the-definitive-edition,0.009,33,false
kick,2026-09-28,art,0.009,92,false
kick,2026-09-28,the-legend-of-zelda:-ocarina-of-time,0.009,36,false
kick,2026-09-28,assetto-corsa,0.009,58,false
kick,2026-09-28,gran-turismo-7,0.009,15,false
kick,2026-09-28,call-of-duty-modern-warfare-ii,0.009,45,false
kick,2026-09-28,windrose,0.009,11,false
kick,2026-09-28,fortnite-zero-build,0.008,169,false
kick,2026-09-28,Dark-Souls,0.008,7,false
kick,2026-09-28,find-the-needle,0.008,53,false
kick,2026-09-28,destiny-2,0.008,74,false
kick,2026-09-28,cyberpunk-2077,0.008,65,false
kick,2026-09-28,Phasmophobia,0.008,115,false
kick,2026-09-28,warcraft-iii-the-frozen-throne,0.008,35,false
kick,2026-09-28,age-of-empires-iv,0.008,18,false
kick,2026-09-28,sos-ops,0.008,28,false
kick,2026-09-28,age-of-empires-II:-definitive-edition,0.007,23,false
kick,2026-09-28,elden-ring-nightreign,0.007,28,false
kick,2026-09-28,kingdom-come:-deliverance,0.007,9,false
kick,2026-09-28,Resident-Evil-4,0.007,47,false
kick,2026-09-28,ragnarok-online,0.007,17,false
kick,2026-09-28,Resident-Evil-2,0.007,20,false
kick,2026-09-28,tom-clancy-s-rainbow-six,0.007,49,false
kick,2026-09-28,Been-There-Won-That,0.007,6,false
kick,2026-09-28,metin-2,0.007,77,false
kick,2026-09-28,tom-clancy's-ghost-recon-wildlands,0.007,39,false
kick,2026-09-28,final-fantasy-xiv,0.007,43,false
kick,2026-09-28,aion-2,0.007,43,false
kick,2026-09-28,final-fantasy-xi,0.007,8,false
kick,2026-09-28,arena-breakout,0.006,22,false
kick,2026-09-28,tom-clancy's-the-division-2,0.006,76,false
kick,2026-09-28,wuthering-waves,0.006,53,false
kick,2026-09-28,wormate-io,0.006,9,false
kick,2026-09-28,football-manager-26,0.006,27,false
kick,2026-09-28,forza-horizon-5,0.006,14,false
kick,2026-09-28,airport-security-sucks,0.006,5,false
kick,2026-09-28,far-cry-6,0.006,26,false
kick,2026-09-28,jawlah,0.006,23,false
kick,2026-09-28,haxball,0.006,43,false
kick,2026-09-28,megabonk,0.006,32,false
kick,2026-09-28,marvels-spider-man-remastered,0.006,31,false
kick,2026-09-28,detroit-become-human,0.006,26,false
kick,2026-09-28,stumble-guys,0.006,35,false
kick,2026-09-28,call-of-duty-modern-warfare-iii,0.006,70,false
kick,2026-09-28,sports-betting,0.006,11,true
kick,2026-09-28,counter-strike-source,0.006,8,false
kick,2026-09-28,forza-horizon-6,0.005,74,false
kick,2026-09-28,mu-dark-epoch,0.005,8,false
kick,2026-09-28,honkai:-star-rail,0.005,44,false
kick,2026-09-28,russian-fishing-4,0.005,15,false
kick,2026-09-28,sekiro:-shadows-die-twice,0.005,30,false
kick,2026-09-28,Hearthstone,0.005,43,false
kick,2026-09-28,god-of-war-III,0.005,16,false
kick,2026-09-28,farming-simulator-2025,0.005,68,false
kick,2026-09-28,brawl-stars,0.005,69,false
kick,2026-09-28,rematch--1,0.005,58,false
kick,2026-09-28,the-bazaar,0.005,6,false
kick,2026-09-28,path-of-exile-2,0.005,82,false
kick,2026-09-28,dying-light-the-beast,0.005,28,false
kick,2026-09-28,golf-it,0.005,8,false
kick,2026-09-28,SCUM,0.005,24,false
kick,2026-09-28,the-finals,0.005,69,false
kick,2026-09-28,minecraft-dunegons,0.005,29,false
kick,2026-09-28,dofus,0.005,15,false
kick,2026-09-28,meditation-and-mindfulness,0.005,13,false
kick,2026-09-28,summoners-war:-sky-arena,0.005,7,false
kick,2026-09-28,resident-evil,0.005,18,false
kick,2026-09-28,dofus-retro,0.005,5,false
kick,2026-09-28,asphalt-legends-unite,0.005,10,false
kick,2026-09-28,hunt:-showdown,0.004,82,false
kick,2026-09-28,honor-of-kings,0.004,35,false
kick,2026-09-28,chained-together,0.004,25,false
kick,2026-09-28,cooking,0.004,15,false
kick,2026-09-28,the-legend-of-zelda:-majora's-mask,0.004,10,false
kick,2026-09-28,monster-hunter-wilds,0.004,30,false
kick,2026-09-28,nba-2k26,0.004,36,false
kick,2026-09-28,death-stranding-2-on-the-beach,0.004,5,false
kick,2026-09-28,beat-saber,0.004,5,false
kick,2026-09-28,pokemon-unite,0.004,20,false
kick,2026-09-28,Street-Fighter-6,0.004,26,false
kick,2026-09-28,Resident-Evil-7:-Biohazard,0.004,32,false
kick,2026-09-28,where-winds-meet,0.004,25,false
kick,2026-09-28,stardew-valley,0.004,62,false
kick,2026-09-28,war-thunder,0.004,85,false
kick,2026-09-28,arma-reforger,0.004,31,false
kick,2026-09-28,black-myth-wukong,0.004,55,false
kick,2026-09-28,arknights-endfield,0.004,15,false
kick,2026-09-28,liars-bar,0.004,7,false
kick,2026-09-28,escape-the-backrooms,0.004,39,false
kick,2026-09-28,command-conquer-generals,0.004,10,false
kick,2026-09-28,no-mans-sky,0.004,60,false
kick,2026-09-28,aion,0.004,13,false
kick,2026-09-28,lies-of-pi,0.004,28,false
kick,2026-09-28,card-games,0.004,8,false
kick,2026-09-28,gears-5,0.004,30,false
kick,2026-09-28,oxygen-not-included,0.004,8,false
kick,2026-09-28,beast-of-reincarnation,0.004,13,false
kick,2026-09-28,league-of-legends-wild-rift,0.004,53,false
kick,2026-09-28,arena-of-valor,0.003,11,false
kick,2026-09-28,the-elder-scrolls-v-skyrim,0.003,12,false
kick,2026-09-28,dumb-ways-to-build,0.003,11,false
kick,2026-09-28,gartic-phone,0.003,27,false
kick,2026-09-28,god-of-war-II,0.003,14,false
kick,2026-09-28,machine-party,0.003,20,false
kick,2026-09-28,the-cabin-game,0.003,10,false
kick,2026-09-28,party-animals,0.003,22,false
kick,2026-09-28,neverness-to-everness,0.003,39,false
kick,2026-09-28,tcg-card-shop-simulator,0.003,24,false
kick,2026-09-28,roblox-studio,0.003,32,false
kick,2026-09-28,crab-game,0.003,11,false
kick,2026-09-28,pokemon-go,0.003,13,false
kick,2026-09-28,chrono-trigger,0.003,5,false
kick,2026-09-28,the-first-berserker-khazan,0.003,13,false
kick,2026-09-28,grand-theft-auto-iii-the-definitive-edition,0.003,12,false
kick,2026-09-28,fire-emblem-fortunes-weave,0.003,30,false
kick,2026-09-28,middle-earth:-shadow-of-mordor,0.003,6,false
kick,2026-09-28,food-drink,0.003,13,false
kick,2026-09-28,scritchy-scratchy,0.003,20,false
kick,2026-09-28,ea-sports-fc-online,0.003,19,false
kick,2026-09-28,command-and-conquer-red-alert-2,0.003,7,false
kick,2026-09-28,Dark-Souls-III,0.003,34,false
kick,2026-09-28,red-dead-redemption,0.003,17,false
kick,2026-09-28,super-battle-golf,0.003,6,false
kick,2026-09-28,call-of-duty-modern-warfare-3,0.003,7,false
kick,2026-09-28,mortal-kombat-1,0.003,25,false
kick,2026-09-28,Bloodborne,0.003,18,false
kick,2026-09-28,helldivers-ii,0.003,92,false
kick,2026-09-28,chill-corner,0.003,19,false
kick,2026-09-28,guild-wars-2,0.003,16,false
kick,2026-09-28,american-truck-simulator,0.002,71,false
kick,2026-09-28,The-Sims-4,0.002,23,false
kick,2026-09-28,it-takes-two,0.002,25,false
kick,2026-09-28,science-technology,0.002,27,false
kick,2026-09-28,Death-Stranding,0.002,18,false
kick,2026-09-28,geometry-dash,0.002,56,false
kick,2026-09-28,reanimal,0.002,12,false
kick,2026-09-28,point-blank,0.002,7,false
kick,2026-09-28,World-of-Tanks,0.002,55,false
kick,2026-09-28,battlefield-1,0.002,40,false
kick,2026-09-28,kakele-online-mmorpg,0.002,6,false
kick,2026-09-28,mlb-the-show-26,0.002,34,false
kick,2026-09-28,blasphemous,0.002,5,false
kick,2026-09-28,active-matter,0.002,41,false
kick,2026-09-28,vampire-survivors,0.002,6,false
kick,2026-09-28,mafia:definitive-edition,0.002,11,false
kick,2026-09-28,the-outlast-trials,0.002,25,false
kick,2026-09-28,radio-commander,0.002,6,false
kick,2026-09-28,final-fantasy-vii-og,0.002,6,false
kick,2026-09-28,disney-dreamlight-valley,0.002,16,false
kick,2026-09-28,Ark:-Survival-Evolved,0.002,31,false
kick,2026-09-28,pokemon-legends-z-a,0.002,7,false
kick,2026-09-28,brawlhalla,0.002,45,false
kick,2026-09-28,graveyard-keeper,0.002,13,false
kick,2026-09-28,marvels-spider-man-2,0.002,40,false
kick,2026-09-28,raft,0.002,18,false
kick,2026-09-28,heartopia,0.002,11,false
kick,2026-09-28,Lost-Ark,0.002,9,false
kick,2026-09-28,marvel-snap,0.002,8,false
kick,2026-09-28,The-Last-of-Us-Part-II,0.002,15,false
kick,2026-09-28,business-tour,0.002,9,false
kick,2026-09-28,call-of-duty:-black-ops,0.002,9,false
kick,2026-09-28,z1-battle-royale,0.002,39,false
kick,2026-09-28,cricket-24,0.002,8,false
kick,2026-09-28,conan-exiles,0.002,14,false
kick,2026-09-28,ea-sports-fc-25,0.002,15,false
kick,2026-09-28,the-crew:-motorfest,0.002,10,false
kick,2026-09-28,waterpark-simulator,0.002,11,false
kick,2026-09-28,mafia-3,0.002,12,false
kick,2026-09-28,split-fiction,0.002,16,false
kick,2026-09-28,tom-clancys-the-division-resurgence,0.002,6,false
kick,2026-09-28,days-gone,0.002,18,false
kick,2026-09-28,the-legend-of-zelda:-twilight-princess,0.002,12,false
kick,2026-09-28,middle-earth-shadow-of-war,0.002,9,false
kick,2026-09-28,pokemon-firered-version,0.002,19,false
kick,2026-09-28,microsoft-flight-simulator-2024,0.002,20,false
kick,2026-09-28,perfect-world,0.002,7,false
kick,2026-09-28,god-of-war,0.002,51,false
kick,2026-09-28,007-first-light,0.002,30,false
kick,2026-09-28,call-of-duty-black-ops-6,0.002,40,false
kick,2026-09-28,terraria,0.002,40,false
kick,2026-09-28,little-nightmares,0.002,10,false
kick,2026-09-28,watch-dogs-2,0.002,13,false
kick,2026-09-28,undisputed,0.002,15,false
kick,2026-09-28,minecraft-dungeons-ii,0.001,12,false
kick,2026-09-28,borderlands-4,0.001,19,false
kick,2026-09-28,pummel-party,0.001,14,false
kick,2026-09-28,efootball-pes-2021,0.001,24,false
kick,2026-09-28,Mount-&-Blade-II:-Bannerlord,0.001,30,false
kick,2026-09-28,shift-at-midnight,0.001,33,false
kick,2026-09-28,star-citizen,0.001,40,false
kick,2026-09-28,pinturillo-2,0.001,5,false
kick,2026-09-28,rehaunted,0.001,6,false
kick,2026-09-28,monopoly-poker,0.001,9,false
kick,2026-09-28,grand-theft-auto,0.001,10,false
kick,2026-09-28,silent-hill-f,0.001,11,false
kick,2026-09-28,le-mans-ultimate,0.001,17,false
kick,2026-09-28,fitness-and-health,0.001,36,false
kick,2026-09-28,green-hell,0.001,18,false
kick,2026-09-28,Starcraft-II,0.001,23,false
kick,2026-09-28,3d-printing,0.001,12,false
kick,2026-09-28,wolf-team,0.001,12,false
kick,2026-09-28,far-cry-4,0.001,9,false
kick,2026-09-28,priston-tale,0.001,10,false
kick,2026-09-28,gears-of-war-4,0.001,14,false
kick,2026-09-28,for-honor,0.001,31,false
kick,2026-09-28,predecessor,0.001,15,false
kick,2026-09-28,garry's-mod,0.001,14,false
kick,2026-09-28,outlast-ii,0.001,17,false
kick,2026-09-28,grand-chase-classic,0.001,5,false
kick,2026-09-28,world-of-warcraft-classic,0.001,55,false
kick,2026-09-28,iracing,0.001,59,false
kick,2026-09-28,makers-&-crafting,0.001,17,false
kick,2026-09-28,dying-light,0.001,29,false
kick,2026-09-28,well-dweller,0.001,21,false
kick,2026-09-28,signalis,0.001,5,false
kick,2026-09-28,ran-online,0.001,7,false
kick,2026-09-28,Diablo-II:-Resurrected,0.001,22,false
kick,2026-09-28,pokemon-emerald,0.001,10,false
kick,2026-09-28,big-walk,0.001,9,false
kick,2026-09-28,alan-wake-II,0.001,9,false
kick,2026-09-28,Resident-Evil-3,0.001,22,false
kick,2026-09-28,zenless-zone-zero,0.001,22,false
kick,2026-09-28,audition-online,0.001,7,false
kick,2026-09-28,ea-sports-madden-nfl-25,0.001,5,false
kick,2026-09-28,age-of-empires-ii,0.001,8,false
kick,2026-09-28,goddess-of-victory:-nikke,0.001,9,false
kick,2026-09-28,gamble-with-your-friends,0.001,13,false
kick,2026-09-28,tekken-8,0.001,41,false
kick,2026-09-28,total-war:-warhammer-iii,0.001,13,false
kick,2026-09-28,raid-shadow-legends,0.001,7,false
kick,2026-09-28,The-Elder-Scrolls-Online,0.001,19,false
kick,2026-09-28,strikers-club,0.001,12,false
kick,2026-09-28,openfront,0.001,9,false
kick,2026-09-28,heroes-of-the-storm,0.001,16,false
kick,2026-09-28,MapleStory,0.001,11,false
kick,2026-09-28,madden-nfl-26,0.001,13,false
kick,2026-09-28,rise-online,0.001,9,false
kick,2026-09-28,crimson-desert,0.001,45,false
kick,2026-09-28,grand-theft-auto-iv:-the-lost-and-damned,0.001,5,false
kick,2026-09-28,dark-and-darker,0.001,11,false
kick,2026-09-28,medieval-dynasty,0.001,7,false
kick,2026-09-28,grounded,0.001,12,false
kick,2026-09-28,assassins-creed-origins,0.001,6,false
kick,2026-09-28,hollow-knight-silksong,0.001,26,false
kick,2026-09-28,epic-seven,0.001,5,false
kick,2026-09-28,supermarket-simulator,0.001,18,false
kick,2026-09-28,automobilista-2,0.001,5,false
kick,2026-09-28,until-dawn,0.001,9,false
kick,2026-09-28,Cuphead,0.001,22,false
kick,2026-09-28,game-development,0.001,33,false
kick,2026-09-28,World-of-Warships,0.001,18,false
kick,2026-09-28,escape-from-tarkov-arena,0.001,8,false
kick,2026-09-28,assassin's-creed-valhalla,0.001,21,false
kick,2026-09-28,far_cry_3,0.001,9,false
kick,2026-09-28,kingdom-rush,0.001,5,false
kick,2026-09-28,world-of-warcraft-classic-hardcore,0.001,21,false
kick,2026-09-28,control,0.001,27,false
kick,2026-09-28,drive-beyond-horizons,0.001,5,false
kick,2026-09-28,Hades,0.001,7,false
kick,2026-09-28,little-nightmares-II,0.001,8,false
kick,2026-09-28,the-elder-scrolls-v-skyrim-special-edition,0.001,46,false
kick,2026-09-28,stream,0.001,24,false
kick,2026-09-28,strinova,0.001,6,false
kick,2026-09-28,wwe-2k26,0.001,21,false
kick,2026-09-28,nba-2k25,0.001,5,false
kick,2026-09-28,world-of-tanks:-blitz,0.001,11,false
kick,2026-09-28,farlight-84,0.001,11,false
kick,2026-09-28,mistfall-hunter,0.001,17,false
kick,2026-09-28,rv-there-yet--1,0.001,54,false
kick,2026-09-28,call-of-duty:-black-ops-II,0.001,39,false
kick,2026-09-28,Resident-Evil-3:-Nemesis,0.001,20,false
kick,2026-09-28,satisfactory,0.001,16,false
kick,2026-09-28,beyond:-two-souls,0.001,11,false
kick,2026-09-28,hades-ii,0.001,5,false
kick,2026-09-28,stalker-2-heart-of-chornobyl,0.001,21,false
kick,2026-09-28,tabletop-rpgs,0.001,9,false
kick,2026-09-28,digimon-masters,0.001,8,false
kick,2026-09-28,deltarune,0.001,9,false
kick,2026-09-28,persona-3-reload,0.001,8,false
kick,2026-09-28,anime-squad,0.001,10,false
kick,2026-09-28,core-keeper,0.001,5,false
kick,2026-09-28,resident-evil-2-(2019),0.001,39,false
kick,2026-09-28,slay-the-spire-ii,0.001,6,false
kick,2026-09-28,demonologist,0.001,14,false
kick,2026-09-28,fishing-planet,0.001,13,false
kick,2026-09-28,pro-evolution-soccer-6,0.001,7,false
kick,2026-09-28,carry-the-glass,0.001,8,false
kick,2026-09-28,ragnarok-the-new-world,0.001,8,false
kick,2026-09-28,call-of-duty:-vanguard,0.001,5,false
kick,2026-09-28,pokemon-champions,0.001,19,false
kick,2026-09-28,fc-mobile,0.001,30,false
kick,2026-09-28,marathon,0.001,17,false
kick,2026-09-28,counter-strike:-1.6,0.001,44,false
kick,2026-09-28,squad,0.001,23,false
kick,2026-09-28,buckshot-roulette,0.001,7,false
kick,2026-09-28,horizon-zero-dawn,0.001,13,false
kick,2026-09-28,dark-souls:-remastered,0.001,28,false
kick,2026-09-28,the-seven-deadly-sins-origin,0.001,11,false
kick,2026-09-28,outlast,0.001,28,false
kick,2026-09-28,skate,0.001,22,false
kick,2026-09-28,cast-n-chill,0.001,6,false
kick,2026-09-28,payday-3,0.001,6,false
kick,2026-09-28,persona-5-royal,0.001,11,false
kick,2026-09-28,baldurs-gate-3,0.001,29,false
kick,2026-09-28,ready-or-not,0.001,33,false
kick,2026-09-28,pragmata,0.001,17,false
kick,2026-09-28,doom,0.001,9,false
kick,2026-09-28,trading-cards,0.001,7,false
kick,2026-09-28,h1z1,0.001,22,false
kick,2026-09-28,eve-online,0.001,10,false
kick,2026-09-28,The-Forest,0.001,32,false
kick,2026-09-28,Resident-Evil-5,0.001,19,false
kick,2026-09-28,alice-madness-returns,0.001,5,false
kick,2026-09-28,devour,0.001,16,false
kick,2026-09-28,snowrunner,0.001,27,false
kick,2026-09-28,san-andreas-multiplayer,0.001,5,false
kick,2026-09-28,osu!,0.001,34,false
kick,2026-09-28,uno,0.001,5,false
kick,2026-09-28,call-of-duty:-black-ops-cold-war,0.001,6,false
kick,2026-09-28,path-of-exile,0.001,14,false
kick,2026-09-28,magic-the-gathering-arena,0.001,12,false
kick,2026-09-28,Magic:-The-Gathering,0.001,10,false
kick,2026-09-28,reading,0.001,7,false
kick,2026-09-28,football-manager-2024,0.000,7,false
kick,2026-09-28,resident-evil-code-veronica,0.000,7,false
kick,2026-09-28,dark-souls-ii-scholar-of-the-first-sin,0.000,19,false
kick,2026-09-28,uncharted-4-a-thief-s-end,0.000,16,false
kick,2026-09-28,clair-obscur-expedition-33,0.000,17,false
kick,2026-09-28,mir-tankov,0.000,15,false
kick,2026-09-28,chivalry-2,0.000,17,false
kick,2026-09-28,smite-2,0.000,34,false
kick,2026-09-28,grounded-2,0.000,11,false
kick,2026-09-28,fallout-76,0.000,24,false
kick,2026-09-28,hollow-knight,0.000,39,false
kick,2026-09-28,livestream,0.000,15,false
kick,2026-09-28,last-epoch,0.000,6,false
kick,2026-09-28,tomodachi-life-living-the-dream,0.000,7,false
kick,2026-09-28,super-smash-bros.-ultimate,0.000,13,false
kick,2026-09-28,Sid-Meier's-Civilization-VI,0.000,8,false
kick,2026-09-28,Fallout-4,0.000,17,false
kick,2026-09-28,throne-and-liberty,0.000,13,false
kick,2026-09-28,night_crows,0.000,7,false
kick,2026-09-28,world-war-z,0.000,9,false
kick,2026-09-28,the-evil-within-2,0.000,5,false
kick,2026-09-28,risk:-global-domination,0.000,12,false
kick,2026-09-28,monster-hunter: - world,0.000,17,false
kick,2026-09-28,palia,0.000,8,false
kick,2026-09-28,half-life,0.000,14,false
kick,2026-09-28,board-games,0.000,7,false
kick,2026-09-28,dragon-ball-z:-budokai-tenkaichi-3,0.000,8,false
kick,2026-09-28,batman:-arkham-asylum,0.000,14,false
kick,2026-09-28,dave the-diver,0.000,7,false
kick,2026-09-28,assassins-creed-mirage,0.000,7,false
kick,2026-09-28,warhammer-40000-space-marine-II,0.000,28,false
kick,2026-09-28,warcraft-iii-reforged,0.000,23,false
kick,2026-09-28,quarantine-zone-the-last-check,0.000,7,false
kick,2026-09-28,video-production,0.000,10,false
kick,2026-09-28,grand-theft-auto:-vice-city-the-definitive-edition,0.000,22,false
kick,2026-09-28,beamng-drive,0.000,14,false
kick,2026-09-28,atomic-heart,0.000,6,false
kick,2026-09-28,mechwarrior-5:-mercenaries,0.000,5,false
kick,2026-09-28,StarCraft,0.000,7,false
kick,2026-09-28,coffee-talk,0.000,16,false
kick,2026-09-28,call-of-duty:-dmz,0.000,23,false
kick,2026-09-28,ghost-of-tsushima,0.000,28,false
kick,2026-09-28,call-of-duty:-black-ops-III,0.000,29,false
kick,2026-09-28,gears-of-war-e-day,0.000,8,false
kick,2026-09-28,kingdom-hearts-hd-15-25-remix,0.000,24,false
kick,2026-09-28,rise-of-the-tomb-raider,0.000,10,false
kick,2026-09-28,ea-sports-fc-24,0.000,10,false
kick,2026-09-28,The-Legend-of-Zelda:-Breath-of-the-Wild,0.000,9,false
kick,2026-09-28,resident-evil-6,0.000,17,false
kick,2026-09-28,Undertale,0.000,10,false
kick,2026-09-28,prince-of-persia-the-lost-crown,0.000,7,false
kick,2026-09-28,backrooms-escape-together,0.000,6,false
kick,2026-09-28,carnival-hunt,0.000,5,false
kick,2026-09-28,final-fantasy-vii-rebirth,0.000,16,false
kick,2026-09-28,The-Sinking-City-2,0.000,7,false
kick,2026-09-28,splatoon-3,0.000,8,false
kick,2026-09-28,overcooked-2,0.000,10,false
kick,2026-09-28,poppy-playtime,0.000,9,false
kick,2026-09-28,pro-soccer-online,0.000,7,false
kick,2026-09-28,blazing-sails,0.000,12,false
kick,2026-09-28,quizei,0.000,11,false
kick,2026-09-28,Star-Wars-Battlefront-II,0.000,9,false
kick,2026-09-28,metro-2033-redux,0.000,8,false
kick,2026-09-28,project-bloodstrike,0.000,26,false
kick,2026-09-28,uncharted:legacy-of-thieves-collection,0.000,7,false
kick,2026-09-28,persona-4-golden,0.000,6,false
kick,2026-09-28,enshrouded,0.000,10,false
kick,2026-09-28,planet-crafter,0.000,14,false
kick,2026-09-28,Silent-Hill-2,0.000,11,false
kick,2026-09-28,grand-theft-auto:-vice-city,0.000,20,false
kick,2026-09-28,a-plague-tale:-requiem,0.000,6,false
kick,2026-09-28,stalzone,0.000,15,false
kick,2026-09-28,mafia-II:-definitive-edition,0.000,5,false
kick,2026-09-28,granny,0.000,15,false
kick,2026-09-28,lego-batman-legacy-of-the-dark-knight,0.000,9,false
kick,2026-09-28,balatro,0.000,5,false
kick,2026-09-28,muck,0.000,6,false
kick,2026-09-28,state-of-decay-2,0.000,13,false
kick,2026-09-28,golf-with-your-friends,0.000,11,false
kick,2026-09-28,counter-strike-global-offensive,0.000,16,false
kick,2026-09-28,the-quarry,0.000,7,false
kick,2026-09-28,fragpunk,0.000,13,false
kick,2026-09-28,far-cry-5,0.000,10,false
kick,2026-09-28,ea-sports-ufc-6,0.000,10,false
kick,2026-09-28,shadow-of-the-tomb-raider,0.000,12,false
kick,2026-09-28,stray,0.000,5,false
kick,2026-09-28,hell-let-loose-vietnam,0.000,9,false
kick,2026-09-28,hearts-of-iron-iv,0.000,7,false
kick,2026-09-28,live-a-live,0.000,8,false
kick,2026-09-28,anime-shop-simulator,0.000,7,false
kick,2026-09-28,a-quiet-place-the-road-ahead,0.000,5,false
kick,2026-09-28,the-texas-chain-saw-massacre,0.000,11,false
kick,2026-09-28,clash-of-clans,0.000,28,false
kick,2026-09-28,halo:-the-master-chief-collection,0.000,19,false
kick,2026-09-28,streamer-daily,0.000,17,false
kick,2026-09-28,the-legend-of-zelda:-tears-of-the-kingdom,0.000,8,false
kick,2026-09-28,ace-combat-8-wings-of-theve,0.000,19,false
kick,2026-09-28,cult-of-the-lamb,0.000,5,false
kick,2026-09-28,icarus,0.000,12,false
kick,2026-09-28,hytale,0.000,13,false
kick,2026-09-28,no-more-room-in-hell-2,0.000,6,false
kick,2026-09-28,assetto-corsa-competizione,0.000,11,false
kick,2026-09-28,dragons-dogma-ii,0.000,14,false
kick,2026-09-28,need-for-speed-most-wanted-2005,0.000,20,false
kick,2026-09-28,valorant-mobile,0.000,15,false
kick,2026-09-28,tomb-raider,0.000,9,false
kick,2026-09-28,Marbles-On-Stream,0.000,6,false
kick,2026-09-28,factorio,0.000,10,false
kick,2026-09-28,dying-light-2:stay-human,0.000,16,false
kick,2026-09-28,dungeons-and-dragons,0.000,18,false
kick,2026-09-28,fortnite-save-the-world,0.000,14,false
kick,2026-09-28,the-mortuary-assistant,0.000,6,false
kick,2026-09-28,rf-online,0.000,7,false
kick,2026-09-28,species-unknown,0.000,9,false
kick,2026-09-28,soulmask,0.000,5,false
kick,2026-09-28,fallout:-new-vegas,0.000,9,false
kick,2026-09-28,RimWorld,0.000,9,false
kick,2026-09-28,restory,0.000,8,false
kick,2026-09-28,alien:-isolation,0.000,13,false
kick,2026-09-28,the-simpsons-hit-&-run,0.000,8,false
kick,2026-09-28,efootball-2024,0.000,12,false
kick,2026-09-28,roadhouse-simulator,0.000,8,false
kick,2026-09-28,combat-master,0.000,13,false
kick,2026-09-28,team-fortress-2,0.000,15,false
kick,2026-09-28,cs2d,0.000,25,false
kick,2026-09-28,remnant:from-the-ashes,0.000,6,false
kick,2026-09-28,dont-starve-together,0.000,11,false
kick,2026-09-28,half-life-2,0.000,7,false
kick,2026-09-28,the-lord-of-the-rings-online,0.000,7,false
kick,2026-09-28,trails-in-the-sky-2nd-chapter,0.000,8,false
kick,2026-09-28,gaming-cafe-simulator,0.000,30,false
kick,2026-09-28,yu-gi-oh-!-master-duel,0.000,17,false
kick,2026-09-28,dragon-ball-sparking-zero,0.000,9,false
kick,2026-09-28,pokemon-anil,0.000,8,false
kick,2026-09-28,standoff-2,0.000,8,false
kick,2026-09-28,farming-simulator-22,0.000,13,false
kick,2026-09-28,hello-neighbor,0.000,7,false
kick,2026-09-28,batman:-arkham-knight,0.000,7,false
kick,2026-09-28,pga-tour-2k25,0.000,8,false
kick,2026-09-28,umamusume-pretty-derby,0.000,7,false
kick,2026-09-28,super-mario-maker-2,0.000,8,false
kick,2026-09-28,Super-Mario-World,0.000,10,false
kick,2026-09-28,shady-job,0.000,7,false
kick,2026-09-28,risk-of-rain-2,0.000,11,false
kick,2026-09-28,the-evil-within,0.000,8,false
kick,2026-09-28,the-hunter-call-of-the-wild,0.000,13,false
kick,2026-09-28,nier:-automata,0.000,5,false
kick,2026-09-28,Super-Mario-64,0.000,13,false
kick,2026-09-28,scp:-secret-laboratory,0.000,7,false
kick,2026-09-28,tarot,0.000,6,false
kick,2026-09-28,god-of-war-(2005),0.000,9,false
kick,2026-09-28,call-of-duty-4:-modern-warfare,0.000,8,false
kick,2026-09-28,the-binding-of-isaac:rebirth,0.000,7,false
kick,2026-09-28,remnant-ii,0.000,8,false
kick,2026-09-28,gangstar-mirage-city,0.000,15,false
kick,2026-09-28,euro-truck-simulator,0.000,5,false
kick,2026-09-28,stellar-blade,0.000,13,false
kick,2026-09-28,Metal-Gear-Solid-V:-The-Phantom-Pain,0.000,6,false
kick,2026-09-28,borderlands-2,0.000,10,false
kick,2026-09-28,gray-zone-warfare,0.000,11,false
kick,2026-09-28,god-of-war:-ascension,0.000,5,false
kick,2026-09-28,content-warning,0.000,7,false
kick,2026-09-28,final-fantasy-VII-remake,0.000,14,false
kick,2026-09-28,Need-for-Speed-Unbound,0.000,5,false
kick,2026-09-28,mafia-the-old-country,0.000,12,false
kick,2026-09-28,monopoly--19,0.000,6,false
kick,2026-09-28,dragon-ball-gekishin-squadra,0.000,11,false
kick,2026-09-28,halo-campaign-evolved,0.000,17,false
kick,2026-09-28,plants-vs.-zombies,0.000,12,false
kick,2026-09-28,urban-terror,0.000,5,false
kick,2026-09-28,burglin-gnomes,0.000,6,false
kick,2026-09-28,Pokémon-Trading-Card-Game-Live,0.000,5,false
kick,2026-09-28,lords-of-the-fallen,0.000,8,false
kick,2026-09-28,plateup!,0.000,7,false
kick,2026-09-28,super-mario-galaxy,0.000,6,false
kick,2026-09-28,dishonored,0.000,6,false
kick,2026-09-28,ranch-simulator,0.000,9,false
kick,2026-09-28,comedy-night,0.000,5,false
kick,2026-09-28,subnautica,0.000,6,false
kick,2026-09-28,the-first-descendant,0.000,12,false
kick,2026-09-28,marvel-tokon-fighting-souls,0.000,5,false
kick,2026-09-28,avatars-frontiers-of-pandora,0.000,9,false
kick,2026-09-28,the-long-dark,0.000,5,false
kick,2026-09-28,my-hero-ultra-rumble,0.000,8,false
kick,2026-09-28,lethal-company,0.000,18,false
kick,2026-09-28,hell-let-loose,0.000,12,false
kick,2026-09-28,rhapsody-a-musical-adventure,0.000,5,false
kick,2026-09-28,pokemmo,0.000,8,false
kick,2026-09-28,crash-bandicoot-n.-sane-trilogy,0.000,11,false
kick,2026-09-28,assetto-corsa-rally,0.000,5,false
kick,2026-09-28,photomaly,0.000,6,false
kick,2026-09-28,call-of-duty:-modern-warfare-2,0.000,8,false
kick,2026-09-28,doginal-dogs-legends,0.000,5,false
kick,2026-09-28,dirty-business,0.000,5,false
kick,2026-09-28,call-of-duty-warzone-mobile,0.000,12,false
kick,2026-09-28,subnautica-2,0.000,7,false
kick,2026-09-28,portal-2,0.000,10,false
kick,2026-09-28,tom-clancys-rainbow-six-take-down-–-missions-in-korea,0.000,8,false
kick,2026-09-28,assassins's-creed-odyssey,0.000,17,false
kick,2026-09-28,pratfall,0.000,7,false
kick,2026-09-28,star-wars-zero-company,0.000,7,false
kick,2026-09-28,archeage,0.000,5,false
kick,2026-09-28,gothic-1-remake,0.000,6,false
kick,2026-09-28,battlefield-3,0.000,5,false
kick,2026-09-28,raceroom-racing-experience,0.000,5,false
kick,2026-09-28,ori-and-the-blind-forest,0.000,5,false
kick,2026-09-28,Titanfall-2,0.000,8,false
kick,2026-09-28,graphic-design,0.000,6,false
kick,2026-09-28,star-wars-jedi:-survivor,0.000,11,false
kick,2026-09-28,dead-space,0.000,7,false
kick,2026-09-28,enlisted,0.000,8,false
kick,2026-09-28,pokemon-platinum,0.000,9,false
kick,2026-09-28,little-nightmares-iii--1,0.000,9,false
kick,2026-09-28,watchdogs,0.000,11,false
kick,2026-09-28,visage,0.000,5,false
kick,2026-09-28,Grand-Theft-Auto-III,0.000,7,false
kick,2026-09-28,onestate,0.000,7,false
kick,2026-09-28,dead-space-2023,0.000,8,false
kick,2026-09-28,limbus-company,0.000,6,false
kick,2026-09-28,no-rest-for-the-wicked,0.000,5,false
kick,2026-09-28,chillin-by-the-fire,0.000,5,false
kick,2026-09-28,tom-clancys-ghost-recon-breakpoint,0.000,12,false
kick,2026-09-28,call-of-duty:-modern-warfare,0.000,10,false
kick,2026-09-28,Marvel's-Spider-Man:-Miles-Morales,0.000,9,false
kick,2026-09-28,south-park:-the-stick-of-truth,0.000,5,false
kick,2026-09-28,warface,0.000,9,false
kick,2026-09-28,a-plague-tale-innocence,0.000,6,false
kick,2026-09-28,monster-hunter-rise,0.000,11,false
kick,2026-09-28,slime-rancher,0.000,6,false
kick,2026-09-28,infinity-nikki,0.000,6,false
kick,2026-09-28,star-wars-the-old-republic,0.000,8,false
kick,2026-09-28,i-know-a-guy,0.000,5,false
kick,2026-09-28,v-rising,0.000,6,false
kick,2026-09-28,fears-to-fathom-scratch-creek,0.000,9,false
kick,2026-09-28,nine-sols,0.000,6,false
kick,2026-09-28,sleeping-dogs-definitive-edition,0.000,6,false
kick,2026-09-28,friday-night-funkin',0.000,6,false
kick,2026-09-28,a-weird-game-about-sausage,0.000,6,false
kick,2026-09-28,bioshock,0.000,6,false
kick,2026-09-28,dragonsword-awakening,0.000,7,false
kick,2026-09-28,Clive-Barker's-Hellraiser:-Revival,0.000,7,false
kick,2026-09-28,call-of-duty-2,0.000,6,false
kick,2026-09-28,contraband-police,0.000,6,false
kick,2026-09-28,arma-3,0.000,7,false
kick,2026-09-28,gothic-II,0.000,5,false
kick,2026-09-28,Trackmania,0.000,5,false
kick,2026-09-28,starfield,0.000,5,false
kick,2026-09-28,battlefield-2042,0.000,6,false
kick,2026-09-28,plants-vs.-zombies:-garden-warfare-2,0.000,6,false
kick,2026-09-28,payday-2,0.000,6,false
kick,2026-09-28,gym-manager,0.000,5,false
kick,2026-09-28,subway-surfers,0.000,9,false
kick,2026-09-28,x4-foundations,0.000,5,false
kick,2026-09-28,borderlands-3,0.000,7,false
kick,2026-09-28,dota,0.000,6,false
kick,2026-09-28,crash-bandacoot-4:-it's-about-time,0.000,7,false
kick,2026-09-28,gears-of-war-reloaded,0.000,9,false
kick,2026-09-28,metal-gear-solid-4:-guns-of-the-patriots,0.000,11,false
kick,2026-09-28,flyff-universe,0.000,5,false
kick,2026-09-28,cities:-skylines,0.000,5,false
kick,2026-09-28,hitman-3,0.000,5,false
kick,2026-09-28,trails-in-the-sky-1st-chapter,0.000,5,false
kick,2026-09-28,heroes-of-newerth-reborn,0.000,6,false
kick,2026-09-28,vintage-story,0.000,5,false
kick,2026-09-28,call-of-duty-black-ops-zombies,0.000,9,false
kick,2026-09-28,ace-combat-7,0.000,6,false
kick,2026-09-28,dispatch--3,0.000,6,false
kick,2026-09-28,bully:-scholarship-edition,0.000,5,false
kick,2026-09-28,identity-v,0.000,6,false
kick,2026-09-28,path-of-titans,0.000,8,false
kick,2026-09-28,resident-evil-resistance,0.000,5,false
kick,2026-09-28,mad-max,0.000,6,false
kick,2026-09-28,dont-play-this,0.000,5,false
kick,2026-09-28,zula,0.000,8,false
kick,2026-09-28,Clone-Hero,0.000,5,false
kick,2026-09-28,a-way-out,0.000,10,false
kick,2026-09-28,naraka:-bladepoint,0.000,6,false
kick,2026-09-28,hitman,0.000,5,false
kick,2026-09-28,pokemon-trading-card-game-pocket,0.000,6,false
kick,2026-09-28,mass-effect-legendary-edition,0.000,5,false
kick,2026-09-28,ghost-of-yotei,0.000,5,false
kick,2026-09-28,play-things,0.000,5,false
kick,2026-09-28,world-of-tanks-heat,0.000,5,false
kick,2026-09-28,five-nights-at-freddy's-2,0.000,6,false
kick,2026-09-28,star-wars-outlaws,0.000,7,false
kick,2026-09-28,metro-last-light,0.000,6,false
kick,2026-09-28,hitman:-absolution,0.000,6,false
kick,2026-09-28,aliens-fireteam-elite-2,0.000,5,false
kick,2026-09-28,final-fantasy-XIII,0.000,6,false
kick,2026-09-28,forza-horizon-4,0.000,7,false
kick,2026-09-28,metro-exodus,0.000,6,false
kick,2026-09-28,domino,0.000,5,false
kick,2026-09-28,racing-master,0.000,5,false
kick,2026-09-28,batman:-arkham-origins,0.000,5,false
kick,2026-09-28,magic-chess-go-go,0.000,6,false
kick,2026-09-28,"Warhammer-40,000:-Darktide",0.000,7,false
kick,2026-09-28,happys-humble-burger-farm,0.000,5,false
kick,2026-09-28,conquerors-blade,0.000,5,false
kick,2026-09-28,final-fantasy-x,0.000,6,false
kick,2026-09-28,x-men-origins:-wolverine,0.000,5,false
kick,2026-09-28,carx-street,0.000,7,false
kick,2026-09-28,Metal-Gear-Solid-3:-Snake-Eater,0.000,5,false
kick,2026-09-28,battlefield-4,0.000,5,false
kick,2026-09-28,dead-island-2,0.000,6,false
kick,2026-09-28,off-the-grid--1,0.000,11,false
kick,2026-09-28,mx-bikes,0.000,5,false
kick,2026-09-28,oxide-survival-island,0.000,5,false
kick,2026-09-28,abiotic-factor,0.000,5,false
kick,2026-09-28,the-walking-dead-the-telltale-definitive-series,0.000,7,false
kick,2026-09-28,let-it-die,0.000,5,false
kick,2026-09-28,road-to-vostok,0.000,5,false
kick,2026-09-28,ea-sports-ufc-5,0.000,5,false
kick,2026-09-28,among-us-3d,0.000,5,false
kick,2026-09-28,mega-quiz-gaming,0.000,11,false
kick,2026-09-28,kingdom-hearts,0.000,5,false
kick,2026-09-28,dead-cells,0.000,6,false
kick,2026-09-28,fatal-fury-city-of-the-wolves,0.000,5,false
kick,2026-09-28,gears-of-war-3,0.000,5,false
kick,2026-09-28,lockdown-protocol,0.000,5,false
kick,2026-09-28,paper-mario-the-thousand-year-door,0.000,5,false
kick,2026-09-28,police-simulator:patrol-officers,0.000,6,false
kick,2026-09-28,need-for-speed-heat,0.000,6,false
kick,2026-09-28,poly-plaza,0.000,5,false
kick,2026-09-28,half_sword,0.000,5,false
kick,2026-09-28,dub-night-live,0.000,5,false
kick,2026-09-28,xcom-2,0.000,5,false
kick,2026-09-28,doom-eternal,0.000,5,false
kick,2026-09-28,fifa-23,0.000,5,false
kick,2026-09-28,just-another-night-shift,0.000,5,false
kick,2026-09-28,ludo-online,0.000,5,false
kick,2026-09-28,the-king-of-fighters-xv,0.000,5,false
kick,2026-09-28,def-jam-fight-for-ny,0.000,5,false
kick,2026-09-28,(other: 2267 categories with fewer than 5 channels),0.844,,false
kick,2026-09-29,just-chatting,21.743,17915,false
kick,2026-09-29,grand-theft-auto-v,16.571,6476,false
kick,2026-09-29,irl,12.053,1809,false
kick,2026-09-29,minecraft,9.101,2873,false
kick,2026-09-29,slots,6.610,2725,true
kick,2026-09-29,ea-sports-fc-27,4.314,2043,false
kick,2026-09-29,valorant,2.166,4064,false
kick,2026-09-29,counter-strike-2,1.820,3841,false
kick,2026-09-29,pubg-mobile,1.741,863,false
kick,2026-09-29,dota-2,1.611,1466,false
kick,2026-09-29,league-of-legends,1.513,3501,false
kick,2026-09-29,wardogs,1.216,1329,false
kick,2026-09-29,world-of-warcraft-forever,0.848,554,false
kick,2026-09-29,fortnite,0.801,2650,false
kick,2026-09-29,rust,0.699,357,false
kick,2026-09-29,nba-2k27,0.699,391,false
kick,2026-09-29,the-witcher-3:-wild-hunt,0.674,729,false
kick,2026-09-29,just-sleeping,0.607,145,false
kick,2026-09-29,Garena-Free-Fire,0.578,862,false
kick,2026-09-29,Roblox,0.478,1415,false
kick,2026-09-29,chat-roulette,0.478,364,false
kick,2026-09-29,red-dead-redemption-ii,0.440,370,false
kick,2026-09-29,ea-sports-fc-26,0.422,381,false
kick,2026-09-29,pools-hot-tubs-bikinis,0.416,250,false
kick,2026-09-29,crypto-and-trading,0.374,376,false
kick,2026-09-29,games-+-demos,0.372,308,false
kick,2026-09-29,pummel-party,0.340,17,false
kick,2026-09-29,nba-2k17,0.340,80,false
kick,2026-09-29,Tibia,0.324,357,false
kick,2026-09-29,music-stations,0.318,705,false
kick,2026-09-29,pubg-battlegrounds,0.287,1042,false
kick,2026-09-29,return-of-the-king,0.279,216,false
kick,2026-09-29,efootball,0.278,380,false
kick,2026-09-29,special-events,0.277,33,false
kick,2026-09-29,wreckfast,0.258,12,false
kick,2026-09-29,call-of-duty-warzone,0.253,1446,false
kick,2026-09-29,rocket-league,0.239,928,false
kick,2026-09-29,old-school-runescape,0.236,333,false
kick,2026-09-29,big-walk,0.226,17,false
kick,2026-09-29,arc-raiders,0.217,621,false
kick,2026-09-29,teamfight-tactics,0.212,281,false
kick,2026-09-29,battlegrounds-mobile-india,0.196,409,false
kick,2026-09-29,among-us,0.185,119,false
kick,2026-09-29,reaction,0.163,77,false
kick,2026-09-29,lineage-ii,0.162,482,false
kick,2026-09-29,chess,0.158,103,false
kick,2026-09-29,aniimo,0.137,470,false
kick,2026-09-29,find-the-needle,0.133,51,false
kick,2026-09-29,asmr,0.120,96,false
kick,2026-09-29,silent-hill-townfall,0.117,320,false
kick,2026-09-29,grand-theft-auto-vi,0.107,224,false
kick,2026-09-29,the-isle,0.102,101,false
kick,2026-09-29,escape-from-tarkov,0.102,221,false
kick,2026-09-29,Valheim,0.099,382,false
kick,2026-09-29,golf-it,0.098,9,false
kick,2026-09-29,poker,0.089,120,true
kick,2026-09-29,podcasts,0.085,153,false
kick,2026-09-29,fall-guys,0.075,74,false
kick,2026-09-29,deadlock,0.074,157,false
kick,2026-09-29,cyberpunk-2077,0.073,77,false
kick,2026-09-29,dead-by-daylight,0.072,511,false
kick,2026-09-29,sports,0.070,155,false
kick,2026-09-29,marvel-rivals,0.070,495,false
kick,2026-09-29,peak-1,0.068,126,false
kick,2026-09-29,dawson-oaks-trailer-park,0.068,16,false
kick,2026-09-29,pro-evolution-soccer-6,0.064,17,false
kick,2026-09-29,black-desert-online,0.063,109,false
kick,2026-09-29,mobile-legends: - bang-bang,0.062,282,false
kick,2026-09-29,minecraft-dungeons-ii,0.061,324,false
kick,2026-09-29,crossfire,0.061,16,false
kick,2026-09-29,goose-goose-duck,0.060,47,false
kick,2026-09-29,kings-league,0.058,17,false
kick,2026-09-29,Ark:-Survival-Evolved,0.053,38,false
kick,2026-09-29,red-dead-rp,0.052,98,false
kick,2026-09-29,mu-online,0.051,51,false
kick,2026-09-29,call-of-duty:-mobile,0.049,266,false
kick,2026-09-29,beat-saber,0.049,6,false
kick,2026-09-29,Hearthstone,0.048,42,false
kick,2026-09-29,call-of-duty-black-ops-7,0.045,470,false
kick,2026-09-29,jawlah,0.045,26,false
kick,2026-09-29,f1-25,0.042,68,false
kick,2026-09-29,fitness-and-health,0.042,40,false
kick,2026-09-29,overwatch,0.041,439,false
kick,2026-09-29,retro-games,0.039,207,false
kick,2026-09-29,how-to-fish,0.039,135,false
kick,2026-09-29,vrchat,0.039,85,false
kick,2026-09-29,halloween-the-game,0.039,116,false
kick,2026-09-29,marvels-wolverine,0.039,150,false
kick,2026-09-29,garena-free-fire-max,0.038,262,false
kick,2026-09-29,apex-legends,0.038,657,false
kick,2026-09-29,vtubers,0.036,228,false
kick,2026-09-29,Tom-Clancy's-Rainbow-Six-Siege-x,0.035,358,false
kick,2026-09-29,animals-nature,0.035,66,false
kick,2026-09-29,world-of-warcraft,0.034,353,false
kick,2026-09-29,control-resonant,0.034,220,false
kick,2026-09-29,hogwarts-legacy,0.033,58,false
kick,2026-09-29,news,0.032,115,false
kick,2026-09-29,woman-simulator,0.032,32,false
kick,2026-09-29,mir-4,0.032,24,false
kick,2026-09-29,cooking,0.031,14,false
kick,2026-09-29,rv-there-yet--1,0.031,72,false
kick,2026-09-29,software-development,0.030,50,false
kick,2026-09-29,Grand-Theft-Auto:-San-Andreas,0.030,84,false
kick,2026-09-29,the-blood-of-dawnwalker,0.029,113,false
kick,2026-09-29,blood-strike,0.028,252,false
kick,2026-09-29,arena-breakout-infinite,0.028,239,false
kick,2026-09-29,elden-ring,0.027,169,false
kick,2026-09-29,the-last-of-us-part-ii-remastered,0.026,67,false
kick,2026-09-29,cabal-online,0.026,37,false
kick,2026-09-29,Genshin-Impact,0.026,173,false
kick,2026-09-29,Left-4-Dead-2,0.025,256,false
kick,2026-09-29,indie-games,0.025,60,false
kick,2026-09-29,euro-truck-simulator-2,0.024,198,false
kick,2026-09-29,8-ball-pool,0.024,9,false
kick,2026-09-29,the-four-kings-casino-and-slots,0.024,9,false
kick,2026-09-29,Resident-Evil-4,0.023,43,false
kick,2026-09-29,god-of-war-ragnarok,0.022,53,false
kick,2026-09-29,dragon-ball-sparking-zero,0.022,10,false
kick,2026-09-29,Sea-of-Thieves,0.021,58,false
kick,2026-09-29,ddtank,0.020,12,false
kick,2026-09-29,metin-2,0.020,86,false
kick,2026-09-29,windrose,0.020,16,false
kick,2026-09-29,grand-theft-auto-san-andreas-the-definitive-edition,0.019,31,false
kick,2026-09-29,graveyard-keeper-ii,0.019,73,false
kick,2026-09-29,chained-together,0.019,18,false
kick,2026-09-29,battlefield-redsec,0.019,136,false
kick,2026-09-29,warcraft-iii-the-frozen-throne,0.017,35,false
kick,2026-09-29,aion-2,0.017,47,false
kick,2026-09-29,architect-land-of-exiles,0.017,18,false
kick,2026-09-29,battlefield-6,0.017,239,false
kick,2026-09-29,ark-survival-ascended,0.017,72,false
kick,2026-09-29,the-elder-scrolls-iv-oblivion-remastered,0.016,5,false
kick,2026-09-29,nivalis-nights,0.016,15,false
kick,2026-09-29,battlefield-1,0.016,31,false
kick,2026-09-29,runescape,0.016,15,false
kick,2026-09-29,life-is-strange,0.016,8,false
kick,2026-09-29,DayZ,0.016,147,false
kick,2026-09-29,funnel-runners,0.015,21,false
kick,2026-09-29,runescape-dragonwilds,0.015,155,false
kick,2026-09-29,once-human,0.015,133,false
kick,2026-09-29,Project-Zomboid,0.015,183,false
kick,2026-09-29,live-dj,0.015,216,false
kick,2026-09-29,diablo-iv,0.015,151,false
kick,2026-09-29,ragnarok-origin-classic,0.015,10,false
kick,2026-09-29,resident-evil-requiem,0.015,93,false
kick,2026-09-29,mimic-party,0.014,70,false
kick,2026-09-29,call-of-duty-warzone-2.0,0.014,185,false
kick,2026-09-29,onimusha-way-of-the-sword,0.014,122,false
kick,2026-09-29,supermarket-simulator,0.014,17,false
kick,2026-09-29,sos-ops,0.014,63,false
kick,2026-09-29,Albion-Online,0.014,85,false
kick,2026-09-29,delta-force,0.014,159,false
kick,2026-09-29,resonance-a-plague-tale-legacy,0.013,29,false
kick,2026-09-29,madden-nfl-27,0.013,86,false
kick,2026-09-29,knight-online,0.013,124,false
kick,2026-09-29,palworld,0.013,106,false
kick,2026-09-29,Clash-Royale,0.012,63,false
kick,2026-09-29,resident-evil-4-remake,0.012,89,false
kick,2026-09-29,wuthering-waves,0.012,45,false
kick,2026-09-29,machine-party,0.011,22,false
kick,2026-09-29,silkroad-online,0.011,95,false
kick,2026-09-29,repo,0.011,166,false
kick,2026-09-29,retro,0.011,44,false
kick,2026-09-29,dune-awakening,0.011,69,false
kick,2026-09-29,geometry-dash,0.011,64,false
kick,2026-09-29,politics,0.011,39,false
kick,2026-09-29,garry's-mod,0.011,12,false
kick,2026-09-29,codenames,0.011,15,false
kick,2026-09-29,nba-2k15,0.010,6,false
kick,2026-09-29,tom-clancy-s-rainbow-six,0.010,53,false
kick,2026-09-29,assassins-creed-black-flag-resynced,0.010,37,false
kick,2026-09-29,fortnite-zero-build,0.010,205,false
kick,2026-09-29,final-fantasy-xi,0.010,7,false
kick,2026-09-29,schedule-i,0.010,51,false
kick,2026-09-29,dark-souls-ii-scholar-of-the-first-sin,0.010,21,false
kick,2026-09-29,russian-fishing-4,0.010,16,false
kick,2026-09-29,music-production,0.009,176,false
kick,2026-09-29,Phasmophobia,0.009,121,false
kick,2026-09-29,destiny-2,0.009,94,false
kick,2026-09-29,Resident-Evil-2,0.009,16,false
kick,2026-09-29,ea-sports-college-football-27,0.009,36,false
kick,2026-09-29,geoguessr,0.009,49,false
kick,2026-09-29,death-stranding-2-on-the-beach,0.009,5,false
kick,2026-09-29,split-fiction,0.009,19,false
kick,2026-09-29,haxball,0.009,47,false
kick,2026-09-29,transport-fever-3,0.009,21,false
kick,2026-09-29,call-of-duty-modern-warfare-4,0.009,88,false
kick,2026-09-29,tekken-8,0.009,31,false
kick,2026-09-29,buckshot-roulette,0.008,11,false
kick,2026-09-29,american-truck-simulator,0.008,123,false
kick,2026-09-29,warframe,0.008,120,false
kick,2026-09-29,supermarket-together,0.008,24,false
kick,2026-09-29,kingdom-come-deliverance-ii,0.008,23,false
kick,2026-09-29,ranch-simulator,0.008,12,false
kick,2026-09-29,pokemon-unite,0.008,33,false
kick,2026-09-29,active-matter,0.008,43,false
kick,2026-09-29,grand-theft-auto-iv,0.008,42,false
kick,2026-09-29,digital-art,0.008,38,false
kick,2026-09-29,meccha-chameleon,0.008,50,false
kick,2026-09-29,The-Last-of-Us,0.008,63,false
kick,2026-09-29,the-cabin-game,0.007,7,false
kick,2026-09-29,days-gone,0.007,26,false
kick,2026-09-29,lego-batman-legacy-of-the-dark-knight,0.007,10,false
kick,2026-09-29,z1-battle-royale,0.007,39,false
kick,2026-09-29,Dragon-Ball-Z-Dokkan-Battle,0.007,8,false
kick,2026-09-29,middle-earth-shadow-of-war,0.007,5,false
kick,2026-09-29,the-crew:-motorfest,0.007,16,false
kick,2026-09-29,live-music,0.007,144,false
kick,2026-09-29,outlast,0.007,37,false
kick,2026-09-29,farming-simulator-2025,0.006,73,false
kick,2026-09-29,the-binding-of-isaac:-repentance,0.006,41,false
kick,2026-09-29,path-of-exile-2,0.006,75,false
kick,2026-09-29,tom-clancy's-ghost-recon-wildlands,0.006,35,false
kick,2026-09-29,arena-breakout,0.006,34,false
kick,2026-09-29,far-cry-6,0.006,33,false
kick,2026-09-29,final-fantasy-xiv,0.006,54,false
kick,2026-09-29,hunt:-showdown,0.006,88,false
kick,2026-09-29,cloverpit,0.006,8,false
kick,2026-09-29,Street-Fighter-6,0.006,38,false
kick,2026-09-29,the-elder-scrolls-v-skyrim,0.006,15,false
kick,2026-09-29,age-of-empires-II:-definitive-edition,0.006,27,false
kick,2026-09-29,escape-the-backrooms,0.006,34,false
kick,2026-09-29,helldivers-ii,0.006,81,false
kick,2026-09-29,rematch--1,0.006,73,false
kick,2026-09-29,call-of-duty-modern-warfare-iii,0.006,66,false
kick,2026-09-29,manor-lords,0.006,6,false
kick,2026-09-29,party-animals,0.005,15,false
kick,2026-09-29,football-manager-26,0.005,25,false
kick,2026-09-29,neverness-to-everness,0.005,44,false
kick,2026-09-29,minecraft-dunegons,0.005,27,false
kick,2026-09-29,forza-horizon-6,0.005,82,false
kick,2026-09-29,dying-light-the-beast,0.005,22,false
kick,2026-09-29,gran-turismo-7,0.005,11,false
kick,2026-09-29,resident-evil-2-(2019),0.005,36,false
kick,2026-09-29,wormate-io,0.005,9,false
kick,2026-09-29,dofus,0.005,15,false
kick,2026-09-29,card-games,0.005,11,false
kick,2026-09-29,assassins-creed-mirage,0.005,10,false
kick,2026-09-29,deltarune,0.005,5,false
kick,2026-09-29,alien:-isolation,0.005,9,false
kick,2026-09-29,counter-strike-global-offensive,0.005,19,false
kick,2026-09-29,brawl-stars,0.005,66,false
kick,2026-09-29,seven-days-to-die,0.005,81,false
kick,2026-09-29,trash-day,0.005,8,false
kick,2026-09-29,marvels-spider-man-2,0.005,35,false
kick,2026-09-29,Clone-Hero,0.005,7,false
kick,2026-09-29,monopoly-poker,0.005,13,false
kick,2026-09-29,dofus-retro,0.005,10,false
kick,2026-09-29,meditation-and-mindfulness,0.004,11,false
kick,2026-09-29,resident-evil,0.004,16,false
kick,2026-09-29,wwe-2k26,0.004,39,false
kick,2026-09-29,the-legend-of-zelda:-majora's-mask,0.004,7,false
kick,2026-09-29,The-Last-of-Us-Part-II,0.004,17,false
kick,2026-09-29,pokemon-emerald,0.004,7,false
kick,2026-09-29,assassins-creed-shadows,0.004,17,false
kick,2026-09-29,assassin's-creed-valhalla,0.004,15,false
kick,2026-09-29,scritchy-scratchy,0.004,25,false
kick,2026-09-29,world-of-warcraft-classic,0.004,44,false
kick,2026-09-29,iracing,0.004,67,false
kick,2026-09-29,stardew-valley,0.004,56,false
kick,2026-09-29,anime-shop-simulator,0.004,9,false
kick,2026-09-29,ace-combat-8-wings-of-theve,0.004,53,false
kick,2026-09-29,aion,0.004,14,false
kick,2026-09-29,food-drink,0.004,12,false
kick,2026-09-29,jump-space,0.004,6,false
kick,2026-09-29,war-thunder,0.004,88,false
kick,2026-09-29,kakele-online-mmorpg,0.004,5,false
kick,2026-09-29,path-of-exile,0.004,16,false
kick,2026-09-29,until-dawn,0.004,13,false
kick,2026-09-29,radio-commander,0.004,6,false
kick,2026-09-29,red-dead-redemption,0.004,19,false
kick,2026-09-29,rehaunted,0.004,6,false
kick,2026-09-29,god-of-war,0.004,48,false
kick,2026-09-29,nba-2k26,0.004,42,false
kick,2026-09-29,gears-5,0.004,32,false
kick,2026-09-29,stumble-guys,0.004,36,false
kick,2026-09-29,assetto-corsa,0.004,57,false
kick,2026-09-29,World-of-Tanks,0.004,69,false
kick,2026-09-29,persona-3-reload,0.004,10,false
kick,2026-09-29,police-chief-simulator,0.004,7,false
kick,2026-09-29,among-us-3d,0.004,5,false
kick,2026-09-29,stalker-2-heart-of-chornobyl,0.004,17,false
kick,2026-09-29,beast-of-reincarnation,0.004,11,false
kick,2026-09-29,the-mortuary-assistant,0.003,5,false
kick,2026-09-29,pokemon-firered-version,0.003,19,false
kick,2026-09-29,counter-strike-source,0.003,7,false
kick,2026-09-29,tom-clancy's-the-division-2,0.003,71,false
kick,2026-09-29,satisfactory,0.003,17,false
kick,2026-09-29,fc-mobile,0.003,37,false
kick,2026-09-29,resident-evil-village,0.003,39,false
kick,2026-09-29,art,0.003,84,false
kick,2026-09-29,summoners-war:-sky-arena,0.003,6,false
kick,2026-09-29,bombanana,0.003,30,false
kick,2026-09-29,Resident-Evil-7:-Biohazard,0.003,40,false
kick,2026-09-29,osu!,0.003,43,false
kick,2026-09-29,kingdom-come:-deliverance,0.003,14,false
kick,2026-09-29,h1z1,0.003,22,false
kick,2026-09-29,vampire-survivors,0.003,10,false
kick,2026-09-29,lies-of-pi,0.003,31,false
kick,2026-09-29,make-it-meme,0.003,6,false
kick,2026-09-29,words-on-stream,0.003,5,false
kick,2026-09-29,comedy-night,0.003,5,false
kick,2026-09-29,gang-beasts,0.003,7,false
kick,2026-09-29,a-way-out,0.003,15,false
kick,2026-09-29,green-hell,0.003,12,false
kick,2026-09-29,soulframe,0.003,8,false
kick,2026-09-29,The-Sims-4,0.003,28,false
kick,2026-09-29,ragnarok-online,0.003,22,false
kick,2026-09-29,league-of-legends-wild-rift,0.003,66,false
kick,2026-09-29,Dark-Souls-III,0.003,35,false
kick,2026-09-29,call-of-duty:-black-ops-II,0.003,43,false
kick,2026-09-29,far_cry_3,0.003,7,false
kick,2026-09-29,le-mans-ultimate,0.003,18,false
kick,2026-09-29,dying-light,0.003,35,false
kick,2026-09-29,World-of-Warships,0.003,17,false
kick,2026-09-29,watch-dogs-2,0.003,12,false
kick,2026-09-29,chill-corner,0.002,19,false
kick,2026-09-29,god-of-war-III,0.002,16,false
kick,2026-09-29,tcg-card-shop-simulator,0.002,33,false
kick,2026-09-29,perfect-world,0.002,11,false
kick,2026-09-29,little-nightmares,0.002,9,false
kick,2026-09-29,five-nights-at-freddy's:-security-breach,0.002,5,false
kick,2026-09-29,grand-theft-auto:-vice-city-the-definitive-edition,0.002,34,false
kick,2026-09-29,age-of-empires-iv,0.002,17,false
kick,2026-09-29,sports-betting,0.002,10,true
kick,2026-09-29,it-takes-two,0.002,21,false
kick,2026-09-29,zenless-zone-zero,0.002,28,false
kick,2026-09-29,stellar-blade,0.002,14,false
kick,2026-09-29,honkai:-star-rail,0.002,34,false
kick,2026-09-29,efootball-pes-2021,0.002,33,false
kick,2026-09-29,gears-of-war-4,0.002,18,false
kick,2026-09-29,Mount-&-Blade-II:-Bannerlord,0.002,33,false
kick,2026-09-29,arknights-endfield,0.002,17,false
kick,2026-09-29,snowrunner,0.002,33,false
kick,2026-09-29,audition-online,0.002,5,false
kick,2026-09-29,getting-over-it-with-bennett-foddy,0.002,7,false
kick,2026-09-29,marvels-spider-man-remastered,0.002,40,false
kick,2026-09-29,the-walking-trade,0.002,5,false
kick,2026-09-29,dark-souls:-remastered,0.002,28,false
kick,2026-09-29,crab-game,0.002,13,false
kick,2026-09-29,mlb-the-show-26,0.002,45,false
kick,2026-09-29,The-Forest,0.002,40,false
kick,2026-09-29,graveyard-keeper,0.002,12,false
kick,2026-09-29,restory,0.002,5,false
kick,2026-09-29,Resident-Evil-3,0.002,26,false
kick,2026-09-29,007-first-light,0.002,36,false
kick,2026-09-29,the-legend-of-zelda:-twilight-princess,0.002,17,false
kick,2026-09-29,kick-bounties,0.002,10,false
kick,2026-09-29,total-war:-warhammer-iii,0.002,17,false
kick,2026-09-29,need-for-speed-most-wanted-2005,0.002,22,false
kick,2026-09-29,marvel-snap,0.002,10,false
kick,2026-09-29,arma-reforger,0.002,37,false
kick,2026-09-29,legend-of-ymir,0.002,8,false
kick,2026-09-29,anime-squad,0.002,14,false
kick,2026-09-29,pokemon-champions,0.002,19,false
kick,2026-09-29,hollow-knight-silksong,0.002,37,false
kick,2026-09-29,gears-of-war-e-day,0.002,5,false
kick,2026-09-29,science-technology,0.002,25,false
kick,2026-09-29,the-finals,0.002,78,false
kick,2026-09-29,grounded-2,0.002,15,false
kick,2026-09-29,i-know-a-guy,0.002,8,false
kick,2026-09-29,microsoft-flight-simulator-2024,0.002,19,false
kick,2026-09-29,naraka:-bladepoint,0.002,7,false
kick,2026-09-29,coffee-talk,0.002,11,false
kick,2026-09-29,black-myth-wukong,0.002,56,false
kick,2026-09-29,The-Elder-Scrolls-Online,0.002,18,false
kick,2026-09-29,Death-Stranding,0.002,22,false
kick,2026-09-29,stream,0.002,27,false
kick,2026-09-29,monster-hunter-wilds,0.002,39,false
kick,2026-09-29,the-first-berserker-khazan,0.002,12,false
kick,2026-09-29,detroit-become-human,0.002,37,false
kick,2026-09-29,assassins-creed-origins,0.002,9,false
kick,2026-09-29,beamng-drive,0.002,15,false
kick,2026-09-29,wolf-team,0.002,14,false
kick,2026-09-29,terraria,0.002,47,false
kick,2026-09-29,batman:-arkham-asylum,0.002,7,false
kick,2026-09-29,mafia:definitive-edition,0.001,7,false
kick,2026-09-29,Resident-Evil-3:-Nemesis,0.001,21,false
kick,2026-09-29,slay-the-spire-ii,0.001,12,false
kick,2026-09-29,songbattle.io,0.001,5,false
kick,2026-09-29,Lost-Ark,0.001,8,false
kick,2026-09-29,raft,0.001,28,false
kick,2026-09-29,final-fantasy-VII-remake,0.001,19,false
kick,2026-09-29,counter-strike:-1.6,0.001,49,false
kick,2026-09-29,where-winds-meet,0.001,22,false
kick,2026-09-29,pokemon-legends-z-a,0.001,6,false
kick,2026-09-29,game-development,0.001,37,false
kick,2026-09-29,Diablo-II:-Resurrected,0.001,21,false
kick,2026-09-29,bodycam,0.001,55,false
kick,2026-09-29,paver-tidy-up-together,0.001,5,false
kick,2026-09-29,no-mans-sky,0.001,55,false
kick,2026-09-29,shift-at-midnight,0.001,21,false
kick,2026-09-29,minecraft:-legends,0.001,5,false
kick,2026-09-29,mir-tankov,0.001,17,false
kick,2026-09-29,the-elder-scrolls-v-skyrim-special-edition,0.001,41,false
kick,2026-09-29,gartic-io,0.001,12,false
kick,2026-09-29,visage,0.001,10,false
kick,2026-09-29,grand-theft-auto,0.001,9,false
kick,2026-09-29,star-citizen,0.001,42,false
kick,2026-09-29,Starcraft-II,0.001,23,false
kick,2026-09-29,dark-orbit,0.001,6,false
kick,2026-09-29,a-weird-game-about-sausage,0.001,5,false
kick,2026-09-29,devour,0.001,17,false
kick,2026-09-29,gartic-phone,0.001,21,false
kick,2026-09-29,magic-the-gathering-arena,0.001,21,false
kick,2026-09-29,3d-printing,0.001,11,false
kick,2026-09-29,halo-infinite,0.001,44,false
kick,2026-09-29,call-of-duty-4:-modern-warfare,0.001,11,false
kick,2026-09-29,call-of-duty-modern-warfare-3,0.001,7,false
kick,2026-09-29,demonologist,0.001,9,false
kick,2026-09-29,football-manager-2024,0.001,6,false
kick,2026-09-29,quizei,0.001,17,false
kick,2026-09-29,last-epoch,0.001,5,false
kick,2026-09-29,clash-of-clans,0.001,31,false
kick,2026-09-29,Marbles-On-Stream,0.001,10,false
kick,2026-09-29,roblox-studio,0.001,32,false
kick,2026-09-29,Dark-Souls,0.001,8,false
kick,2026-09-29,baldurs-gate-3,0.001,42,false
kick,2026-09-29,hades-ii,0.001,6,false
kick,2026-09-29,alan-wake-II,0.001,11,false
kick,2026-09-29,warcraft-iii-reforged,0.001,21,false
kick,2026-09-29,madden-nfl-26,0.001,14,false
kick,2026-09-29,crimson-desert,0.001,56,false
kick,2026-09-29,call-of-duty-black-ops-6,0.001,49,false
kick,2026-09-29,well-dweller,0.001,22,false
kick,2026-09-29,call-of-duty-modern-warfare-ii,0.001,49,false
kick,2026-09-29,persona-5-royal,0.001,12,false
kick,2026-09-29,fire-emblem-fortunes-weave,0.001,28,false
kick,2026-09-29,ea-sports-fc-25,0.001,19,false
kick,2026-09-29,disney-speedstorm,0.001,5,false
kick,2026-09-29,eve-online,0.001,13,false
kick,2026-09-29,photomaly,0.001,9,false
kick,2026-09-29,guild-wars-2,0.001,23,false
kick,2026-09-29,skate,0.001,26,false
kick,2026-09-29,the-outlast-trials,0.001,28,false
kick,2026-09-29,arena-of-valor,0.001,9,false
kick,2026-09-29,god-of-war-II,0.001,15,false
kick,2026-09-29,warhammer-40000-space-marine-II,0.001,21,false
kick,2026-09-29,SCUM,0.001,23,false
kick,2026-09-29,makers-&-crafting,0.001,19,false
kick,2026-09-29,undisputed,0.001,17,false
kick,2026-09-29,world-of-tanks:-blitz,0.001,13,false
kick,2026-09-29,granny-escape-together,0.001,6,false
kick,2026-09-29,friday-the-13th:-the-game,0.001,10,false
kick,2026-09-29,night_crows,0.001,7,false
kick,2026-09-29,brawlhalla,0.001,53,false
kick,2026-09-29,nba-2k25,0.001,6,false
kick,2026-09-29,command-conquer-generals,0.001,7,false
kick,2026-09-29,disney-dreamlight-valley,0.001,14,false
kick,2026-09-29,racing-master,0.001,5,false
kick,2026-09-29,blazing-sails,0.001,13,false
kick,2026-09-29,MapleStory,0.001,17,false
kick,2026-09-29,control,0.001,21,false
kick,2026-09-29,risk:-global-domination,0.001,9,false
kick,2026-09-29,pragmata,0.001,14,false
kick,2026-09-29,trails-in-the-sky-2nd-chapter,0.001,7,false
kick,2026-09-29,final-fantasy-xvi,0.001,6,false
kick,2026-09-29,happy-wheels,0.001,11,false
kick,2026-09-29,megabonk,0.001,15,false
kick,2026-09-29,final-fantasy-vii-og,0.001,5,false
kick,2026-09-29,bills-must-be-paid,0.001,6,false
kick,2026-09-29,grand-theft-auto:-vice-city,0.001,17,false
kick,2026-09-29,cricket-24,0.001,13,false
kick,2026-09-29,honor-of-kings,0.001,30,false
kick,2026-09-29,conan-exiles,0.001,11,false
kick,2026-09-29,a-plague-tale-innocence,0.001,8,false
kick,2026-09-29,the-legend-of-zelda:-ocarina-of-time,0.001,40,false
kick,2026-09-29,squad,0.001,25,false
kick,2026-09-29,reading,0.001,10,false
kick,2026-09-29,clair-obscur-expedition-33,0.001,30,false
kick,2026-09-29,Clive-Barker's-Hellraiser:-Revival,0.001,7,false
kick,2026-09-29,tom-clancys-rainbow-six-take-down-–-missions-in-korea,0.001,11,false
kick,2026-09-29,dragon-ball-z:-kakarot,0.001,5,false
kick,2026-09-29,little-nightmares-II,0.001,8,false
kick,2026-09-29,the-quarry,0.001,10,false
kick,2026-09-29,nhl-27,0.001,15,false
kick,2026-09-29,openfront,0.001,5,false
kick,2026-09-29,ori-and-the-blind-forest,0.001,8,false
kick,2026-09-29,uncharted-4-a-thief-s-end,0.001,15,false
kick,2026-09-29,sniper-elite-resistance,0.001,5,false
kick,2026-09-29,golf-with-your-friends,0.001,6,false
kick,2026-09-29,ace-combat-7,0.001,8,false
kick,2026-09-29,rise-online,0.001,7,false
kick,2026-09-29,mafia-the-old-country,0.001,16,false
kick,2026-09-29,mortal-shell-ii,0.001,31,false
kick,2026-09-29,call-of-duty:-black-ops-III,0.001,24,false
kick,2026-09-29,sons-of-the-forest,0.001,42,false
kick,2026-09-29,gamble-with-your-friends,0.001,16,false
kick,2026-09-29,borderlands-2,0.001,13,false
kick,2026-09-29,world-of-warcraft-classic-hardcore,0.001,18,false
kick,2026-09-29,ghost-of-tsushima,0.001,25,false
kick,2026-09-29,super-mario-maker-2,0.001,7,false
kick,2026-09-29,fifa-22,0.001,5,false
kick,2026-09-29,portal-2,0.001,7,false
kick,2026-09-29,call-of-duty:-dmz,0.001,22,false
kick,2026-09-29,blasphemous,0.001,10,false
kick,2026-09-29,plateup!,0.001,5,false
kick,2026-09-29,ea-sports-fc-online,0.001,11,false
kick,2026-09-29,hollow-knight,0.001,39,false
kick,2026-09-29,tabletop-rpgs,0.001,12,false
kick,2026-09-29,video-production,0.001,11,false
kick,2026-09-29,heroes-of-the-storm,0.001,29,false
kick,2026-09-29,efootball-2024,0.001,7,false
kick,2026-09-29,elden-ring-nightreign,0.001,19,false
kick,2026-09-29,vein,0.001,6,false
kick,2026-09-29,farlight-84,0.001,9,false
kick,2026-09-29,far-cry-4,0.001,11,false
kick,2026-09-29,the-hunter-call-of-the-wild,0.001,13,false
kick,2026-09-29,quarantine-zone-the-last-check,0.001,8,false
kick,2026-09-29,silent-hill-2--1,0.001,26,false
kick,2026-09-29,tom-clancys-ghost-recon-breakpoint,0.001,12,false
kick,2026-09-29,forza-horizon-5,0.001,18,false
kick,2026-09-29,hell-let-loose,0.001,17,false
kick,2026-09-29,tomodachi-life-living-the-dream,0.000,11,false
kick,2026-09-29,gears-of-war-2,0.000,7,false
kick,2026-09-29,for-honor,0.000,32,false
kick,2026-09-29,resident-evil-6,0.000,15,false
kick,2026-09-29,skribbl-io,0.000,7,false
kick,2026-09-29,outlast-ii,0.000,14,false
kick,2026-09-29,tarot,0.000,7,false
kick,2026-09-29,dead-space-2023,0.000,10,false
kick,2026-09-29,strikers-club,0.000,16,false
kick,2026-09-29,dumb-ways-to-build,0.000,9,false
kick,2026-09-29,overcooked-2,0.000,12,false
kick,2026-09-29,Cuphead,0.000,23,false
kick,2026-09-29,mistfall-hunter,0.000,18,false
kick,2026-09-29,kingdom-hearts,0.000,5,false
kick,2026-09-29,marvel-tokon-fighting-souls,0.000,7,false
kick,2026-09-29,roadcraft,0.000,6,false
kick,2026-09-29,tom-clancy's-the-division,0.000,5,false
kick,2026-09-29,halo-campaign-evolved,0.000,33,false
kick,2026-09-29,prince-of-persia-the-lost-crown,0.000,8,false
kick,2026-09-29,off-the-grid--1,0.000,9,false
kick,2026-09-29,the-legend-of-zelda:-tears-of-the-kingdom,0.000,14,false
kick,2026-09-29,mortal-kombat-1,0.000,23,false
kick,2026-09-29,low-budget-repairs,0.000,9,false
kick,2026-09-29,cities-skylines-ii,0.000,9,false
kick,2026-09-29,sekiro:-shadows-die-twice,0.000,22,false
kick,2026-09-29,dark-and-darker,0.000,10,false
kick,2026-09-29,splatoon-3,0.000,8,false
kick,2026-09-29,digimon-super-rumble,0.000,5,false
kick,2026-09-29,Super-Mario-64,0.000,9,false
kick,2026-09-29,call-of-duty:-black-ops,0.000,8,false
kick,2026-09-29,assassins's-creed-odyssey,0.000,16,false
kick,2026-09-29,business-tour,0.000,13,false
kick,2026-09-29,mafia-3,0.000,11,false
kick,2026-09-29,watchdogs,0.000,5,false
kick,2026-09-29,final-fantasy-vii-rebirth,0.000,14,false
kick,2026-09-29,pratfall,0.000,7,false
kick,2026-09-29,epic-seven,0.000,5,false
kick,2026-09-29,alice-madness-returns,0.000,7,false
kick,2026-09-29,plants-vs.-zombies,0.000,11,false
kick,2026-09-29,far-cry-5,0.000,17,false
kick,2026-09-29,pokemon-go,0.000,15,false
kick,2026-09-29,smite-2,0.000,33,false
kick,2026-09-29,marathon,0.000,17,false
kick,2026-09-29,hell-let-loose-vietnam,0.000,8,false
kick,2026-09-29,metro-exodus,0.000,14,false
kick,2026-09-29,sky-children-of-the-light,0.000,5,false
kick,2026-09-29,planet-crafter,0.000,18,false
kick,2026-09-29,yu-gi-oh-duel-links,0.000,5,false
kick,2026-09-29,house-flipper,0.000,9,false
kick,2026-09-29,san-andreas-multiplayer,0.000,7,false
kick,2026-09-29,lockdown-protocol,0.000,8,false
kick,2026-09-29,fallout-76,0.000,23,false
kick,2026-09-29,ea-sports-ufc-6,0.000,14,false
kick,2026-09-29,Fallout-4,0.000,15,false
kick,2026-09-29,the-long-dark,0.000,11,false
kick,2026-09-29,chivalry-2,0.000,14,false
kick,2026-09-29,dave the-diver,0.000,8,false
kick,2026-09-29,level-devil,0.000,6,false
kick,2026-09-29,ragnarok-the-new-world,0.000,9,false
kick,2026-09-29,nba-the-run,0.000,5,false
kick,2026-09-29,kingdom-rush,0.000,5,false
kick,2026-09-29,pokemon-pokopia,0.000,8,false
kick,2026-09-29,the-simpsons-hit-&-run,0.000,7,false
kick,2026-09-29,ea-sports-fc-24,0.000,8,false
kick,2026-09-29,batman-arkham-city,0.000,6,false
kick,2026-09-29,Star-Wars-Jedi:-Fallen-Order,0.000,6,false
kick,2026-09-29,deskrawl-idle-aprg,0.000,7,false
kick,2026-09-29,fishing-planet,0.000,12,false
kick,2026-09-29,need-for-speed-underground-2,0.000,6,false
kick,2026-09-29,the-first-descendant,0.000,12,false
kick,2026-09-29,factorio,0.000,14,false
kick,2026-09-29,Hades,0.000,6,false
kick,2026-09-29,grounded,0.000,6,false
kick,2026-09-29,uncharted:legacy-of-thieves-collection,0.000,7,false
kick,2026-09-29,state-of-decay-2,0.000,8,false
kick,2026-09-29,The-Sinking-City-2,0.000,8,false
kick,2026-09-29,god-of-war-(2005),0.000,13,false
kick,2026-09-29,dying-light-2:stay-human,0.000,19,false
kick,2026-09-29,age-of-empires-ii,0.000,6,false
kick,2026-09-29,granny,0.000,11,false
kick,2026-09-29,rf-online,0.000,6,false
kick,2026-09-29,euro-truck-simulator,0.000,6,false
kick,2026-09-29,sleeping-dogs-definitive-edition,0.000,8,false
kick,2026-09-29,enlisted,0.000,8,false
kick,2026-09-29,vintage-story,0.000,6,false
kick,2026-09-29,pokemmo,0.000,12,false
kick,2026-09-29,dark-hours,0.000,7,false
kick,2026-09-29,rogue-company,0.000,6,false
kick,2026-09-29,The-Legend-of-Zelda:-Breath-of-the-Wild,0.000,14,false
kick,2026-09-29,cs2d,0.000,23,false
kick,2026-09-29,bully:-scholarship-edition,0.000,5,false
kick,2026-09-29,my-hero-ultra-rumble,0.000,14,false
kick,2026-09-29,grand-chase-classic,0.000,5,false
kick,2026-09-29,super-smash-bros.-ultimate,0.000,13,false
kick,2026-09-29,fragpunk,0.000,12,false
kick,2026-09-29,enshrouded,0.000,10,false
kick,2026-09-29,StarCraft,0.000,7,false
kick,2026-09-29,Pokémon-Trading-Card-Game-Live,0.000,6,false
kick,2026-09-29,dungeons-and-dragons,0.000,12,false
kick,2026-09-29,monster-hunter: - world,0.000,19,false
kick,2026-09-29,project-bloodstrike,0.000,29,false
kick,2026-09-29,the-choicer-voicer,0.000,5,false
kick,2026-09-29,hitman-3,0.000,10,false
kick,2026-09-29,borderlands-4,0.000,17,false
kick,2026-09-29,escape-from-tarkov-arena,0.000,11,false
kick,2026-09-29,lethal-company,0.000,16,false
kick,2026-09-29,nintendo-switch,0.000,8,false
kick,2026-09-29,ready-or-not,0.000,18,false
kick,2026-09-29,tom-clancys-the-division-resurgence,0.000,9,false
kick,2026-09-29,ea-sports-college-football-26,0.000,5,false
kick,2026-09-29,remnant-ii,0.000,9,false
kick,2026-09-29,Magic:-The-Gathering,0.000,7,false
kick,2026-09-29,the-witcher,0.000,9,false
kick,2026-09-29,midnight-club-3:-dub-edition,0.000,5,false
kick,2026-09-29,yu-gi-oh-!-master-duel,0.000,21,false
kick,2026-09-29,resident-evil-2-1998,0.000,5,false
kick,2026-09-29,dragons-dogma-ii,0.000,12,false
kick,2026-09-29,happys-humble-burger-farm,0.000,5,false
kick,2026-09-29,live-a-live,0.000,8,false
kick,2026-09-29,world-war-z,0.000,11,false
kick,2026-09-29,fortnite-save-the-world,0.000,13,false
kick,2026-09-29,Resident-Evil-5,0.000,14,false
kick,2026-09-29,gaming-cafe-simulator,0.000,29,false
kick,2026-09-29,priston-tale,0.000,12,false
kick,2026-09-29,star-wars-outlaws,0.000,12,false
kick,2026-09-29,avatar-legends-the-fighting-game,0.000,6,false
kick,2026-09-29,livestream,0.000,13,false
kick,2026-09-29,ball-x-pit,0.000,6,false
kick,2026-09-29,backrooms,0.000,7,false
kick,2026-09-29,subnautica,0.000,13,false
kick,2026-09-29,combat-master,0.000,13,false
kick,2026-09-29,assassin's-creed-ii,0.000,5,false
kick,2026-09-29,star-wars-the-old-republic,0.000,12,false
kick,2026-09-29,pokemon-trading-card-game-pocket,0.000,8,false
kick,2026-09-29,medieval-dynasty,0.000,9,false
kick,2026-09-29,"Warhammer-40,000:-Darktide",0.000,17,false
kick,2026-09-29,digimon-masters,0.000,8,false
kick,2026-09-29,call-of-duty:-modern-warfare-2,0.000,11,false
kick,2026-09-29,no-more-room-in-hell-2,0.000,22,false
kick,2026-09-29,RimWorld,0.000,10,false
kick,2026-09-29,kingdom-hearts-hd-15-25-remix,0.000,19,false
kick,2026-09-29,dont-starve-together,0.000,13,false
kick,2026-09-29,gothic-II,0.000,8,false
kick,2026-09-29,risk-of-rain-2,0.000,8,false
kick,2026-09-29,beyond:-two-souls,0.000,14,false
kick,2026-09-29,gothic-1-remake,0.000,9,false
kick,2026-09-29,pga-tour-2k25,0.000,5,false
kick,2026-09-29,x4-foundations,0.000,5,false
kick,2026-09-29,farming-simulator-22,0.000,10,false
kick,2026-09-29,friday-night-funkin',0.000,6,false
kick,2026-09-29,cities:-skylines,0.000,5,false
kick,2026-09-29,way-of-the-hunter-2,0.000,5,false
kick,2026-09-29,Star-Wars-Battlefront-II,0.000,7,false
kick,2026-09-29,palia,0.000,8,false
kick,2026-09-29,languages,0.000,5,false
kick,2026-09-29,predecessor,0.000,13,false
kick,2026-09-29,avatars-frontiers-of-pandora,0.000,10,false
kick,2026-09-29,stalzone,0.000,15,false
kick,2026-09-29,Silent-Hill-2,0.000,7,false
kick,2026-09-29,reanimal,0.000,9,false
kick,2026-09-29,valorant-mobile,0.000,14,false
kick,2026-09-29,call-of-duty-warzone-mobile,0.000,19,false
kick,2026-09-29,bendy-and-the-Ink-machine,0.000,6,false
kick,2026-09-29,umamusume-pretty-derby,0.000,8,false
kick,2026-09-29,team-fortress-2,0.000,20,false
kick,2026-09-29,super-smash-bros.-melee,0.000,5,false
kick,2026-09-29,call-of-duty:-modern-warfare,0.000,16,false
kick,2026-09-29,dimraeth,0.000,5,false
kick,2026-09-29,payday-2,0.000,8,false
kick,2026-09-29,poppy-playtime,0.000,10,false
kick,2026-09-29,god-of-war:-ascension,0.000,5,false
kick,2026-09-29,the-seven-deadly-sins-origin,0.000,10,false
kick,2026-09-29,mad-max,0.000,8,false
kick,2026-09-29,point-blank,0.000,6,false
kick,2026-09-29,rivage,0.000,5,false
kick,2026-09-29,pro-soccer-online,0.000,6,false
kick,2026-09-29,graphic-design,0.000,7,false
kick,2026-09-29,conquerors-blade,0.000,12,false
kick,2026-09-29,little-nightmares-iii--1,0.000,8,false
kick,2026-09-29,mass-effect-legendary-edition,0.000,9,false
kick,2026-09-29,the-evil-within,0.000,8,false
kick,2026-09-29,balatro,0.000,13,false
kick,2026-09-29,streamer-daily,0.000,10,false
kick,2026-09-29,writing,0.000,6,false
kick,2026-09-29,goddess-of-victory:-nikke,0.000,10,false
kick,2026-09-29,mario-kart-world,0.000,16,false
kick,2026-09-29,payday-3,0.000,5,false
kick,2026-09-29,standoff-2,0.000,6,false
kick,2026-09-29,world-of-tanks-heat,0.000,6,false
kick,2026-09-29,gangstar-mirage-city,0.000,9,false
kick,2026-09-29,super-battle-golf,0.000,9,false
kick,2026-09-29,dragon-ball-z:-budokai-tenkaichi-3,0.000,8,false
kick,2026-09-29,dragon-ball-gekishin-squadra,0.000,6,false
kick,2026-09-29,horizon-zero-dawn,0.000,9,false
kick,2026-09-29,halo:-the-master-chief-collection,0.000,14,false
kick,2026-09-29,silent-hill-f,0.000,8,false
kick,2026-09-29,bioshock,0.000,10,false
kick,2026-09-29,tomb-raider,0.000,8,false
kick,2026-09-29,half-life,0.000,9,false
kick,2026-09-29,broken-arrow,0.000,6,false
kick,2026-09-29,remnant:from-the-ashes,0.000,9,false
kick,2026-09-29,half-life-2,0.000,7,false
kick,2026-09-29,need-for-speed-heat,0.000,16,false
kick,2026-09-29,throne-and-liberty,0.000,11,false
kick,2026-09-29,nascar-26,0.000,5,false
kick,2026-09-29,Grand-Theft-Auto-III,0.000,6,false
kick,2026-09-29,Undertale,0.000,12,false
kick,2026-09-29,dead-as-disco,0.000,8,false
kick,2026-09-29,Metal-Gear-Solid-V:-The-Phantom-Pain,0.000,8,false
kick,2026-09-29,heartopia,0.000,6,false
kick,2026-09-29,uno,0.000,7,false
kick,2026-09-29,killer-instinct,0.000,10,false
kick,2026-09-29,Bloodborne,0.000,8,false
kick,2026-09-29,pokemon-platinum,0.000,6,false
kick,2026-09-29,doom-the-dark-ages,0.000,6,false
kick,2026-09-29,drive-beyond-horizons,0.000,6,false
kick,2026-09-29,flyff-universe,0.000,5,false
kick,2026-09-29,pubg-ded-dot-net,0.000,8,false
kick,2026-09-29,south-park:-the-stick-of-truth,0.000,6,false
kick,2026-09-29,the-texas-chain-saw-massacre,0.000,7,false
kick,2026-09-29,path-of-titans,0.000,8,false
kick,2026-09-29,raid-shadow-legends,0.000,8,false
kick,2026-09-29,star-wars-jedi:-survivor,0.000,9,false
kick,2026-09-29,shadow-of-the-tomb-raider,0.000,10,false
kick,2026-09-29,bloods-td-6,0.000,5,false
kick,2026-09-29,Marvel's-Spider-Man:-Miles-Morales,0.000,11,false
kick,2026-09-29,3d-modeling,0.000,5,false
kick,2026-09-29,gray-zone-warfare,0.000,9,false
kick,2026-09-29,samson,0.000,5,false
kick,2026-09-29,Diablo-Immortal,0.000,7,false
kick,2026-09-29,Microsoft-Flight-Simulator,0.000,7,false
kick,2026-09-29,assetto-corsa-competizione,0.000,11,false
kick,2026-09-29,dishonored,0.000,6,false
kick,2026-09-29,resident-evil-0,0.000,6,false
kick,2026-09-29,mimesis,0.000,7,false
kick,2026-09-29,v-rising,0.000,5,false
kick,2026-09-29,dirty-business,0.000,5,false
kick,2026-09-29,the-witcher:-enhanced-edition,0.000,8,false
kick,2026-09-29,deep-rock-galactic,0.000,6,false
kick,2026-09-29,horizon-forbidden-west,0.000,5,false
kick,2026-09-29,mega-quiz-gaming,0.000,6,false
kick,2026-09-29,batman:-arkham-origins,0.000,9,false
kick,2026-09-29,hytale,0.000,8,false
kick,2026-09-29,Super-Mario-World,0.000,7,false
kick,2026-09-29,ghost-watchers,0.000,5,false
kick,2026-09-29,celeste,0.000,8,false
kick,2026-09-29,content-warning,0.000,6,false
kick,2026-09-29,fallout:-new-vegas,0.000,7,false
kick,2026-09-29,doom,0.000,5,false
kick,2026-09-29,zula-global,0.000,5,false
kick,2026-09-29,arknights,0.000,5,false
kick,2026-09-29,the-legend-of-zelda:-the-wind-waker,0.000,8,false
kick,2026-09-29,lords-of-the-fallen,0.000,11,false
kick,2026-09-29,battlefield-2042,0.000,6,false
kick,2026-09-29,battlefield-v,0.000,11,false
kick,2026-09-29,frostpunk,0.000,5,false
kick,2026-09-29,batman:-arkham-knight,0.000,11,false
kick,2026-09-29,last-day-on-earth:-survival,0.000,5,false
kick,2026-09-29,star-wars-zero-company,0.000,5,false
kick,2026-09-29,crash-bandicoot-n.-sane-trilogy,0.000,8,false
kick,2026-09-29,metro-2033-redux,0.000,11,false
kick,2026-09-29,monster-hunter-rise,0.000,8,false
kick,2026-09-29,nier:-automata,0.000,7,false
kick,2026-09-29,ghost-of-yotei,0.000,8,false
kick,2026-09-29,dead-island,0.000,6,false
kick,2026-09-29,paladins,0.000,5,false
kick,2026-09-29,rocket-league-sideswipe,0.000,6,false
kick,2026-09-29,zula,0.000,7,false
kick,2026-09-29,darts,0.000,6,false
kick,2026-09-29,identity-v,0.000,5,false
kick,2026-09-29,backrooms-escape-together,0.000,8,false
kick,2026-09-29,borderlands-3,0.000,5,false
kick,2026-09-29,strinova,0.000,5,false
kick,2026-09-29,five-nights-at-freddy's,0.000,8,false
kick,2026-09-29,assassin's-creed-unity,0.000,5,false
kick,2026-09-29,wo-long-fallen-dynasty,0.000,5,false
kick,2026-09-29,rise-of-the-tomb-raider,0.000,10,false
kick,2026-09-29,grand-theft-auto-iii-the-definitive-edition,0.000,8,false
kick,2026-09-29,icarus,0.000,9,false
kick,2026-09-29,subnautica-2,0.000,5,false
kick,2026-09-29,gears-of-war-reloaded,0.000,7,false
kick,2026-09-29,grain-rot,0.000,5,false
kick,2026-09-29,species-unknown,0.000,8,false
kick,2026-09-29,waterpark-simulator,0.000,9,false
kick,2026-09-29,battlefield-4,0.000,6,false
kick,2026-09-29,the-evil-within-2,0.000,5,false
kick,2026-09-29,dead-space,0.000,6,false
kick,2026-09-29,moonlighter-2-the-endless-vault,0.000,6,false
kick,2026-09-29,trails-in-the-sky-1st-chapter,0.000,5,false
kick,2026-09-29,Marvel's-Spider-Man,0.000,5,false
kick,2026-09-29,nine-sols,0.000,5,false
kick,2026-09-29,dragonsword-awakening,0.000,6,false
kick,2026-09-29,call-of-duty:-black-ops-cold-war,0.000,6,false
kick,2026-09-29,l-a-noire,0.000,5,false
kick,2026-09-29,call-of-duty-2,0.000,6,false
kick,2026-09-29,domino,0.000,5,false
kick,2026-09-29,Need-for-Speed-Unbound,0.000,7,false
kick,2026-09-29,ori-and-the-will-of-the-wisps,0.000,5,false
kick,2026-09-29,carry-the-glass,0.000,5,false
kick,2026-09-29,the-king-of-fighter-2002,0.000,6,false
kick,2026-09-29,final-fantasy-x,0.000,5,false
kick,2026-09-29,board-games,0.000,5,false
kick,2026-09-29,call-of-duty-black-ops-zombies,0.000,5,false
kick,2026-09-29,spider-man-2,0.000,7,false
kick,2026-09-29,warface,0.000,6,false
kick,2026-09-29,amnesia:-the-bunker,0.000,5,false
kick,2026-09-29,moviestarplanet,0.000,5,false
kick,2026-09-29,grand-theft-auto-iv:-the-lost-and-damned,0.000,5,false
kick,2026-09-29,hill-climb-racing,0.000,5,false
kick,2026-09-29,Titanfall-2,0.000,5,false
kick,2026-09-29,crash-bandicoot-2-cortex-strikes-back,0.000,5,false
kick,2026-09-29,dead-cells,0.000,5,false
kick,2026-09-29,the-legend-of-zelda:-a-link-to-the-past,0.000,5,false
kick,2026-09-29,subway-surfers,0.000,7,false
kick,2026-09-29,pokemon-anil,0.000,5,false
kick,2026-09-29,back-4-blood,0.000,5,false
kick,2026-09-29,x-men-origins:-wolverine,0.000,5,false
kick,2026-09-29,oxide-survival-island,0.000,5,false
kick,2026-09-29,cronos-the-new-dawn,0.000,5,false
kick,2026-09-29,call-of-duty-online,0.000,7,false
kick,2026-09-29,fifa-mobile,0.000,5,false
kick,2026-09-29,(other: 2302 categories with fewer than 5 channels),1.026,,false
kick,2026-09-30,just-chatting,20.188,17906,false
kick,2026-09-30,grand-theft-auto-v,16.328,6328,false
kick,2026-09-30,irl,13.261,1900,false
kick,2026-09-30,minecraft,9.259,2817,false
kick,2026-09-30,slots,7.708,2625,true
kick,2026-09-30,ea-sports-fc-27,4.435,1994,false
kick,2026-09-30,valorant,2.260,4009,false
kick,2026-09-30,counter-strike-2,1.872,4016,false
kick,2026-09-30,dota-2,1.734,1356,false
kick,2026-09-30,league-of-legends,1.584,3410,false
kick,2026-09-30,pubg-mobile,1.309,897,false
kick,2026-09-30,wardogs,1.252,1261,false
kick,2026-09-30,aion-2,0.860,549,false
kick,2026-09-30,Garena-Free-Fire,0.837,784,false
kick,2026-09-30,world-of-warcraft-forever,0.799,553,false
kick,2026-09-30,chat-roulette,0.720,355,false
kick,2026-09-30,nba-2k27,0.650,376,false
kick,2026-09-30,fortnite,0.618,2582,false
kick,2026-09-30,Roblox,0.463,1403,false
kick,2026-09-30,rust,0.423,306,false
kick,2026-09-30,music-stations,0.398,696,false
kick,2026-09-30,just-sleeping,0.381,163,false
kick,2026-09-30,red-dead-redemption-ii,0.365,378,false
kick,2026-09-30,ea-sports-fc-26,0.341,335,false
kick,2026-09-30,Tibia,0.325,359,false
kick,2026-09-30,call-of-duty-warzone,0.293,1435,false
kick,2026-09-30,nba-2k17,0.286,48,false
kick,2026-09-30,pools-hot-tubs-bikinis,0.283,241,false
kick,2026-09-30,pummel-party,0.278,22,false
kick,2026-09-30,games-+-demos,0.276,329,false
kick,2026-09-30,efootball,0.272,364,false
kick,2026-09-30,the-isle,0.269,100,false
kick,2026-09-30,crypto-and-trading,0.249,383,false
kick,2026-09-30,pubg-battlegrounds,0.240,997,false
kick,2026-09-30,old-school-runescape,0.233,340,false
kick,2026-09-30,the-witcher-3:-wild-hunt,0.226,732,false
kick,2026-09-30,f1-25,0.217,60,false
kick,2026-09-30,mimic-party,0.216,77,false
kick,2026-09-30,rocket-league,0.211,922,false
kick,2026-09-30,arc-raiders,0.207,607,false
kick,2026-09-30,return-of-the-king,0.203,174,false
kick,2026-09-30,Valheim,0.179,368,false
kick,2026-09-30,lineage-ii,0.172,496,false
kick,2026-09-30,dawson-oaks-trailer-park,0.167,26,false
kick,2026-09-30,teamfight-tactics,0.144,290,false
kick,2026-09-30,escape-from-tarkov,0.139,243,false
kick,2026-09-30,marvel-rivals,0.138,454,false
kick,2026-09-30,the-blood-of-dawnwalker,0.128,88,false
kick,2026-09-30,codenames,0.128,20,false
kick,2026-09-30,gartic-phone,0.124,32,false
kick,2026-09-30,dead-by-daylight,0.122,468,false
kick,2026-09-30,deadlock,0.119,228,false
kick,2026-09-30,asmr,0.103,83,false
kick,2026-09-30,garena-free-fire-max,0.099,265,false
kick,2026-09-30,halloween-the-game,0.096,132,false
kick,2026-09-30,silent-hill-townfall,0.096,287,false
kick,2026-09-30,poker,0.093,115,true
kick,2026-09-30,vrchat,0.086,91,false
kick,2026-09-30,minecraft-dungeons-ii,0.084,367,false
kick,2026-09-30,reaction,0.083,81,false
kick,2026-09-30,aniimo,0.078,392,false
kick,2026-09-30,among-us,0.078,129,false
kick,2026-09-30,Silent-Hill,0.077,9,false
kick,2026-09-30,Grand-Theft-Auto:-San-Andreas,0.070,88,false
kick,2026-09-30,golf-it,0.069,7,false
kick,2026-09-30,rv-there-yet--1,0.067,67,false
kick,2026-09-30,retro-games,0.065,217,false
kick,2026-09-30,black-desert-online,0.065,96,false
kick,2026-09-30,mu-online,0.062,65,false
kick,2026-09-30,chess,0.061,99,false
kick,2026-09-30,cyberpunk-2077,0.058,70,false
kick,2026-09-30,kick-bounties,0.057,82,false
kick,2026-09-30,dragon-ball-sparking-zero,0.054,23,false
kick,2026-09-30,clair-obscur-expedition-33,0.052,27,false
kick,2026-09-30,Ark:-Survival-Evolved,0.052,34,false
kick,2026-09-30,Tom-Clancy's-Rainbow-Six-Siege-x,0.051,346,false
kick,2026-09-30,mobile-legends: - bang-bang,0.051,288,false
kick,2026-09-30,marvels-wolverine,0.050,132,false
kick,2026-09-30,blood-strike,0.049,250,false
kick,2026-09-30,call-of-duty-black-ops-7,0.048,466,false
kick,2026-09-30,apex-legends,0.047,691,false
kick,2026-09-30,madden-nfl-27,0.047,86,false
kick,2026-09-30,call-of-duty:-mobile,0.045,244,false
kick,2026-09-30,black-myth-wukong,0.045,52,false
kick,2026-09-30,overwatch,0.044,436,false
kick,2026-09-30,jawlah,0.043,31,false
kick,2026-09-30,sports,0.043,126,false
kick,2026-09-30,Project-Zomboid,0.042,165,false
kick,2026-09-30,schedule-i,0.039,51,false
kick,2026-09-30,wuthering-waves,0.039,133,false
kick,2026-09-30,american-truck-simulator,0.038,152,false
kick,2026-09-30,world-of-warcraft,0.038,380,false
kick,2026-09-30,architect-land-of-exiles,0.037,19,false
kick,2026-09-30,Genshin-Impact,0.036,181,false
kick,2026-09-30,arena-breakout-infinite,0.036,229,false
kick,2026-09-30,find-the-needle,0.034,45,false
kick,2026-09-30,Left-4-Dead-2,0.034,251,false
kick,2026-09-30,animals-nature,0.033,68,false
kick,2026-09-30,battlegrounds-mobile-india,0.032,392,false
kick,2026-09-30,software-development,0.032,50,false
kick,2026-09-30,news,0.030,116,false
kick,2026-09-30,ark-survival-ascended,0.030,55,false
kick,2026-09-30,seven-days-to-die,0.030,88,false
kick,2026-09-30,vtubers,0.029,222,false
kick,2026-09-30,mir-4,0.029,27,false
kick,2026-09-30,sos-ops,0.028,55,false
kick,2026-09-30,cricket-24,0.028,16,false
kick,2026-09-30,cabal-online,0.028,33,false
kick,2026-09-30,euro-truck-simulator-2,0.027,202,false
kick,2026-09-30,grand-theft-auto-vi,0.027,206,false
kick,2026-09-30,supermarket-simulator,0.026,23,false
kick,2026-09-30,how-to-fish,0.026,131,false
kick,2026-09-30,fall-guys,0.025,91,false
kick,2026-09-30,grand-theft-auto-iv,0.025,50,false
kick,2026-09-30,chained-together,0.024,22,false
kick,2026-09-30,elden-ring,0.023,139,false
kick,2026-09-30,8-ball-pool,0.023,8,false
kick,2026-09-30,the-last-of-us-part-ii-remastered,0.022,54,false
kick,2026-09-30,indie-games,0.022,67,false
kick,2026-09-30,a-way-out,0.022,23,false
kick,2026-09-30,goose-goose-duck,0.022,46,false
kick,2026-09-30,warcraft-iii-the-frozen-throne,0.021,32,false
kick,2026-09-30,red-dead-rp,0.021,76,false
kick,2026-09-30,control-resonant,0.021,190,false
kick,2026-09-30,the-finals,0.021,75,false
kick,2026-09-30,ea-sports-college-football-27,0.020,39,false
kick,2026-09-30,graveyard-keeper-ii,0.020,61,false
kick,2026-09-30,Resident-Evil-4,0.019,55,false
kick,2026-09-30,where-winds-meet,0.019,33,false
kick,2026-09-30,resident-evil-requiem,0.019,95,false
kick,2026-09-30,resident-evil-4-remake,0.019,103,false
kick,2026-09-30,Marvel's-Spider-Man,0.018,9,false
kick,2026-09-30,final-fantasy-xiv,0.018,46,false
kick,2026-09-30,live-dj,0.018,225,false
kick,2026-09-30,windrose,0.018,13,false
kick,2026-09-30,h1z1,0.018,22,false
kick,2026-09-30,diablo-iv,0.017,134,false
kick,2026-09-30,runescape-dragonwilds,0.017,135,false
kick,2026-09-30,palworld,0.016,109,false
kick,2026-09-30,music-production,0.016,161,false
kick,2026-09-30,once-human,0.016,143,false
kick,2026-09-30,arena-breakout,0.016,38,false
kick,2026-09-30,god-of-war-ragnarok,0.016,49,false
kick,2026-09-30,DayZ,0.016,137,false
kick,2026-09-30,the-binding-of-isaac:-repentance,0.014,43,false
kick,2026-09-30,Clash-Royale,0.014,71,false
kick,2026-09-30,assassins-creed-origins,0.014,6,false
kick,2026-09-30,onimusha-way-of-the-sword,0.014,105,false
kick,2026-09-30,Albion-Online,0.014,81,false
kick,2026-09-30,podcasts,0.013,140,false
kick,2026-09-30,geometry-dash,0.013,62,false
kick,2026-09-30,reanimal,0.013,8,false
kick,2026-09-30,woman-simulator,0.012,19,false
kick,2026-09-30,The-Last-of-Us-Part-II,0.012,14,false
kick,2026-09-30,runescape,0.012,15,false
kick,2026-09-30,humanitz,0.012,5,false
kick,2026-09-30,call-of-duty-modern-warfare-iii,0.011,62,false
kick,2026-09-30,kerbal-space-program,0.011,5,false
kick,2026-09-30,crash-bandicoot,0.011,6,false
kick,2026-09-30,warframe,0.011,117,false
kick,2026-09-30,digital-art,0.011,38,false
kick,2026-09-30,The-Last-of-Us,0.011,77,false
kick,2026-09-30,pro-evolution-soccer-6,0.011,25,false
kick,2026-09-30,resonance-a-plague-tale-legacy,0.011,22,false
kick,2026-09-30,age-of-empires-II:-definitive-edition,0.011,26,false
kick,2026-09-30,repo,0.011,144,false
kick,2026-09-30,nivalis-nights,0.010,35,false
kick,2026-09-30,assassin's-creed-valhalla,0.010,21,false
kick,2026-09-30,yu-gi-oh-forbidden-memories,0.010,8,false
kick,2026-09-30,delta-force,0.010,152,false
kick,2026-09-30,gran-turismo-7,0.010,9,false
kick,2026-09-30,battlefield-6,0.010,229,false
kick,2026-09-30,metin-2,0.010,100,false
kick,2026-09-30,football-manager-26,0.010,23,false
kick,2026-09-30,path-of-exile-2,0.009,75,false
kick,2026-09-30,dragon-ball-z:-kakarot,0.009,6,false
kick,2026-09-30,neverness-to-everness,0.009,99,false
kick,2026-09-30,politics,0.009,41,false
kick,2026-09-30,russian-fishing-4,0.009,17,false
kick,2026-09-30,geoguessr,0.009,48,false
kick,2026-09-30,quizei,0.009,15,false
kick,2026-09-30,marvels-spider-man-remastered,0.009,38,false
kick,2026-09-30,garry's-mod,0.009,17,false
kick,2026-09-30,jump-space,0.009,6,false
kick,2026-09-30,cities-skylines-ii,0.009,8,false
kick,2026-09-30,life-is-strange,0.009,7,false
kick,2026-09-30,grand-theft-auto-san-andreas-the-definitive-edition,0.008,34,false
kick,2026-09-30,retro,0.008,54,false
kick,2026-09-30,Phasmophobia,0.008,117,false
kick,2026-09-30,silkroad-online,0.008,84,false
kick,2026-09-30,crab-game,0.008,14,false
kick,2026-09-30,knight-online,0.008,113,false
kick,2026-09-30,haxball,0.008,39,false
kick,2026-09-30,battlefield-1,0.008,37,false
kick,2026-09-30,stumble-guys,0.008,36,false
kick,2026-09-30,special-events,0.008,23,false
kick,2026-09-30,kingdom-come:-deliverance,0.008,13,false
kick,2026-09-30,happy-wheels,0.007,11,false
kick,2026-09-30,i-know-a-guy,0.007,10,false
kick,2026-09-30,call-of-duty-warzone-2.0,0.007,195,false
kick,2026-09-30,peak-1,0.007,103,false
kick,2026-09-30,gears-5,0.007,30,false
kick,2026-09-30,helldivers-ii,0.007,93,false
kick,2026-09-30,tom-clancy's-ghost-recon-wildlands,0.007,34,false
kick,2026-09-30,destiny-2,0.007,96,false
kick,2026-09-30,resident-evil-village,0.007,42,false
kick,2026-09-30,pokemon-emerald,0.007,7,false
kick,2026-09-30,live-music,0.007,150,false
kick,2026-09-30,dying-light-the-beast,0.006,28,false
kick,2026-09-30,art,0.006,93,false
kick,2026-09-30,the-legend-of-zelda:-twilight-princess,0.006,20,false
kick,2026-09-30,scritchy-scratchy,0.006,26,false
kick,2026-09-30,manor-lords,0.006,10,false
kick,2026-09-30,vein,0.006,5,false
kick,2026-09-30,monster-hunter-wilds,0.006,46,false
kick,2026-09-30,The-Forest,0.006,48,false
kick,2026-09-30,dying-light-2:stay-human,0.006,21,false
kick,2026-09-30,final-fantasy-VII-remake,0.006,23,false
kick,2026-09-30,enshrouded,0.006,8,false
kick,2026-09-30,ragnarok-origin-classic,0.006,7,false
kick,2026-09-30,battlefield-redsec,0.006,150,false
kick,2026-09-30,the-elder-scrolls-v-skyrim,0.006,16,false
kick,2026-09-30,rematch--1,0.006,62,false
kick,2026-09-30,nba-2k26,0.006,41,false
kick,2026-09-30,hollow-knight-silksong,0.006,35,false
kick,2026-09-30,silent-hill-2--1,0.006,14,false
kick,2026-09-30,forza-horizon-6,0.005,93,false
kick,2026-09-30,pokemon-unite,0.005,29,false
kick,2026-09-30,active-matter,0.005,54,false
kick,2026-09-30,dune-awakening,0.005,63,false
kick,2026-09-30,machine-party,0.005,28,false
kick,2026-09-30,panicore,0.005,7,false
kick,2026-09-30,golf-with-your-friends,0.005,18,false
kick,2026-09-30,transport-fever-3,0.005,30,false
kick,2026-09-30,dofus,0.005,15,false
kick,2026-09-30,summoners-war:-sky-arena,0.005,6,false
kick,2026-09-30,aion,0.005,21,false
kick,2026-09-30,ace-combat-8-wings-of-theve,0.005,50,false
kick,2026-09-30,efootball-pes-2021,0.005,27,false
kick,2026-09-30,escape-the-backrooms,0.005,36,false
kick,2026-09-30,assassins's-creed-odyssey,0.005,20,false
kick,2026-09-30,nba-2k15,0.005,5,false
kick,2026-09-30,buckshot-roulette,0.005,10,false
kick,2026-09-30,tcg-card-shop-simulator,0.005,27,false
kick,2026-09-30,assassins-creed-black-flag-resynced,0.005,33,false
kick,2026-09-30,party-animals,0.005,21,false
kick,2026-09-30,detroit-become-human,0.005,37,false
kick,2026-09-30,iracing,0.005,73,false
kick,2026-09-30,far-cry-6,0.005,20,false
kick,2026-09-30,tom-clancy's-the-division-2,0.005,73,false
kick,2026-09-30,fortnite-zero-build,0.005,175,false
kick,2026-09-30,assassins-creed-mirage,0.005,6,false
kick,2026-09-30,nhl-27,0.005,14,false
kick,2026-09-30,meditation-and-mindfulness,0.005,12,false
kick,2026-09-30,fitness-and-health,0.005,40,false
kick,2026-09-30,funnel-runners,0.005,9,false
kick,2026-09-30,snowrunner,0.005,27,false
kick,2026-09-30,skribbl-io,0.005,6,false
kick,2026-09-30,feign,0.005,14,false
kick,2026-09-30,hunt:-showdown,0.004,70,false
kick,2026-09-30,farming-simulator-2025,0.004,66,false
kick,2026-09-30,call-of-duty-black-ops-6,0.004,44,false
kick,2026-09-30,granny,0.004,13,false
kick,2026-09-30,Sea-of-Thieves,0.004,62,false
kick,2026-09-30,the-crew:-motorfest,0.004,15,false
kick,2026-09-30,days-gone,0.004,22,false
kick,2026-09-30,z1-battle-royale,0.004,46,false
kick,2026-09-30,lords-of-the-fallen,0.004,9,false
kick,2026-09-30,split-fiction,0.004,21,false
kick,2026-09-30,hogwarts-legacy,0.004,53,false
kick,2026-09-30,mlb-the-show-26,0.004,49,false
kick,2026-09-30,cooking,0.004,13,false
kick,2026-09-30,grain-rot,0.004,5,false
kick,2026-09-30,a-weird-game-about-sausage,0.004,7,false
kick,2026-09-30,the-elder-scrolls-v-skyrim-special-edition,0.004,42,false
kick,2026-09-30,the-cabin-game,0.003,5,false
kick,2026-09-30,mega-quiz-gaming,0.003,8,false
kick,2026-09-30,marvel-snap,0.003,9,false
kick,2026-09-30,radio-commander,0.003,9,false
kick,2026-09-30,wormate-io,0.003,10,false
kick,2026-09-30,silent-hill-f,0.003,10,false
kick,2026-09-30,resident-evil-2-(2019),0.003,51,false
kick,2026-09-30,cricket-26,0.003,21,false
kick,2026-09-30,ea-sports-fc-online,0.003,13,false
kick,2026-09-30,uncharted:legacy-of-thieves-collection,0.003,10,false
kick,2026-09-30,brawl-stars,0.003,61,false
kick,2026-09-30,resident-evil,0.003,20,false
kick,2026-09-30,watch-dogs-2,0.003,13,false
kick,2026-09-30,monopoly-poker,0.003,12,false
kick,2026-09-30,the-quarry,0.003,14,false
kick,2026-09-30,heartopia,0.003,12,false
kick,2026-09-30,audition-online,0.003,6,false
kick,2026-09-30,game-development,0.003,33,false
kick,2026-09-30,dont-scream-together,0.003,7,false
kick,2026-09-30,assassins-creed-shadows,0.003,14,false
kick,2026-09-30,gas-station-simulator,0.003,8,false
kick,2026-09-30,megabonk,0.003,20,false
kick,2026-09-30,business-tour,0.003,16,false
kick,2026-09-30,little-nightmares-II,0.003,5,false
kick,2026-09-30,meccha-chameleon,0.003,31,false
kick,2026-09-30,bombanana,0.003,34,false
kick,2026-09-30,dark-souls:-remastered,0.003,33,false
kick,2026-09-30,chill-corner,0.003,19,false
kick,2026-09-30,fc-mobile,0.003,36,false
kick,2026-09-30,photomaly,0.002,9,false
kick,2026-09-30,assetto-corsa,0.002,54,false
kick,2026-09-30,call-of-duty-modern-warfare-4,0.002,82,false
kick,2026-09-30,dont-starve-together,0.002,8,false
kick,2026-09-30,farlight-84,0.002,8,false
kick,2026-09-30,epic-seven,0.002,5,false
kick,2026-09-30,words-on-stream,0.002,7,false
kick,2026-09-30,ranch-simulator,0.002,9,false
kick,2026-09-30,league-of-legends-wild-rift,0.002,59,false
kick,2026-09-30,science-technology,0.002,32,false
kick,2026-09-30,food-drink,0.002,12,false
kick,2026-09-30,halo:-the-master-chief-collection,0.002,12,false
kick,2026-09-30,a-plague-tale-innocence,0.002,11,false
kick,2026-09-30,arma-reforger,0.002,30,false
kick,2026-09-30,god-of-war-III,0.002,11,false
kick,2026-09-30,mount-and-blade-warband,0.002,5,false
kick,2026-09-30,ddtank,0.002,9,false
kick,2026-09-30,risk:-global-domination,0.002,12,false
kick,2026-09-30,sons-of-the-forest,0.002,45,false
kick,2026-09-30,age-of-empires-iv,0.002,17,false
kick,2026-09-30,kings-league,0.002,10,false
kick,2026-09-30,backrooms,0.002,5,false
kick,2026-09-30,honor-of-kings,0.002,40,false
kick,2026-09-30,minecraft-dunegons,0.002,20,false
kick,2026-09-30,uno,0.002,6,false
kick,2026-09-30,horizon-zero-dawn,0.002,8,false
kick,2026-09-30,war-thunder,0.002,71,false
kick,2026-09-30,The-Sims-4,0.002,30,false
kick,2026-09-30,stardew-valley,0.002,44,false
kick,2026-09-30,little-nightmares-iii--1,0.002,13,false
kick,2026-09-30,monopoly--19,0.002,5,false
kick,2026-09-30,Resident-Evil-7:-Biohazard,0.002,44,false
kick,2026-09-30,brotato,0.002,6,false
kick,2026-09-30,Dark-Souls,0.002,8,false
kick,2026-09-30,the-mortuary-assistant,0.002,11,false
kick,2026-09-30,bloods-td-6,0.002,12,false
kick,2026-09-30,star-citizen,0.002,42,false
kick,2026-09-30,command-conquer-generals,0.002,7,false
kick,2026-09-30,ragnarok-online,0.002,23,false
kick,2026-09-30,Diablo-II:-Resurrected,0.002,24,false
kick,2026-09-30,card-games,0.002,12,false
kick,2026-09-30,police-chief-simulator,0.002,6,false
kick,2026-09-30,rules-of-survival,0.002,8,false
kick,2026-09-30,gears-of-war-4,0.002,20,false
kick,2026-09-30,world-of-warcraft-classic,0.002,57,false
kick,2026-09-30,pokemon-firered-version,0.002,15,false
kick,2026-09-30,pokemon-champions,0.002,22,false
kick,2026-09-30,alan-wake-II,0.002,9,false
kick,2026-09-30,sports-betting,0.002,10,true
kick,2026-09-30,ori-and-the-blind-forest,0.002,10,false
kick,2026-09-30,wolf-team,0.002,18,false
kick,2026-09-30,wwe-2k26,0.002,32,false
kick,2026-09-30,the-elder-scrolls-iv-oblivion-remastered,0.002,5,false
kick,2026-09-30,for-honor,0.002,32,false
kick,2026-09-30,gartic-io,0.002,12,false
kick,2026-09-30,The-Elder-Scrolls-Online,0.002,26,false
kick,2026-09-30,way-of-the-hunter-2,0.002,5,false
kick,2026-09-30,ghost-of-tsushima,0.002,30,false
kick,2026-09-30,halo-infinite,0.002,48,false
kick,2026-09-30,honkai:-star-rail,0.002,32,false
kick,2026-09-30,oxygen-not-included,0.002,5,false
kick,2026-09-30,pokemon-pokopia,0.002,5,false
kick,2026-09-30,Dark-Souls-III,0.002,27,false
kick,2026-09-30,kingdom-come-deliverance-ii,0.002,25,false
kick,2026-09-30,marvels-spider-man-2,0.002,44,false
kick,2026-09-30,Death-Stranding,0.002,14,false
kick,2026-09-30,avatars-frontiers-of-pandora,0.001,16,false
kick,2026-09-30,need-for-speed-most-wanted-2012,0.001,5,false
kick,2026-09-30,no-mans-sky,0.001,54,false
kick,2026-09-30,Starcraft-II,0.001,27,false
kick,2026-09-30,hollow-knight,0.001,55,false
kick,2026-09-30,guild-wars-2,0.001,20,false
kick,2026-09-30,anime-squad,0.001,13,false
kick,2026-09-30,baldurs-gate-3,0.001,38,false
kick,2026-09-30,scary-game-2-the-mad-shepherd,0.001,6,false
kick,2026-09-30,blazing-sails,0.001,10,false
kick,2026-09-30,half-life,0.001,10,false
kick,2026-09-30,marathon,0.001,17,false
kick,2026-09-30,god-of-war,0.001,44,false
kick,2026-09-30,slay-the-spire-ii,0.001,12,false
kick,2026-09-30,fallout-76,0.001,33,false
kick,2026-09-30,dragon-ball-legends,0.001,6,false
kick,2026-09-30,disney-dreamlight-valley,0.001,18,false
kick,2026-09-30,madden-nfl-26,0.001,11,false
kick,2026-09-30,World-of-Tanks,0.001,62,false
kick,2026-09-30,clash-of-clans,0.001,23,false
kick,2026-09-30,it-takes-two,0.001,22,false
kick,2026-09-30,mistfall-hunter,0.001,16,false
kick,2026-09-30,restory,0.001,8,false
kick,2026-09-30,minecraft:-story-mode,0.001,5,false
kick,2026-09-30,SCUM,0.001,33,false
kick,2026-09-30,mafia-the-old-country,0.001,15,false
kick,2026-09-30,007-first-light,0.001,36,false
kick,2026-09-30,Silent-Hill-2,0.001,8,false
kick,2026-09-30,dead-as-disco,0.001,10,false
kick,2026-09-30,arknights-endfield,0.001,13,false
kick,2026-09-30,counter-strike:-1.6,0.001,38,false
kick,2026-09-30,friday-the-13th:-the-game,0.001,9,false
kick,2026-09-30,conan-exiles,0.001,13,false
kick,2026-09-30,cast-n-chill,0.001,7,false
kick,2026-09-30,dave the-diver,0.001,6,false
kick,2026-09-30,warhammer-40000-space-marine-II,0.001,22,false
kick,2026-09-30,Resident-Evil-3,0.001,23,false
kick,2026-09-30,stream,0.001,26,false
kick,2026-09-30,aim-lab,0.001,5,false
kick,2026-09-30,MapleStory,0.001,15,false
kick,2026-09-30,monster-hunter: - world,0.001,20,false
kick,2026-09-30,fire-emblem-fortunes-weave,0.001,29,false
kick,2026-09-30,sekiro:-shadows-die-twice,0.001,23,false
kick,2026-09-30,green-hell,0.001,11,false
kick,2026-09-30,path-of-exile,0.001,11,false
kick,2026-09-30,blasphemous,0.001,9,false
kick,2026-09-30,the-legend-of-zelda:-ocarina-of-time,0.001,45,false
kick,2026-09-30,legend-of-ymir,0.001,6,false
kick,2026-09-30,gamble-with-your-friends,0.001,10,false
kick,2026-09-30,Resident-Evil-3:-Nemesis,0.001,11,false
kick,2026-09-30,perfect-world,0.001,9,false
kick,2026-09-30,microsoft-flight-simulator-2024,0.001,18,false
kick,2026-09-30,grounded-2,0.001,17,false
kick,2026-09-30,tom-clancy-s-rainbow-six,0.001,40,false
kick,2026-09-30,rise-online,0.001,10,false
kick,2026-09-30,last-day-on-earth:-survival,0.001,5,false
kick,2026-09-30,unicycle-together,0.001,7,false
kick,2026-09-30,we-were-here,0.001,6,false
kick,2026-09-30,crossfire,0.001,18,false
kick,2026-09-30,mortal-shell-ii,0.001,29,false
kick,2026-09-30,Street-Fighter-6,0.001,28,false
kick,2026-09-30,the-outlast-trials,0.001,19,false
kick,2026-09-30,dont-play-this,0.001,5,false
kick,2026-09-30,lies-of-pi,0.001,33,false
kick,2026-09-30,The-Legend-of-Zelda:-Breath-of-the-Wild,0.001,19,false
kick,2026-09-30,roblox-studio,0.001,34,false
kick,2026-09-30,uncharted-4-a-thief-s-end,0.001,13,false
kick,2026-09-30,Marvel's-Spider-Man:-Miles-Morales,0.001,10,false
kick,2026-09-30,Resident-Evil-2,0.001,19,false
kick,2026-09-30,crimson-desert,0.001,51,false
kick,2026-09-30,mario-kart-world,0.001,16,false
kick,2026-09-30,call-of-duty:-black-ops-III,0.001,32,false
kick,2026-09-30,mortal-kombat-11,0.001,6,false
kick,2026-09-30,god-of-war-(2005),0.001,17,false
kick,2026-09-30,stray,0.001,5,false
kick,2026-09-30,poppy-playtime,0.001,12,false
kick,2026-09-30,total-war:-warhammer-iii,0.001,18,false
kick,2026-09-30,le-mans-ultimate,0.001,18,false
kick,2026-09-30,persona-3-reload,0.001,6,false
kick,2026-09-30,Clone-Hero,0.001,9,false
kick,2026-09-30,tom-clancy's-the-division,0.001,5,false
kick,2026-09-30,visage,0.001,5,false
kick,2026-09-30,graphic-design,0.001,5,false
kick,2026-09-30,kakele-online-mmorpg,0.001,6,false
kick,2026-09-30,Marbles-On-Stream,0.001,10,false
kick,2026-09-30,forza-horizon-5,0.001,15,false
kick,2026-09-30,resident-evil-6,0.001,14,false
kick,2026-09-30,until-dawn,0.001,7,false
kick,2026-09-30,graveyard-keeper,0.001,19,false
kick,2026-09-30,plants-vs.-zombies,0.001,14,false
kick,2026-09-30,cs2d,0.001,34,false
kick,2026-09-30,osu!,0.001,39,false
kick,2026-09-30,pokemon-go,0.001,11,false
kick,2026-09-30,mir-tankov,0.001,16,false
kick,2026-09-30,magic-the-gathering-arena,0.001,21,false
kick,2026-09-30,palia,0.001,18,false
kick,2026-09-30,throne-and-liberty,0.001,15,false
kick,2026-09-30,dying-light,0.001,20,false
kick,2026-09-30,bodycam,0.001,50,false
kick,2026-09-30,project-bloodstrike,0.001,28,false
kick,2026-09-30,ready-or-not,0.001,26,false
kick,2026-09-30,tekken-8,0.001,35,false
kick,2026-09-30,reading,0.001,10,false
kick,2026-09-30,hades-ii,0.001,6,false
kick,2026-09-30,outlast-ii,0.001,15,false
kick,2026-09-30,far_cry_3,0.001,11,false
kick,2026-09-30,assetto-corsa-competizione,0.001,11,false
kick,2026-09-30,Mount-&-Blade-II:-Bannerlord,0.001,31,false
kick,2026-09-30,call-of-duty:-dmz,0.001,25,false
kick,2026-09-30,ea-sports-fc-24,0.001,7,false
kick,2026-09-30,forest-escape-last-train,0.001,5,false
kick,2026-09-30,call-of-duty-modern-warfare-ii,0.001,45,false
kick,2026-09-30,paranormal-cleanup,0.001,6,false
kick,2026-09-30,3d-printing,0.001,11,false
kick,2026-09-30,pragmata,0.001,16,false
kick,2026-09-30,call-of-duty-black-ops-zombies,0.001,12,false
kick,2026-09-30,well-dweller,0.001,27,false
kick,2026-09-30,predecessor,0.001,14,false
kick,2026-09-30,horizon-forbidden-west,0.001,6,false
kick,2026-09-30,Hearthstone,0.001,43,false
kick,2026-09-30,the-legend-of-zelda:-the-wind-waker,0.001,11,false
kick,2026-09-30,the-choicer-voicer,0.001,7,false
kick,2026-09-30,call-of-duty:-black-ops-II,0.001,32,false
kick,2026-09-30,house-flipper,0.001,5,false
kick,2026-09-30,zenless-zone-zero,0.001,19,false
kick,2026-09-30,riders-republic,0.001,5,false
kick,2026-09-30,battlefield-2042,0.001,6,false
kick,2026-09-30,gears-of-war-3,0.001,9,false
kick,2026-09-30,star-wars-jedi:-survivor,0.001,10,false
kick,2026-09-30,mortal-kombat-1,0.001,15,false
kick,2026-09-30,kingdom-hearts,0.001,5,false
kick,2026-09-30,tabletop-rpgs,0.001,15,false
kick,2026-09-30,pro-soccer-online,0.001,7,false
kick,2026-09-30,Magic:-The-Gathering,0.001,9,false
kick,2026-09-30,darkest-dungeon,0.001,6,false
kick,2026-09-30,my-voice-zoo,0.001,5,false
kick,2026-09-30,terraria,0.001,49,false
kick,2026-09-30,icarus,0.001,10,false
kick,2026-09-30,raid-shadow-legends,0.001,8,false
kick,2026-09-30,the-witcher,0.001,15,false
kick,2026-09-30,eve-online,0.001,14,false
kick,2026-09-30,fifa-20,0.000,6,false
kick,2026-09-30,Sid-Meier's-Civilization-VI,0.000,6,false
kick,2026-09-30,streamer-daily,0.000,8,false
kick,2026-09-30,warcraft-iii-reforged,0.000,20,false
kick,2026-09-30,makers-&-crafting,0.000,13,false
kick,2026-09-30,beamng-drive,0.000,16,false
kick,2026-09-30,grand-theft-auto:-vice-city-the-definitive-edition,0.000,23,false
kick,2026-09-30,yu-gi-oh-!-master-duel,0.000,16,false
kick,2026-09-30,the-walking-dead:-season-one,0.000,5,false
kick,2026-09-30,kingdom-hearts-hd-15-25-remix,0.000,18,false
kick,2026-09-30,world-of-tanks:-blitz,0.000,13,false
kick,2026-09-30,need-for-speed,0.000,7,false
kick,2026-09-30,World-of-Warships,0.000,21,false
kick,2026-09-30,raft,0.000,27,false
kick,2026-09-30,level-devil,0.000,5,false
kick,2026-09-30,friday-night-funkin',0.000,9,false
kick,2026-09-30,final-fantasy-vii-rebirth,0.000,15,false
kick,2026-09-30,red-dead-redemption,0.000,20,false
kick,2026-09-30,supermarket-together,0.000,14,false
kick,2026-09-30,satisfactory,0.000,16,false
kick,2026-09-30,call-of-duty:-modern-warfare-2,0.000,9,false
kick,2026-09-30,borderlands-4,0.000,13,false
kick,2026-09-30,Resident-Evil-5,0.000,21,false
kick,2026-09-30,pga-tour-2k25,0.000,10,false
kick,2026-09-30,smite-2,0.000,32,false
kick,2026-09-30,grand-theft-auto,0.000,6,false
kick,2026-09-30,chivalry-2,0.000,16,false
kick,2026-09-30,heroes-of-the-storm,0.000,27,false
kick,2026-09-30,grand-theft-auto:-vice-city,0.000,25,false
kick,2026-09-30,naraka:-bladepoint,0.000,12,false
kick,2026-09-30,pokemon-trading-card-game-pocket,0.000,12,false
kick,2026-09-30,Bloodborne,0.000,9,false
kick,2026-09-30,pratfall,0.000,7,false
kick,2026-09-30,digimon-story-time-stranger,0.000,5,false
kick,2026-09-30,last-epoch,0.000,11,false
kick,2026-09-30,call-of-duty-4:-modern-warfare,0.000,11,false
kick,2026-09-30,control,0.000,23,false
kick,2026-09-30,rehaunted,0.000,5,false
kick,2026-09-30,elden-ring-nightreign,0.000,17,false
kick,2026-09-30,final-fantasy-x,0.000,5,false
kick,2026-09-30,Fallout-4,0.000,19,false
kick,2026-09-30,ea-sports-fc-25,0.000,19,false
kick,2026-09-30,Clive-Barker's-Hellraiser:-Revival,0.000,8,false
kick,2026-09-30,Pokémon-Trading-Card-Game-Live,0.000,6,false
kick,2026-09-30,outlast,0.000,33,false
kick,2026-09-30,stalker-2-heart-of-chornobyl,0.000,20,false
kick,2026-09-30,call-of-duty-1,0.000,6,false
kick,2026-09-30,dark-souls-ii-scholar-of-the-first-sin,0.000,24,false
kick,2026-09-30,world-of-warcraft-classic-hardcore,0.000,20,false
kick,2026-09-30,cult-of-the-lamb,0.000,9,false
kick,2026-09-30,overcooked-2,0.000,11,false
kick,2026-09-30,metro-2033-redux,0.000,8,false
kick,2026-09-30,darksiders-warmastered-edition,0.000,5,false
kick,2026-09-30,devour,0.000,19,false
kick,2026-09-30,the-walking-trade,0.000,7,false
kick,2026-09-30,Cuphead,0.000,16,false
kick,2026-09-30,the-legend-of-zelda:-tears-of-the-kingdom,0.000,12,false
kick,2026-09-30,fortnite-save-the-world,0.000,23,false
kick,2026-09-30,Dark-Souls-II,0.000,5,false
kick,2026-09-30,escape-from-tarkov-arena,0.000,13,false
kick,2026-09-30,strikers-club,0.000,13,false
kick,2026-09-30,tomodachi-life-living-the-dream,0.000,11,false
kick,2026-09-30,garfield-escape-from-monday,0.000,6,false
kick,2026-09-30,team-fortress-2,0.000,18,false
kick,2026-09-30,roadcraft,0.000,5,false
kick,2026-09-30,The-Sinking-City-2,0.000,7,false
kick,2026-09-30,dungeons-and-dragons,0.000,14,false
kick,2026-09-30,livestream,0.000,20,false
kick,2026-09-30,dishonored,0.000,5,false
kick,2026-09-30,night_crows,0.000,6,false
kick,2026-09-30,skate,0.000,18,false
kick,2026-09-30,my-hero-ultra-rumble,0.000,20,false
kick,2026-09-30,cloverpit,0.000,9,false
kick,2026-09-30,the-mound-omen-of-cthulhu,0.000,6,false
kick,2026-09-30,tom-clancys-ghost-recon-breakpoint,0.000,23,false
kick,2026-09-30,dark-and-darker,0.000,8,false
kick,2026-09-30,gears-of-war-e-day,0.000,11,false
kick,2026-09-30,squad,0.000,21,false
kick,2026-09-30,batman-arkham-city,0.000,5,false
kick,2026-09-30,trading-cards,0.000,6,false
kick,2026-09-30,dragons-dogma-ii,0.000,13,false
kick,2026-09-30,need-for-speed-most-wanted-2005,0.000,22,false
kick,2026-09-30,dead-space-2023,0.000,10,false
kick,2026-09-30,battlefield-v,0.000,11,false
kick,2026-09-30,warcraft-III:-reign-of-chaos,0.000,10,false
kick,2026-09-30,god-of-war-II,0.000,16,false
kick,2026-09-30,grand-theft-auto-iv:-the-lost-and-damned,0.000,6,false
kick,2026-09-30,ea-sports-ufc-6,0.000,7,false
kick,2026-09-30,pokemmo,0.000,5,false
kick,2026-09-30,video-production,0.000,8,false
kick,2026-09-30,shift-at-midnight,0.000,29,false
kick,2026-09-30,stellar-blade,0.000,15,false
kick,2026-09-30,alien:-isolation,0.000,13,false
kick,2026-09-30,dark-orbit,0.000,6,false
kick,2026-09-30,efootball-2024,0.000,10,false
kick,2026-09-30,fragpunk,0.000,13,false
kick,2026-09-30,the-first-descendant,0.000,12,false
kick,2026-09-30,demonologist,0.000,7,false
kick,2026-09-30,the-hunter-call-of-the-wild,0.000,10,false
kick,2026-09-30,tarot,0.000,6,false
kick,2026-09-30,Lost-Ark,0.000,11,false
kick,2026-09-30,brawlhalla,0.000,28,false
kick,2026-09-30,kovaaks-aim-trainer,0.000,5,false
kick,2026-09-30,football-manager-2024,0.000,5,false
kick,2026-09-30,counter-strike-source,0.000,9,false
kick,2026-09-30,standoff-2,0.000,14,false
kick,2026-09-30,"Warhammer-40,000:-Darktide",0.000,20,false
kick,2026-09-30,super-mario-maker-2,0.000,7,false
kick,2026-09-30,splatoon-3,0.000,7,false
kick,2026-09-30,call-of-duty:-modern-warfare,0.000,14,false
kick,2026-09-30,tom-clancys-rainbow-six-take-down-–-missions-in-korea,0.000,11,false
kick,2026-09-30,resident-evil-2-1998,0.000,10,false
kick,2026-09-30,dispatch--3,0.000,7,false
kick,2026-09-30,dead-island-2,0.000,5,false
kick,2026-09-30,star-wars-the-old-republic,0.000,12,false
kick,2026-09-30,beast-of-reincarnation,0.000,11,false
kick,2026-09-30,the-first-berserker-khazan,0.000,7,false
kick,2026-09-30,pokemon-legends-z-a,0.000,9,false
kick,2026-09-30,powerwash-simulator-2,0.000,5,false
kick,2026-09-30,Mario-Kart-8-Deluxe,0.000,7,false
kick,2026-09-30,little-nightmares,0.000,7,false
kick,2026-09-30,middle-earth-shadow-of-war,0.000,8,false
kick,2026-09-30,coffee-talk,0.000,8,false
kick,2026-09-30,call-of-duty:-black-ops,0.000,6,false
kick,2026-09-30,anime-shop-simulator,0.000,7,false
kick,2026-09-30,alice-madness-returns,0.000,9,false
kick,2026-09-30,planet-crafter,0.000,18,false
kick,2026-09-30,enlisted,0.000,13,false
kick,2026-09-30,dragon-ball-gekishin-squadra,0.000,16,false
kick,2026-09-30,the-long-dark,0.000,10,false
kick,2026-09-30,carry-the-glass,0.000,9,false
kick,2026-09-30,RimWorld,0.000,7,false
kick,2026-09-30,retro-rewind-video-store-simulator,0.000,6,false
kick,2026-09-30,halo-campaign-evolved,0.000,22,false
kick,2026-09-30,persona-5-royal,0.000,11,false
kick,2026-09-30,the-lord-of-the-rings-online,0.000,5,false
kick,2026-09-30,ghost-of-yotei,0.000,10,false
kick,2026-09-30,backrooms-escape-together,0.000,8,false
kick,2026-09-30,hell-let-loose,0.000,13,false
kick,2026-09-30,valorant-mobile,0.000,20,false
kick,2026-09-30,halo-2,0.000,5,false
kick,2026-09-30,hell-let-loose-vietnam,0.000,8,false
kick,2026-09-30,make-it-meme,0.000,5,false
kick,2026-09-30,Undertale,0.000,10,false
kick,2026-09-30,hitman,0.000,5,false
kick,2026-09-30,the-simpsons-hit-&-run,0.000,7,false
kick,2026-09-30,gray-zone-warfare,0.000,13,false
kick,2026-09-30,Diablo-III,0.000,5,false
kick,2026-09-30,counter-strike-global-offensive,0.000,17,false
kick,2026-09-30,waterpark-simulator,0.000,8,false
kick,2026-09-30,grounded,0.000,8,false
kick,2026-09-30,content-warning,0.000,13,false
kick,2026-09-30,far-cry-5,0.000,11,false
kick,2026-09-30,stalzone,0.000,12,false
kick,2026-09-30,openfront,0.000,6,false
kick,2026-09-30,deltarune,0.000,12,false
kick,2026-09-30,farming-simulator-22,0.000,6,false
kick,2026-09-30,no-more-room-in-hell-2,0.000,14,false
kick,2026-09-30,digimon-masters,0.000,6,false
kick,2026-09-30,dragon-ball-z:-budokai-tenkaichi-3,0.000,8,false
kick,2026-09-30,3d-modeling,0.000,7,false
kick,2026-09-30,conquerors-blade,0.000,12,false
kick,2026-09-30,Star-Wars-Jedi:-Fallen-Order,0.000,6,false
kick,2026-09-30,call-of-duty-2,0.000,6,false
kick,2026-09-30,the-walking-dead-the-telltale-definitive-series,0.000,7,false
kick,2026-09-30,off-the-grid--1,0.000,7,false
kick,2026-09-30,broken-arrow,0.000,6,false
kick,2026-09-30,crash-bandicoot-n.-sane-trilogy,0.000,7,false
kick,2026-09-30,Super-Mario-64,0.000,13,false
kick,2026-09-30,half-life-2,0.000,9,false
kick,2026-09-30,grand-chase-classic,0.000,5,false
kick,2026-09-30,state-of-decay-2,0.000,7,false
kick,2026-09-30,Metal-Gear-Solid-V:-The-Phantom-Pain,0.000,7,false
kick,2026-09-30,yu-gi-oh-duel-links,0.000,5,false
kick,2026-09-30,arena-of-valor,0.000,8,false
kick,2026-09-30,lethal-company,0.000,17,false
kick,2026-09-30,v-rising,0.000,7,false
kick,2026-09-30,slither-io,0.000,5,false
kick,2026-09-30,Hades,0.000,8,false
kick,2026-09-30,five-nights-at-freddy's,0.000,9,false
kick,2026-09-30,resident-evil-code-veronica,0.000,5,false
kick,2026-09-30,age-of-empires-ii,0.000,7,false
kick,2026-09-30,devil-may-cry-5,0.000,5,false
kick,2026-09-30,san-andreas-multiplayer,0.000,9,false
kick,2026-09-30,subnautica,0.000,8,false
kick,2026-09-30,super-smash-bros.-ultimate,0.000,13,false
kick,2026-09-30,fifa-23,0.000,7,false
kick,2026-09-30,balatro,0.000,7,false
kick,2026-09-30,second-life,0.000,6,false
kick,2026-09-30,factorio,0.000,10,false
kick,2026-09-30,poco-loco,0.000,5,false
kick,2026-09-30,ran-online,0.000,7,false
kick,2026-09-30,no-im-not-a-human,0.000,6,false
kick,2026-09-30,need-for-speed-underground-2,0.000,8,false
kick,2026-09-30,lego-batman-legacy-of-the-dark-knight,0.000,9,false
kick,2026-09-30,the-other-side,0.000,5,false
kick,2026-09-30,grand-theft-auto-iii-the-definitive-edition,0.000,7,false
kick,2026-09-30,priston-tale,0.000,8,false
kick,2026-09-30,deep-rock-galactic,0.000,6,false
kick,2026-09-30,undisputed,0.000,14,false
kick,2026-09-30,gaming-cafe-simulator,0.000,27,false
kick,2026-09-30,Diablo-Immortal,0.000,7,false
kick,2026-09-30,shadow-of-the-tomb-raider,0.000,10,false
kick,2026-09-30,mafia:definitive-edition,0.000,8,false
kick,2026-09-30,monster-hunter-rise,0.000,10,false
kick,2026-09-30,fallout:-new-vegas,0.000,9,false
kick,2026-09-30,asphalt-legends-unite,0.000,6,false
kick,2026-09-30,the-legend-of-zelda:-majora's-mask,0.000,8,false
kick,2026-09-30,timberborn,0.000,6,false
kick,2026-09-30,beat-saber,0.000,6,false
kick,2026-09-30,goddess-of-victory:-nikke,0.000,7,false
kick,2026-09-30,Trackmania,0.000,5,false
kick,2026-09-30,umamusume-pretty-derby,0.000,10,false
kick,2026-09-30,batman:-arkham-knight,0.000,8,false
kick,2026-09-30,mafia-II:-definitive-edition,0.000,6,false
kick,2026-09-30,wo-long-fallen-dynasty,0.000,7,false
kick,2026-09-30,wayfinder,0.000,5,false
kick,2026-09-30,ball-x-pit,0.000,6,false
kick,2026-09-30,subnautica-2,0.000,7,false
kick,2026-09-30,super-mario-galaxy,0.000,5,false
kick,2026-09-30,atomic-heart,0.000,6,false
kick,2026-09-30,warface,0.000,7,false
kick,2026-09-30,pokemon-red,0.000,6,false
kick,2026-09-30,efootball-2022,0.000,5,false
kick,2026-09-30,the-evil-within-2,0.000,6,false
kick,2026-09-30,pokemon-anil,0.000,7,false
kick,2026-09-30,gears-of-war-reloaded,0.000,8,false
kick,2026-09-30,hitman-3,0.000,6,false
kick,2026-09-30,assassin's-creed-unity,0.000,5,false
kick,2026-09-30,mafia-3,0.000,5,false
kick,2026-09-30,Diablo-II,0.000,6,false
kick,2026-09-30,tom-clancys-the-division-resurgence,0.000,8,false
kick,2026-09-30,road-to-vostok,0.000,8,false
kick,2026-09-30,five-nights-at-freddy's-2,0.000,7,false
kick,2026-09-30,metro-exodus,0.000,14,false
kick,2026-09-30,stick-fight:-the-game,0.000,6,false
kick,2026-09-30,wuchang-fallen-feathers,0.000,7,false
kick,2026-09-30,the-seven-deadly-sins-origin,0.000,12,false
kick,2026-09-30,mecha-break,0.000,6,false
kick,2026-09-30,mad-max,0.000,7,false
kick,2026-09-30,batman:-arkham-asylum,0.000,6,false
kick,2026-09-30,combat-master,0.000,11,false
kick,2026-09-30,gangstar-mirage-city,0.000,7,false
kick,2026-09-30,live-a-live,0.000,6,false
kick,2026-09-30,payday-2,0.000,7,false
kick,2026-09-30,euro-truck-simulator,0.000,6,false
kick,2026-09-30,call-of-duty-warzone-mobile,0.000,12,false
kick,2026-09-30,call-of-duty-modern-warfare-3,0.000,7,false
kick,2026-09-30,Super-Mario-World,0.000,7,false
kick,2026-09-30,high-on-life,0.000,5,false
kick,2026-09-30,cities:-skylines,0.000,5,false
kick,2026-09-30,getting-over-it-with-bennett-foddy,0.000,5,false
kick,2026-09-30,need-for-speed-heat,0.000,13,false
kick,2026-09-30,death-stranding-2-on-the-beach,0.000,5,false
kick,2026-09-30,strinova,0.000,5,false
kick,2026-09-30,resident-evil-0,0.000,5,false
kick,2026-09-30,construction-simulator,0.000,5,false
kick,2026-09-30,assassin's-creed,0.000,6,false
kick,2026-09-30,spider-man-2,0.000,7,false
kick,2026-09-30,celeste,0.000,7,false
kick,2026-09-30,world-war-z,0.000,5,false
kick,2026-09-30,Star-Wars-Battlefront-II,0.000,7,false
kick,2026-09-30,arma-3,0.000,10,false
kick,2026-09-30,chrono-trigger,0.000,5,false
kick,2026-09-30,remnant-ii,0.000,6,false
kick,2026-09-30,need-for-speed:-carbon,0.000,6,false
kick,2026-09-30,risk-of-rain-2,0.000,8,false
kick,2026-09-30,watchdogs,0.000,11,false
kick,2026-09-30,donkey-kong-bananza,0.000,5,false
kick,2026-09-30,marvel-tokon-fighting-souls,0.000,7,false
kick,2026-09-30,mx-bikes,0.000,5,false
kick,2026-09-30,trails-in-the-sky-1st-chapter,0.000,5,false
kick,2026-09-30,identity-v,0.000,5,false
kick,2026-09-30,sifu,0.000,6,false
kick,2026-09-30,log-riders,0.000,5,false
kick,2026-09-30,soulmask,0.000,5,false
kick,2026-09-30,world-of-warships:-legends,0.000,5,false
kick,2026-09-30,onestate,0.000,6,false
kick,2026-09-30,battlefield-4,0.000,6,false
kick,2026-09-30,call-of-duty:-wwii,0.000,6,false
kick,2026-09-30,path-of-titans,0.000,6,false
kick,2026-09-30,fifa-14,0.000,5,false
kick,2026-09-30,final-fantasy-xvi,0.000,6,false
kick,2026-09-30,zula,0.000,7,false
kick,2026-09-30,mewgenics,0.000,6,false
kick,2026-09-30,rise-of-the-tomb-raider,0.000,6,false
kick,2026-09-30,borderlands-2,0.000,7,false
kick,2026-09-30,hytale,0.000,9,false
kick,2026-09-30,halo-2-anniversary,0.000,5,false
kick,2026-09-30,fall-guys:-ultimate-knockout-season-2,0.000,5,false
kick,2026-09-30,fishing-planet,0.000,11,false
kick,2026-09-30,gang-beasts,0.000,5,false
kick,2026-09-30,one-armed-cook,0.000,5,false
kick,2026-09-30,moviestarplanet,0.000,5,false
kick,2026-09-30,goals,0.000,5,false
kick,2026-09-30,south-park:-the-stick-of-truth,0.000,5,false
kick,2026-09-30,neighbors-suburban-warfare,0.000,6,false
kick,2026-09-30,car-mechanic-simulator-2021,0.000,5,false
kick,2026-09-30,rp-grand-open-world-game,0.000,5,false
kick,2026-09-30,trash-day,0.000,5,false
kick,2026-09-30,dead-by-daylight-mobile,0.000,5,false
kick,2026-09-30,SMITE,0.000,5,false
kick,2026-09-30,mongil-star-dive,0.000,5,false
kick,2026-09-30,tomb-raider,0.000,5,false
kick,2026-09-30,limbus-company,0.000,5,false
kick,2026-09-30,vampire-survivors,0.000,6,false
kick,2026-09-30,far-cry:-primal,0.000,7,false
kick,2026-09-30,Grand-Theft-Auto-III,0.000,10,false
kick,2026-09-30,evil-west,0.000,5,false
kick,2026-09-30,ori-and-the-will-of-the-wisps,0.000,5,false
kick,2026-09-30,the-witcher:-enhanced-edition,0.000,5,false
kick,2026-09-30,batman:-arkham-origins,0.000,6,false
kick,2026-09-30,sleeping-dogs-definitive-edition,0.000,5,false
kick,2026-09-30,dmc:devil-may-cry,0.000,6,false
kick,2026-09-30,Dragon-Ball-Z-Dokkan-Battle,0.000,6,false
kick,2026-09-30,dead-space-2,0.000,5,false
kick,2026-09-30,comedy-night,0.000,6,false
kick,2026-09-30,remnant:from-the-ashes,0.000,7,false
kick,2026-09-30,dragonsword-awakening,0.000,5,false
kick,2026-09-30,big-walk,0.000,5,false
kick,2026-09-30,crash-bandacoot-4:-it's-about-time,0.000,5,false
kick,2026-09-30,moonlighter-2-the-endless-vault,0.000,6,false
kick,2026-09-30,lego-batman-the-video-game,0.000,5,false
kick,2026-09-30,mouse-pi-for-hire,0.000,5,false
kick,2026-09-30,subway-surfers,0.000,8,false
kick,2026-09-30,Microsoft-Flight-Simulator,0.000,5,false
kick,2026-09-30,let-it-die,0.000,5,false
kick,2026-09-30,bully:-scholarship-edition,0.000,6,false
kick,2026-09-30,dream-league-soccer-2023,0.000,5,false
kick,2026-09-30,pubg-ded-dot-net,0.000,6,false
kick,2026-09-30,(other: 2282 categories with fewer than 5 channels),0.973,,false
kick,2026-10-01,just-chatting,21.877,17889,false
kick,2026-10-01,grand-theft-auto-v,14.263,6473,false
kick,2026-10-01,irl,13.089,1921,false
kick,2026-10-01,minecraft,9.217,2824,false
kick,2026-10-01,slots,8.662,2769,true
kick,2026-10-01,ea-sports-fc-27,4.094,2054,false
kick,2026-10-01,counter-strike-2,2.838,3872,false
kick,2026-10-01,league-of-legends,1.990,3421,false
kick,2026-10-01,valorant,1.589,4045,false
kick,2026-10-01,pubg-mobile,1.493,872,false
kick,2026-10-01,dota-2,1.435,1444,false
kick,2026-10-01,aion-2,0.996,574,false
kick,2026-10-01,wardogs,0.739,1265,false
kick,2026-10-01,rust,0.705,497,false
kick,2026-10-01,world-of-warcraft-forever,0.683,474,false
kick,2026-10-01,Garena-Free-Fire,0.663,826,false
kick,2026-10-01,chat-roulette,0.588,373,false
kick,2026-10-01,fortnite,0.572,2856,false
kick,2026-10-01,nba-2k27,0.539,376,false
kick,2026-10-01,Roblox,0.518,1431,false
kick,2026-10-01,moo-who,0.439,11,false
kick,2026-10-01,rocket-league,0.437,952,false
kick,2026-10-01,red-dead-redemption-ii,0.424,400,false
kick,2026-10-01,special-events,0.424,31,false
kick,2026-10-01,pools-hot-tubs-bikinis,0.346,249,false
kick,2026-10-01,efootball,0.332,360,false
kick,2026-10-01,the-isle,0.297,124,false
kick,2026-10-01,music-stations,0.297,703,false
kick,2026-10-01,call-of-duty-warzone,0.283,1419,false
kick,2026-10-01,call-of-duty-black-ops-7,0.283,458,false
kick,2026-10-01,Tibia,0.280,341,false
kick,2026-10-01,pummel-party,0.263,22,false
kick,2026-10-01,among-us,0.252,109,false
kick,2026-10-01,pubg-battlegrounds,0.250,1021,false
kick,2026-10-01,just-sleeping,0.240,162,false
kick,2026-10-01,crypto-and-trading,0.212,358,false
kick,2026-10-01,gears-of-war-e-day,0.211,347,false
kick,2026-10-01,games-+-demos,0.207,313,false
kick,2026-10-01,old-school-runescape,0.205,345,false
kick,2026-10-01,no-im-not-a-human,0.201,10,false
kick,2026-10-01,the-witcher-3:-wild-hunt,0.201,599,false
kick,2026-10-01,silent-hill-townfall,0.188,262,false
kick,2026-10-01,ea-sports-fc-26,0.181,326,false
kick,2026-10-01,arc-raiders,0.180,577,false
kick,2026-10-01,battlegrounds-mobile-india,0.168,366,false
kick,2026-10-01,lineage-ii,0.145,455,false
kick,2026-10-01,marvel-rivals,0.144,467,false
kick,2026-10-01,Valheim,0.141,380,false
kick,2026-10-01,deadlock,0.129,208,false
kick,2026-10-01,human-fall-flat,0.116,12,false
kick,2026-10-01,party-animals,0.115,22,false
kick,2026-10-01,garena-free-fire-max,0.102,248,false
kick,2026-10-01,teamfight-tactics,0.102,255,false
kick,2026-10-01,escape-from-tarkov,0.097,238,false
kick,2026-10-01,Project-Zomboid,0.087,181,false
kick,2026-10-01,mu-online,0.086,64,false
kick,2026-10-01,scam-with-your-friends,0.086,15,false
kick,2026-10-01,asmr,0.085,86,false
kick,2026-10-01,chess,0.085,109,false
kick,2026-10-01,return-of-the-king,0.083,102,false
kick,2026-10-01,vrchat,0.075,97,false
kick,2026-10-01,Ark:-Survival-Evolved,0.073,45,false
kick,2026-10-01,dead-by-daylight,0.072,492,false
kick,2026-10-01,f1-25,0.072,54,false
kick,2026-10-01,poker,0.067,116,true
kick,2026-10-01,overwatch,0.065,436,false
kick,2026-10-01,aniimo,0.062,355,false
kick,2026-10-01,clair-obscur-expedition-33,0.062,28,false
kick,2026-10-01,mimic-party,0.061,71,false
kick,2026-10-01,rv-there-yet--1,0.060,61,false
kick,2026-10-01,nba-2k17,0.059,24,false
kick,2026-10-01,mobile-legends: - bang-bang,0.054,274,false
kick,2026-10-01,animals-nature,0.052,68,false
kick,2026-10-01,uncharted-4-a-thief-s-end,0.051,23,false
kick,2026-10-01,reaction,0.048,71,false
kick,2026-10-01,call-of-duty:-mobile,0.048,252,false
kick,2026-10-01,arena-breakout-infinite,0.047,232,false
kick,2026-10-01,dawson-oaks-trailer-park,0.047,21,false
kick,2026-10-01,kick-bounties,0.046,73,false
kick,2026-10-01,blood-strike,0.046,252,false
kick,2026-10-01,control-resonant,0.042,173,false
kick,2026-10-01,black-desert-online,0.041,86,false
kick,2026-10-01,Left-4-Dead-2,0.039,242,false
kick,2026-10-01,crossfire,0.037,16,false
kick,2026-10-01,apex-legends,0.037,716,false
kick,2026-10-01,vtubers,0.036,211,false
kick,2026-10-01,news,0.035,129,false
kick,2026-10-01,Grand-Theft-Auto:-San-Andreas,0.035,74,false
kick,2026-10-01,red-dead-rp,0.035,88,false
kick,2026-10-01,retro-games,0.034,198,false
kick,2026-10-01,state-of-decay-2,0.033,11,false
kick,2026-10-01,ark-survival-ascended,0.033,63,false
kick,2026-10-01,how-to-fish,0.032,119,false
kick,2026-10-01,Genshin-Impact,0.031,177,false
kick,2026-10-01,peak-1,0.031,132,false
kick,2026-10-01,world-of-tanks-heat,0.030,5,false
kick,2026-10-01,black-myth-wukong,0.030,50,false
kick,2026-10-01,the-last-of-us-part-ii-remastered,0.029,51,false
kick,2026-10-01,sports,0.028,143,false
kick,2026-10-01,detroit-become-human,0.028,50,false
kick,2026-10-01,world-of-warcraft,0.027,390,false
kick,2026-10-01,architect-land-of-exiles,0.027,19,false
kick,2026-10-01,grand-theft-auto-vi,0.027,202,false
kick,2026-10-01,8-ball-pool,0.026,14,false
kick,2026-10-01,ea-sports-ufc-6,0.026,12,false
kick,2026-10-01,bombanana,0.026,39,false
kick,2026-10-01,meccha-chameleon,0.026,29,false
kick,2026-10-01,seven-days-to-die,0.026,81,false
kick,2026-10-01,podcasts,0.025,154,false
kick,2026-10-01,cabal-online,0.025,34,false
kick,2026-10-01,last-epoch,0.025,61,false
kick,2026-10-01,mir-4,0.025,25,false
kick,2026-10-01,resident-evil-4-remake,0.025,103,false
kick,2026-10-01,halloween-the-game,0.024,126,false
kick,2026-10-01,resident-evil-requiem,0.023,90,false
kick,2026-10-01,the-finals,0.023,84,false
kick,2026-10-01,warframe,0.022,114,false
kick,2026-10-01,marvels-wolverine,0.022,123,false
kick,2026-10-01,live-dj,0.022,230,false
kick,2026-10-01,music-production,0.021,157,false
kick,2026-10-01,fall-guys,0.021,70,false
kick,2026-10-01,retro,0.021,52,false
kick,2026-10-01,software-development,0.021,53,false
kick,2026-10-01,codenames,0.020,24,false
kick,2026-10-01,Tom-Clancy's-Rainbow-Six-Siege-x,0.020,334,false
kick,2026-10-01,payday-3,0.018,9,false
kick,2026-10-01,the-blood-of-dawnwalker,0.018,86,false
kick,2026-10-01,The-Last-of-Us,0.018,81,false
kick,2026-10-01,nivalis-nights,0.018,25,false
kick,2026-10-01,bodycam,0.018,40,false
kick,2026-10-01,grand-theft-auto-san-andreas-the-definitive-edition,0.018,36,false
kick,2026-10-01,euro-truck-simulator-2,0.018,211,false
kick,2026-10-01,palworld,0.017,112,false
kick,2026-10-01,wuthering-waves,0.017,98,false
kick,2026-10-01,digital-art,0.017,39,false
kick,2026-10-01,backrooms-escape-together,0.015,15,false
kick,2026-10-01,onimusha-way-of-the-sword,0.015,111,false
kick,2026-10-01,graveyard-keeper-ii,0.015,62,false
kick,2026-10-01,chained-together,0.015,28,false
kick,2026-10-01,woman-simulator,0.015,18,false
kick,2026-10-01,tekken-8,0.015,44,false
kick,2026-10-01,minecraft-dungeons-ii,0.014,281,false
kick,2026-10-01,assetto-corsa,0.014,54,false
kick,2026-10-01,indie-games,0.014,73,false
kick,2026-10-01,Resident-Evil-4,0.014,55,false
kick,2026-10-01,pro-evolution-soccer-6,0.014,33,false
kick,2026-10-01,once-human,0.014,139,false
kick,2026-10-01,DayZ,0.014,149,false
kick,2026-10-01,throne-and-liberty,0.014,7,false
kick,2026-10-01,live-music,0.013,161,false
kick,2026-10-01,where-winds-meet,0.013,29,false
kick,2026-10-01,neverness-to-everness,0.013,74,false
kick,2026-10-01,Dark-Souls-III,0.013,37,false
kick,2026-10-01,satisfactory,0.013,18,false
kick,2026-10-01,ragnarok-origin-classic,0.012,11,false
kick,2026-10-01,Clash-Royale,0.012,73,false
kick,2026-10-01,silkroad-online,0.012,88,false
kick,2026-10-01,battlefield-6,0.012,231,false
kick,2026-10-01,warcraft-iii-the-frozen-throne,0.012,32,false
kick,2026-10-01,call-of-duty-warzone-2.0,0.012,182,false
kick,2026-10-01,cyberpunk-2077,0.012,68,false
kick,2026-10-01,jawlah,0.012,31,false
kick,2026-10-01,metin-2,0.012,92,false
kick,2026-10-01,runescape-dragonwilds,0.011,131,false
kick,2026-10-01,Albion-Online,0.011,83,false
kick,2026-10-01,repo,0.011,154,false
kick,2026-10-01,politics,0.011,39,false
kick,2026-10-01,god-of-war-ragnarok,0.011,42,false
kick,2026-10-01,Phasmophobia,0.011,114,false
kick,2026-10-01,marvels-spider-man-remastered,0.011,35,false
kick,2026-10-01,fortnite-zero-build,0.011,201,false
kick,2026-10-01,the-elder-scrolls-v-skyrim,0.010,13,false
kick,2026-10-01,knight-online,0.010,163,false
kick,2026-10-01,hogwarts-legacy,0.010,56,false
kick,2026-10-01,machine-party,0.010,25,false
kick,2026-10-01,elden-ring,0.010,156,false
kick,2026-10-01,sos-ops,0.010,51,false
kick,2026-10-01,madden-nfl-27,0.010,79,false
kick,2026-10-01,call-of-duty-modern-warfare-iii,0.010,68,false
kick,2026-10-01,delta-force,0.009,142,false
kick,2026-10-01,hunt:-showdown,0.009,100,false
kick,2026-10-01,resonance-a-plague-tale-legacy,0.009,34,false
kick,2026-10-01,arena-breakout,0.009,32,false
kick,2026-10-01,risk:-global-domination,0.009,11,false
kick,2026-10-01,dead-island-2,0.009,6,false
kick,2026-10-01,runescape,0.009,17,false
kick,2026-10-01,tom-clancy's-ghost-recon-wildlands,0.009,37,false
kick,2026-10-01,final-fantasy-xi,0.009,5,false
kick,2026-10-01,garry's-mod,0.009,24,false
kick,2026-10-01,watchdogs,0.008,8,false
kick,2026-10-01,pokemon-unite,0.008,24,false
kick,2026-10-01,american-truck-simulator,0.008,118,false
kick,2026-10-01,forza-horizon-6,0.008,94,false
kick,2026-10-01,final-fantasy-xiv,0.008,49,false
kick,2026-10-01,art,0.008,113,false
kick,2026-10-01,scritchy-scratchy,0.008,17,false
kick,2026-10-01,diablo-iv,0.008,120,false
kick,2026-10-01,elden-ring-nightreign,0.008,22,false
kick,2026-10-01,alan-wake-II,0.008,9,false
kick,2026-10-01,assassins's-creed-odyssey,0.008,19,false
kick,2026-10-01,escape-the-backrooms,0.008,31,false
kick,2026-10-01,age-of-empires-II:-definitive-edition,0.007,34,false
kick,2026-10-01,dofus-retro,0.007,9,false
kick,2026-10-01,war-thunder,0.007,82,false
kick,2026-10-01,the-bazaar,0.007,8,false
kick,2026-10-01,tcg-card-shop-simulator,0.007,24,false
kick,2026-10-01,far-cry-5,0.007,13,false
kick,2026-10-01,split-fiction,0.007,11,false
kick,2026-10-01,call-of-duty-black-ops-6,0.007,47,false
kick,2026-10-01,fitness-and-health,0.007,38,false
kick,2026-10-01,russian-fishing-4,0.007,16,false
kick,2026-10-01,farlight-84,0.006,11,false
kick,2026-10-01,path-of-exile-2,0.006,64,false
kick,2026-10-01,food-drink,0.006,19,false
kick,2026-10-01,heartopia,0.006,9,false
kick,2026-10-01,mu-dark-epoch,0.006,5,false
kick,2026-10-01,gran-turismo-7,0.006,14,false
kick,2026-10-01,stumble-guys,0.006,36,false
kick,2026-10-01,schedule-i,0.006,44,false
kick,2026-10-01,haxball,0.006,42,false
kick,2026-10-01,football-manager-26,0.006,29,false
kick,2026-10-01,assassins-creed-black-flag-resynced,0.006,39,false
kick,2026-10-01,Street-Fighter-6,0.005,38,false
kick,2026-10-01,dying-light-the-beast,0.005,11,false
kick,2026-10-01,dune-awakening,0.005,72,false
kick,2026-10-01,brawl-stars,0.005,68,false
kick,2026-10-01,Hearthstone,0.005,39,false
kick,2026-10-01,broken-arrow,0.005,6,false
kick,2026-10-01,Resident-Evil-7:-Biohazard,0.005,46,false
kick,2026-10-01,gartic-io,0.005,10,false
kick,2026-10-01,wormate-io,0.005,8,false
kick,2026-10-01,dofus,0.005,14,false
kick,2026-10-01,the-lord-of-the-rings-return-to-moria,0.005,5,false
kick,2026-10-01,battlefield-redsec,0.005,124,false
kick,2026-10-01,find-the-needle,0.005,36,false
kick,2026-10-01,pokemon-emerald,0.005,11,false
kick,2026-10-01,efootball-pes-2021,0.005,27,false
kick,2026-10-01,snowrunner,0.005,28,false
kick,2026-10-01,helldivers-ii,0.005,90,false
kick,2026-10-01,The-Sims-4,0.005,27,false
kick,2026-10-01,pico-park,0.004,8,false
kick,2026-10-01,the-crew:-motorfest,0.004,16,false
kick,2026-10-01,call-of-duty-modern-warfare-4,0.004,80,false
kick,2026-10-01,days-gone,0.004,28,false
kick,2026-10-01,heroes-of-the-storm,0.004,30,false
kick,2026-10-01,le-mans-ultimate,0.004,26,false
kick,2026-10-01,farming-simulator-2025,0.004,73,false
kick,2026-10-01,resident-evil-village,0.004,33,false
kick,2026-10-01,pokemon-firered-version,0.004,19,false
kick,2026-10-01,gartic-phone,0.004,35,false
kick,2026-10-01,mimesis,0.004,8,false
kick,2026-10-01,meditation-and-mindfulness,0.004,13,false
kick,2026-10-01,baldurs-gate-3,0.004,45,false
kick,2026-10-01,Sea-of-Thieves,0.004,63,false
kick,2026-10-01,ea-sports-college-football-27,0.004,37,false
kick,2026-10-01,007-first-light,0.004,35,false
kick,2026-10-01,avatars-frontiers-of-pandora,0.004,15,false
kick,2026-10-01,radio-commander,0.004,7,false
kick,2026-10-01,sports-betting,0.004,15,true
kick,2026-10-01,ace-combat-8-wings-of-theve,0.004,51,false
kick,2026-10-01,destiny-2,0.004,71,false
kick,2026-10-01,audition-online,0.004,5,false
kick,2026-10-01,assassins-creed-mirage,0.004,8,false
kick,2026-10-01,conan-exiles,0.004,9,false
kick,2026-10-01,the-elder-scrolls-v-skyrim-special-edition,0.004,56,false
kick,2026-10-01,aion,0.004,23,false
kick,2026-10-01,summoners-war:-sky-arena,0.004,7,false
kick,2026-10-01,goose-goose-duck,0.004,48,false
kick,2026-10-01,casino-boss-simulator,0.003,5,false
kick,2026-10-01,league-of-legends-wild-rift,0.003,55,false
kick,2026-10-01,resident-evil-2-(2019),0.003,57,false
kick,2026-10-01,iracing,0.003,66,false
kick,2026-10-01,cities-skylines-ii,0.003,6,false
kick,2026-10-01,god-of-war,0.003,53,false
kick,2026-10-01,cooking,0.003,21,false
kick,2026-10-01,dynasty-warriors-3-complete-edition-remastered,0.003,24,false
kick,2026-10-01,fc-mobile,0.003,34,false
kick,2026-10-01,trash-day,0.003,8,false
kick,2026-10-01,World-of-Tanks,0.003,62,false
kick,2026-10-01,ready-or-not,0.003,27,false
kick,2026-10-01,little-nightmares-iii--1,0.003,8,false
kick,2026-10-01,crash-bandicoot,0.003,5,false
kick,2026-10-01,final-fantasy-VII-remake,0.003,22,false
kick,2026-10-01,no-mans-sky,0.003,54,false
kick,2026-10-01,the-quarry,0.003,15,false
kick,2026-10-01,it-takes-two,0.003,32,false
kick,2026-10-01,forza-horizon-5,0.003,12,false
kick,2026-10-01,grand-theft-auto-iv,0.003,51,false
kick,2026-10-01,the-legend-of-zelda:-majora's-mask,0.003,13,false
kick,2026-10-01,need-for-speed-underground-2,0.003,7,false
kick,2026-10-01,assassins-creed-origins,0.003,16,false
kick,2026-10-01,beast-of-reincarnation,0.003,13,false
kick,2026-10-01,sons-of-the-forest,0.003,57,false
kick,2026-10-01,wwe-2k26,0.003,38,false
kick,2026-10-01,sekiro:-shadows-die-twice,0.003,20,false
kick,2026-10-01,the-mortuary-assistant,0.003,12,false
kick,2026-10-01,transport-fever-3,0.003,26,false
kick,2026-10-01,pokemon-go,0.003,10,false
kick,2026-10-01,mortal-kombat-11,0.003,5,false
kick,2026-10-01,Resident-Evil-3:-Nemesis,0.003,16,false
kick,2026-10-01,monopoly-poker,0.003,9,false
kick,2026-10-01,call-to-arms:-gates-of-hell,0.002,5,false
kick,2026-10-01,gears-of-war-4,0.002,21,false
kick,2026-10-01,ddtank,0.002,9,false
kick,2026-10-01,doom-the-dark-ages,0.002,5,false
kick,2026-10-01,nba-2k26,0.002,36,false
kick,2026-10-01,bloods-td-6,0.002,9,false
kick,2026-10-01,Death-Stranding,0.002,17,false
kick,2026-10-01,Mount-&-Blade-II:-Bannerlord,0.002,33,false
kick,2026-10-01,big-walk,0.002,7,false
kick,2026-10-01,Titanfall-2,0.002,9,false
kick,2026-10-01,stardew-valley,0.002,55,false
kick,2026-10-01,crab-game,0.002,9,false
kick,2026-10-01,arma-reforger,0.002,33,false
kick,2026-10-01,deltarune,0.002,9,false
kick,2026-10-01,card-games,0.002,9,false
kick,2026-10-01,the-outlast-trials,0.002,30,false
kick,2026-10-01,nhl-27,0.002,14,false
kick,2026-10-01,waterpark-simulator,0.002,9,false
kick,2026-10-01,red-dead-redemption,0.002,22,false
kick,2026-10-01,donkey-kong-bananza,0.002,6,false
kick,2026-10-01,The-Forest,0.002,44,false
kick,2026-10-01,dont-starve-together,0.002,13,false
kick,2026-10-01,asphalt-legends-unite,0.002,6,false
kick,2026-10-01,stream,0.002,25,false
kick,2026-10-01,Diablo-II:-Resurrected,0.002,30,false
kick,2026-10-01,geoguessr,0.002,47,false
kick,2026-10-01,bendy-and-the-Ink-machine,0.002,9,false
kick,2026-10-01,The-Elder-Scrolls-Online,0.002,19,false
kick,2026-10-01,kingdom-come:-deliverance,0.002,12,false
kick,2026-10-01,horizon-zero-dawn,0.002,11,false
kick,2026-10-01,stalker-2-heart-of-chornobyl,0.002,20,false
kick,2026-10-01,megabonk,0.002,21,false
kick,2026-10-01,graveyard-keeper,0.002,21,false
kick,2026-10-01,rematch--1,0.002,54,false
kick,2026-10-01,marvels-spider-man-2,0.002,44,false
kick,2026-10-01,monsters-and-memories--1,0.002,28,false
kick,2026-10-01,arena-of-valor,0.002,10,false
kick,2026-10-01,far_cry_3,0.002,13,false
kick,2026-10-01,monster-hunter-wilds,0.002,32,false
kick,2026-10-01,the-legend-of-zelda:-ocarina-of-time,0.002,41,false
kick,2026-10-01,world-of-warcraft-classic,0.002,56,false
kick,2026-10-01,chill-corner,0.002,16,false
kick,2026-10-01,dying-light,0.002,32,false
kick,2026-10-01,supermarket-together,0.002,19,false
kick,2026-10-01,until-dawn,0.002,9,false
kick,2026-10-01,hollow-knight-silksong,0.002,35,false
kick,2026-10-01,pokemon-champions,0.002,13,false
kick,2026-10-01,business-tour,0.002,14,false
kick,2026-10-01,madison,0.002,5,false
kick,2026-10-01,ufl,0.002,5,false
kick,2026-10-01,getting-over-it-with-bennett-foddy,0.002,5,false
kick,2026-10-01,science-technology,0.002,25,false
kick,2026-10-01,MapleStory,0.002,21,false
kick,2026-10-01,ranch-simulator,0.002,15,false
kick,2026-10-01,call-of-duty:-black-ops-II,0.002,36,false
kick,2026-10-01,Undertale,0.002,13,false
kick,2026-10-01,Clone-Hero,0.002,13,false
kick,2026-10-01,Grand-Theft-Auto-III,0.002,7,false
kick,2026-10-01,tom-clancy's-the-division-2,0.002,59,false
kick,2026-10-01,active-matter,0.002,44,false
kick,2026-10-01,beamng-drive,0.002,16,false
kick,2026-10-01,risk-of-rain-2,0.002,7,false
kick,2026-10-01,blazing-sails,0.002,17,false
kick,2026-10-01,quizei,0.002,13,false
kick,2026-10-01,kings-league,0.002,7,false
kick,2026-10-01,raft,0.002,27,false
kick,2026-10-01,counter-strike:-1.6,0.002,39,false
kick,2026-10-01,hitman,0.002,8,false
kick,2026-10-01,star-citizen,0.001,36,false
kick,2026-10-01,assassin's-creed-ii,0.001,10,false
kick,2026-10-01,slay-the-spire-ii,0.001,16,false
kick,2026-10-01,road-to-vostok,0.001,9,false
kick,2026-10-01,dying-light-2:stay-human,0.001,20,false
kick,2026-10-01,age-of-empires-iv,0.001,15,false
kick,2026-10-01,rise-online,0.001,10,false
kick,2026-10-01,persona-3-reload,0.001,7,false
kick,2026-10-01,level-devil,0.001,8,false
kick,2026-10-01,happy-wheels,0.001,9,false
kick,2026-10-01,efootball-2024,0.001,12,false
kick,2026-10-01,fortnite-save-the-world,0.001,19,false
kick,2026-10-01,madden-nfl-26,0.001,12,false
kick,2026-10-01,call-of-duty-modern-warfare-ii,0.001,41,false
kick,2026-10-01,kingdom-come-deliverance-ii,0.001,31,false
kick,2026-10-01,beyond:-two-souls,0.001,5,false
kick,2026-10-01,fallout-76,0.001,19,false
kick,2026-10-01,metal-gear-solid-4:-guns-of-the-patriots,0.001,6,false
kick,2026-10-01,call-of-duty:-black-ops-III,0.001,29,false
kick,2026-10-01,a-plague-tale-innocence,0.001,7,false
kick,2026-10-01,watch-dogs-2,0.001,7,false
kick,2026-10-01,grand-theft-auto:-vice-city-the-definitive-edition,0.001,19,false
kick,2026-10-01,cricket-24,0.001,11,false
kick,2026-10-01,supermarket-simulator,0.001,16,false
kick,2026-10-01,ragnarok-online,0.001,23,false
kick,2026-10-01,oxygen-not-included,0.001,6,false
kick,2026-10-01,chivalry-2,0.001,25,false
kick,2026-10-01,warhammer-40000-space-marine-II,0.001,46,false
kick,2026-10-01,legend-of-ymir,0.001,5,false
kick,2026-10-01,RimWorld,0.001,11,false
kick,2026-10-01,green-hell,0.001,14,false
kick,2026-10-01,game-development,0.001,32,false
kick,2026-10-01,castlevania-belmonts-curse,0.001,10,false
kick,2026-10-01,call-of-duty-modern-warfare-3,0.001,7,false
kick,2026-10-01,middle-earth:-shadow-of-mordor,0.001,7,false
kick,2026-10-01,hollow-knight,0.001,44,false
kick,2026-10-01,Starcraft-II,0.001,25,false
kick,2026-10-01,eve-online,0.001,11,false
kick,2026-10-01,epic-seven,0.001,5,false
kick,2026-10-01,roblox-studio,0.001,29,false
kick,2026-10-01,anime-squad,0.001,7,false
kick,2026-10-01,dragon-ball-sparking-zero,0.001,15,false
kick,2026-10-01,honkai:-star-rail,0.001,29,false
kick,2026-10-01,golf-with-your-friends,0.001,19,false
kick,2026-10-01,counter-strike-global-offensive,0.001,21,false
kick,2026-10-01,video-production,0.001,6,false
kick,2026-10-01,neighbors-suburban-warfare,0.001,11,false
kick,2026-10-01,The-Legend-of-Zelda:-Breath-of-the-Wild,0.001,19,false
kick,2026-10-01,way-of-the-hunter-2,0.001,6,false
kick,2026-10-01,mortal-shell-ii,0.001,38,false
kick,2026-10-01,dark-souls:-remastered,0.001,30,false
kick,2026-10-01,magic-the-gathering-arena,0.001,24,false
kick,2026-10-01,grounded-2,0.001,17,false
kick,2026-10-01,we-are-so-dead,0.001,7,false
kick,2026-10-01,halo-infinite,0.001,42,false
kick,2026-10-01,Resident-Evil-3,0.001,23,false
kick,2026-10-01,final-fantasy-vii-og,0.001,5,false
kick,2026-10-01,total-war:-warhammer-iii,0.001,16,false
kick,2026-10-01,gallipoli,0.001,5,false
kick,2026-10-01,monster-hunter-rise,0.001,11,false
kick,2026-10-01,dont-play-this,0.001,5,false
kick,2026-10-01,assassin's-creed-valhalla,0.001,19,false
kick,2026-10-01,ea-sports-fc-online,0.001,10,false
kick,2026-10-01,Dark-Souls-II,0.001,10,false
kick,2026-10-01,super-mario-bros,0.001,6,false
kick,2026-10-01,crimson-desert,0.001,50,false
kick,2026-10-01,Resident-Evil-5,0.001,17,false
kick,2026-10-01,animaly-bar-no-humanity,0.001,5,false
kick,2026-10-01,words-on-stream,0.001,9,false
kick,2026-10-01,god-of-war-(2005),0.001,13,false
kick,2026-10-01,lies-of-pi,0.001,31,false
kick,2026-10-01,microsoft-flight-simulator-2024,0.001,9,false
kick,2026-10-01,brawlhalla,0.001,45,false
kick,2026-10-01,stellar-blade,0.001,17,false
kick,2026-10-01,far-cry-6,0.001,21,false
kick,2026-10-01,marathon,0.001,20,false
kick,2026-10-01,hell-is-us,0.001,6,false
kick,2026-10-01,bunny-guys,0.001,5,false
kick,2026-10-01,coffee-talk,0.001,14,false
kick,2026-10-01,wolf-team,0.001,14,false
kick,2026-10-01,escape-from-tarkov-arena,0.001,10,false
kick,2026-10-01,friday-the-13th:-the-game,0.001,10,false
kick,2026-10-01,The-Last-of-Us-Part-II,0.001,12,false
kick,2026-10-01,make-it-meme,0.001,7,false
kick,2026-10-01,final-fantasy-vii-rebirth,0.001,19,false
kick,2026-10-01,team-fortress-2,0.001,17,false
kick,2026-10-01,call-of-duty:-modern-warfare,0.001,16,false
kick,2026-10-01,resident-evil,0.001,27,false
kick,2026-10-01,the-exit-8,0.001,6,false
kick,2026-10-01,persona-5-royal,0.001,9,false
kick,2026-10-01,the-binding-of-isaac:-repentance,0.001,44,false
kick,2026-10-01,mlb-the-show-26,0.001,36,false
kick,2026-10-01,mafia-the-old-country,0.001,16,false
kick,2026-10-01,guild-wars-2,0.001,22,false
kick,2026-10-01,palia,0.001,20,false
kick,2026-10-01,chaos-zero-nightmare,0.001,5,false
kick,2026-10-01,cricket-26,0.001,10,false
kick,2026-10-01,perfect-world,0.001,11,false
kick,2026-10-01,crime-scene-cleaner,0.001,9,false
kick,2026-10-01,brotato,0.001,7,false
kick,2026-10-01,castlevania,0.001,15,false
kick,2026-10-01,path-of-exile,0.001,13,false
kick,2026-10-01,geometry-dash,0.001,65,false
kick,2026-10-01,tom-clancy-s-rainbow-six,0.001,47,false
kick,2026-10-01,control,0.001,21,false
kick,2026-10-01,mortal-kombat-1,0.001,14,false
kick,2026-10-01,zenless-zone-zero,0.001,31,false
kick,2026-10-01,panicore,0.001,6,false
kick,2026-10-01,3d-printing,0.001,11,false
kick,2026-10-01,tom-clancys-ghost-recon-breakpoint,0.001,17,false
kick,2026-10-01,no-more-room-in-hell-2,0.001,11,false
kick,2026-10-01,god-of-war-III,0.001,10,false
kick,2026-10-01,Clive-Barker's-Hellraiser:-Revival,0.001,9,false
kick,2026-10-01,Resident-Evil-2,0.001,31,false
kick,2026-10-01,trading-cards,0.001,7,false
kick,2026-10-01,burglin-gnomes,0.001,8,false
kick,2026-10-01,age-of-mythology-retold,0.001,5,false
kick,2026-10-01,SCUM,0.001,31,false
kick,2026-10-01,yu-gi-oh-!-master-duel,0.001,13,false
kick,2026-10-01,planet-crafter,0.001,12,false
kick,2026-10-01,the-first-descendant,0.001,12,false
kick,2026-10-01,five-nights-at-freddy's-2,0.001,9,false
kick,2026-10-01,ragnarok-the-new-world,0.001,12,false
kick,2026-10-01,nba-2k15,0.001,8,false
kick,2026-10-01,i-know-a-guy,0.001,5,false
kick,2026-10-01,super-mario-maker-2,0.001,9,false
kick,2026-10-01,osu!,0.001,35,false
kick,2026-10-01,undisputed,0.001,13,false
kick,2026-10-01,gears-5,0.001,26,false
kick,2026-10-01,silent-hill-2--1,0.001,26,false
kick,2026-10-01,outlast,0.001,33,false
kick,2026-10-01,crusader-kings-iii,0.001,6,false
kick,2026-10-01,fire-emblem-fortunes-weave,0.001,19,false
kick,2026-10-01,super-battle-golf,0.001,7,false
kick,2026-10-01,lethal-company,0.001,23,false
kick,2026-10-01,battlefield-2042,0.001,8,false
kick,2026-10-01,grand-theft-auto:-vice-city-stories,0.001,5,false
kick,2026-10-01,reanimal,0.001,10,false
kick,2026-10-01,minecraft-dunegons,0.001,12,false
kick,2026-10-01,gamble-with-your-friends,0.001,13,false
kick,2026-10-01,resident-evil-0,0.001,7,false
kick,2026-10-01,battlefield-3,0.001,5,false
kick,2026-10-01,kingdom-hearts-hd-15-25-remix,0.001,20,false
kick,2026-10-01,world-of-warcraft-classic-hardcore,0.001,18,false
kick,2026-10-01,half-life,0.001,15,false
kick,2026-10-01,grand-theft-auto,0.001,8,false
kick,2026-10-01,smite-2,0.001,27,false
kick,2026-10-01,terraria,0.000,47,false
kick,2026-10-01,reading,0.000,8,false
kick,2026-10-01,raid-shadow-legends,0.000,11,false
kick,2026-10-01,poppy-playtime,0.000,20,false
kick,2026-10-01,makers-&-crafting,0.000,19,false
kick,2026-10-01,windrose,0.000,14,false
kick,2026-10-01,asphalt-9-legends,0.000,7,false
kick,2026-10-01,openfront,0.000,6,false
kick,2026-10-01,ea-sports-fc-25,0.000,18,false
kick,2026-10-01,medieval-dynasty,0.000,9,false
kick,2026-10-01,kakele-online-mmorpg,0.000,5,false
kick,2026-10-01,ghost-of-tsushima,0.000,35,false
kick,2026-10-01,midnight-club-3:-dub-edition,0.000,5,false
kick,2026-10-01,grand-theft-auto:-vice-city,0.000,17,false
kick,2026-10-01,mistfall-hunter,0.000,17,false
kick,2026-10-01,Super-Mario-64,0.000,11,false
kick,2026-10-01,tabletop-rpgs,0.000,9,false
kick,2026-10-01,graphic-design,0.000,8,false
kick,2026-10-01,honor-of-kings,0.000,29,false
kick,2026-10-01,well-dweller,0.000,23,false
kick,2026-10-01,Marbles-On-Stream,0.000,5,false
kick,2026-10-01,battlefield-1,0.000,36,false
kick,2026-10-01,dave the-diver,0.000,8,false
kick,2026-10-01,god-of-war-II,0.000,15,false
kick,2026-10-01,silent-hill-4-the-room,0.000,5,false
kick,2026-10-01,dungeons-and-dragons,0.000,15,false
kick,2026-10-01,hades-ii,0.000,6,false
kick,2026-10-01,Jackbox-Party-Packs,0.000,6,false
kick,2026-10-01,assassins-creed-shadows,0.000,12,false
kick,2026-10-01,a-way-out,0.000,10,false
kick,2026-10-01,fallout:-new-vegas,0.000,11,false
kick,2026-10-01,the-lord-of-the-rings-online,0.000,6,false
kick,2026-10-01,metro-exodus,0.000,10,false
kick,2026-10-01,batman:-arkham-knight,0.000,16,false
kick,2026-10-01,life-is-strange,0.000,5,false
kick,2026-10-01,content-warning,0.000,8,false
kick,2026-10-01,devil-may-cry-5,0.000,6,false
kick,2026-10-01,mir-tankov,0.000,11,false
kick,2026-10-01,project-bloodstrike,0.000,24,false
kick,2026-10-01,hell-let-loose-vietnam,0.000,10,false
kick,2026-10-01,the-legend-of-zelda:-the-wind-waker,0.000,11,false
kick,2026-10-01,fishing-planet,0.000,12,false
kick,2026-10-01,pragmata,0.000,20,false
kick,2026-10-01,san-andreas-multiplayer,0.000,12,false
kick,2026-10-01,call-of-duty:-black-ops,0.000,10,false
kick,2026-10-01,call-of-duty:-dmz,0.000,16,false
kick,2026-10-01,factorio,0.000,9,false
kick,2026-10-01,god-of-war:-ascension,0.000,5,false
kick,2026-10-01,call-of-duty-black-ops-zombies,0.000,11,false
kick,2026-10-01,Fallout-4,0.000,22,false
kick,2026-10-01,end-of-abyss,0.000,11,false
kick,2026-10-01,halo:-the-master-chief-collection,0.000,12,false
kick,2026-10-01,standoff-2,0.000,11,false
kick,2026-10-01,Magic:-The-Gathering,0.000,5,false
kick,2026-10-01,stalzone,0.000,21,false
kick,2026-10-01,cs2d,0.000,18,false
kick,2026-10-01,ghost-of-yotei,0.000,17,false
kick,2026-10-01,final-fantasy-x,0.000,5,false
kick,2026-10-01,tomodachi-life-living-the-dream,0.000,9,false
kick,2026-10-01,star-wars-jedi:-survivor,0.000,8,false
kick,2026-10-01,gothic-II,0.000,6,false
kick,2026-10-01,hell-let-loose,0.000,12,false
kick,2026-10-01,psalm-2,0.000,5,false
kick,2026-10-01,dead-space-3,0.000,6,false
kick,2026-10-01,a-weird-game-about-sausage,0.000,5,false
kick,2026-10-01,my-hero-ultra-rumble,0.000,18,false
kick,2026-10-01,the-seven-deadly-sins-origin,0.000,8,false
kick,2026-10-01,rehaunted,0.000,6,false
kick,2026-10-01,call-of-duty-4:-modern-warfare,0.000,12,false
kick,2026-10-01,the-walking-dead-the-telltale-definitive-series,0.000,12,false
kick,2026-10-01,combat-master,0.000,10,false
kick,2026-10-01,h1z1,0.000,10,false
kick,2026-10-01,world-of-tanks:-blitz,0.000,9,false
kick,2026-10-01,little-nightmares,0.000,6,false
kick,2026-10-01,splatoon-3,0.000,12,false
kick,2026-10-01,blasphemous,0.000,7,false
kick,2026-10-01,dragon-ball-gekishin-squadra,0.000,16,false
kick,2026-10-01,strikers-club,0.000,12,false
kick,2026-10-01,roadcraft,0.000,5,false
kick,2026-10-01,clash-of-clans,0.000,31,false
kick,2026-10-01,warcraft-iii-reforged,0.000,21,false
kick,2026-10-01,dark-souls-ii-scholar-of-the-first-sin,0.000,22,false
kick,2026-10-01,shadow-of-the-tomb-raider,0.000,12,false
kick,2026-10-01,plateup!,0.000,7,false
kick,2026-10-01,alien:-isolation,0.000,18,false
kick,2026-10-01,lords-of-the-fallen,0.000,9,false
kick,2026-10-01,fragpunk,0.000,16,false
kick,2026-10-01,photomaly,0.000,8,false
kick,2026-10-01,z1-battle-royale,0.000,19,false
kick,2026-10-01,far-far-west,0.000,5,false
kick,2026-10-01,shift-at-midnight,0.000,25,false
kick,2026-10-01,fire-emblem-three-houses,0.000,5,false
kick,2026-10-01,World-of-Warships,0.000,12,false
kick,2026-10-01,livestream,0.000,19,false
kick,2026-10-01,quarantine-zone-the-last-check,0.000,7,false
kick,2026-10-01,the-long-dark,0.000,8,false
kick,2026-10-01,horizon-forbidden-west,0.000,9,false
kick,2026-10-01,dark-hours,0.000,8,false
kick,2026-10-01,uncharted:legacy-of-thieves-collection,0.000,10,false
kick,2026-10-01,Silent-Hill-2,0.000,11,false
kick,2026-10-01,silent-hill-f,0.000,15,false
kick,2026-10-01,far-cry-4,0.000,6,false
kick,2026-10-01,buckshot-roulette,0.000,14,false
kick,2026-10-01,digimon-masters,0.000,7,false
kick,2026-10-01,counter-strike-source,0.000,11,false
kick,2026-10-01,monster-hunter: - world,0.000,20,false
kick,2026-10-01,mafia:definitive-edition,0.000,8,false
kick,2026-10-01,outlast-ii,0.000,12,false
kick,2026-10-01,deep-rock-galactic,0.000,10,false
kick,2026-10-01,Cuphead,0.000,15,false
kick,2026-10-01,overcooked-2,0.000,14,false
kick,2026-10-01,ace-combat-7,0.000,10,false
kick,2026-10-01,portal-2,0.000,6,false
kick,2026-10-01,the-texas-chain-saw-massacre,0.000,10,false
kick,2026-10-01,funnel-runners,0.000,9,false
kick,2026-10-01,the-walking-dead:-season-one,0.000,6,false
kick,2026-10-01,nintendo-switch,0.000,7,false
kick,2026-10-01,x-men-origins:-wolverine,0.000,7,false
kick,2026-10-01,tom-clancys-rainbow-six-take-down-–-missions-in-korea,0.000,6,false
kick,2026-10-01,dragon-ball-z:-kakarot,0.000,8,false
kick,2026-10-01,anime-shop-simulator,0.000,6,false
kick,2026-10-01,alice-madness-returns,0.000,7,false
kick,2026-10-01,dark-and-darker,0.000,17,false
kick,2026-10-01,for-honor,0.000,26,false
kick,2026-10-01,battlefield-v,0.000,12,false
kick,2026-10-01,super-mario-galaxy,0.000,7,false
kick,2026-10-01,star-wars-the-old-republic,0.000,8,false
kick,2026-10-01,goddess-of-victory:-nikke,0.000,8,false
kick,2026-10-01,Lost-Ark,0.000,10,false
kick,2026-10-01,need-for-speed-most-wanted-2005,0.000,16,false
kick,2026-10-01,grand-theft-auto-iii-the-definitive-edition,0.000,9,false
kick,2026-10-01,storebound-1,0.000,5,false
kick,2026-10-01,yu-gi-oh-forbidden-memories,0.000,5,false
kick,2026-10-01,the-simpsons-hit-&-run,0.000,6,false
kick,2026-10-01,halo-campaign-evolved,0.000,21,false
kick,2026-10-01,streamer-daily,0.000,10,false
kick,2026-10-01,ea-sports-wrc,0.000,5,false
kick,2026-10-01,skribbl-io,0.000,5,false
kick,2026-10-01,mini-words-top-movies,0.000,6,false
kick,2026-10-01,stray,0.000,6,false
kick,2026-10-01,devour,0.000,13,false
kick,2026-10-01,skate,0.000,16,false
kick,2026-10-01,dragon-ball-z:-budokai-tenkaichi-3,0.000,9,false
kick,2026-10-01,squad,0.000,17,false
kick,2026-10-01,Dark-Souls,0.000,8,false
kick,2026-10-01,tomb-raider,0.000,10,false
kick,2026-10-01,naraka:-bladepoint,0.000,6,false
kick,2026-10-01,rhapsody-a-musical-adventure,0.000,5,false
kick,2026-10-01,predecessor,0.000,13,false
kick,2026-10-01,limbus-company,0.000,6,false
kick,2026-10-01,pokemon-trading-card-game-pocket,0.000,9,false
kick,2026-10-01,the-hunter-call-of-the-wild,0.000,9,false
kick,2026-10-01,football-manager-2024,0.000,5,false
kick,2026-10-01,five-nights-at-freddy's,0.000,10,false
kick,2026-10-01,soulmask,0.000,5,false
kick,2026-10-01,Dragon-Ball-Z-Dokkan-Battle,0.000,6,false
kick,2026-10-01,bunker-tidy-up,0.000,5,false
kick,2026-10-01,celeste,0.000,10,false
kick,2026-10-01,house-flipper,0.000,5,false
kick,2026-10-01,live-a-live,0.000,8,false
kick,2026-10-01,Marvel's-Spider-Man:-Miles-Morales,0.000,11,false
kick,2026-10-01,dishonored,0.000,5,false
kick,2026-10-01,plants-vs.-zombies,0.000,11,false
kick,2026-10-01,age-of-empires-ii,0.000,7,false
kick,2026-10-01,the-evil-within,0.000,8,false
kick,2026-10-01,the-first-berserker-khazan,0.000,8,false
kick,2026-10-01,the-choicer-voicer,0.000,6,false
kick,2026-10-01,grounded,0.000,10,false
kick,2026-10-01,blair-witch,0.000,5,false
kick,2026-10-01,gaming-cafe-simulator,0.000,25,false
kick,2026-10-01,StarCraft,0.000,9,false
kick,2026-10-01,pga-tour-2k25,0.000,7,false
kick,2026-10-01,the-legend-of-zelda:-tears-of-the-kingdom,0.000,9,false
kick,2026-10-01,subnautica,0.000,9,false
kick,2026-10-01,disney-dreamlight-valley,0.000,13,false
kick,2026-10-01,Metal-Gear-Solid-V:-The-Phantom-Pain,0.000,7,false
kick,2026-10-01,spider-man-2,0.000,5,false
kick,2026-10-01,half-life-2,0.000,7,false
kick,2026-10-01,pro-soccer-online,0.000,6,false
kick,2026-10-01,demonologist,0.000,5,false
kick,2026-10-01,pokemon-platinum,0.000,9,false
kick,2026-10-01,cult-of-the-lamb,0.000,8,false
kick,2026-10-01,rise-of-the-tomb-raider,0.000,7,false
kick,2026-10-01,super-smash-bros.-ultimate,0.000,12,false
kick,2026-10-01,pokemmo,0.000,8,false
kick,2026-10-01,digimon-story-time-stranger,0.000,5,false
kick,2026-10-01,euro-truck-simulator,0.000,5,false
kick,2026-10-01,killer-instinct,0.000,5,false
kick,2026-10-01,mafia,0.000,5,false
kick,2026-10-01,gray-zone-warfare,0.000,12,false
kick,2026-10-01,enlisted,0.000,8,false
kick,2026-10-01,resident-evil-6,0.000,11,false
kick,2026-10-01,metro-2033-redux,0.000,12,false
kick,2026-10-01,Silent-Hill,0.000,8,false
kick,2026-10-01,enshrouded,0.000,9,false
kick,2026-10-01,heroes-of-might-and-magic-iii:-horn-of-the-abyss,0.000,5,false
kick,2026-10-01,the-legend-of-zelda:-twilight-princess,0.000,10,false
kick,2026-10-01,metro-last-light,0.000,8,false
kick,2026-10-01,Diablo-Immortal,0.000,7,false
kick,2026-10-01,mad-max,0.000,6,false
kick,2026-10-01,a-plague-tale:-requiem,0.000,5,false
kick,2026-10-01,night_crows,0.000,6,false
kick,2026-10-01,tarot,0.000,6,false
kick,2026-10-01,gangstar-mirage-city,0.000,11,false
kick,2026-10-01,call-of-duty:-wwii,0.000,11,false
kick,2026-10-01,mario-kart-world,0.000,10,false
kick,2026-10-01,goals,0.000,5,false
kick,2026-10-01,arknights-endfield,0.000,17,false
kick,2026-10-01,resident-evil-directors-cut,0.000,6,false
kick,2026-10-01,forza-motorsport-2023,0.000,5,false
kick,2026-10-01,construction-simulator,0.000,7,false
kick,2026-10-01,gears-of-war-reloaded,0.000,11,false
kick,2026-10-01,sleeping-dogs-definitive-edition,0.000,7,false
kick,2026-10-01,valorant-mobile,0.000,11,false
kick,2026-10-01,dota,0.000,6,false
kick,2026-10-01,the-witcher:-enhanced-edition,0.000,8,false
kick,2026-10-01,star-wars-zero-company,0.000,8,false
kick,2026-10-01,limbo,0.000,6,false
kick,2026-10-01,dragon-ball-legends,0.000,5,false
kick,2026-10-01,need-for-speed-heat,0.000,15,false
kick,2026-10-01,darts,0.000,5,false
kick,2026-10-01,crash-bandacoot-4:-it's-about-time,0.000,5,false
kick,2026-10-01,the-legend-of-zelda:-a-link-to-the-past,0.000,7,false
kick,2026-10-01,Bloodborne,0.000,9,false
kick,2026-10-01,The-Dark-Pictures-Anthology:-The-Devil-in-Me,0.000,5,false
kick,2026-10-01,one-piece-bounty-rush,0.000,8,false
kick,2026-10-01,liars-bar,0.000,5,false
kick,2026-10-01,the-binding-of-isaac:rebirth,0.000,5,false
kick,2026-10-01,visage,0.000,5,false
kick,2026-10-01,writing,0.000,6,false
kick,2026-10-01,The-Sinking-City-2,0.000,5,false
kick,2026-10-01,hytale,0.000,13,false
kick,2026-10-01,star-wars-outlaws,0.000,7,false
kick,2026-10-01,fifa-14,0.000,6,false
kick,2026-10-01,mega-quiz-gaming,0.000,8,false
kick,2026-10-01,echoes-in-darkness,0.000,7,false
kick,2026-10-01,umamusume-pretty-derby,0.000,8,false
kick,2026-10-01,dragons-dogma-ii,0.000,6,false
kick,2026-10-01,farming-simulator-22,0.000,9,false
kick,2026-10-01,icarus,0.000,10,false
kick,2026-10-01,lego-batman-legacy-of-the-dark-knight,0.000,6,false
kick,2026-10-01,second-life,0.000,6,false
kick,2026-10-01,dark-orbit,0.000,5,false
kick,2026-10-01,call-of-duty:-black-ops-cold-war,0.000,7,false
kick,2026-10-01,the-evil-within-2,0.000,7,false
kick,2026-10-01,gothic-1-remake,0.000,5,false
kick,2026-10-01,south-park:-the-stick-of-truth,0.000,6,false
kick,2026-10-01,off-the-grid--1,0.000,6,false
kick,2026-10-01,humanitz,0.000,7,false
kick,2026-10-01,doom-eternal,0.000,7,false
kick,2026-10-01,point-blank,0.000,5,false
kick,2026-10-01,sand-raiders-of-sophie,0.000,6,false
kick,2026-10-01,marvel-snap,0.000,7,false
kick,2026-10-01,board-games,0.000,7,false
kick,2026-10-01,x4-foundations,0.000,6,false
kick,2026-10-01,borderlands-4,0.000,12,false
kick,2026-10-01,dead-space-2023,0.000,7,false
kick,2026-10-01,lego-fortnite,0.000,5,false
kick,2026-10-01,arma-3,0.000,7,false
kick,2026-10-01,yu-gi-oh-duel-links,0.000,7,false
kick,2026-10-01,assetto-corsa-competizione,0.000,7,false
kick,2026-10-01,scp:-secret-laboratory,0.000,5,false
kick,2026-10-01,multi-theft-auto,0.000,6,false
kick,2026-10-01,batman:-arkham-asylum,0.000,7,false
kick,2026-10-01,Super-Mario-World,0.000,6,false
kick,2026-10-01,world-war-z,0.000,12,false
kick,2026-10-01,conquerors-blade,0.000,9,false
kick,2026-10-01,solo-leveling-arise,0.000,5,false
kick,2026-10-01,dmc:devil-may-cry,0.000,6,false
kick,2026-10-01,car-mechanic-simulator-2021,0.000,7,false
kick,2026-10-01,call-of-duty:-modern-warfare-2,0.000,9,false
kick,2026-10-01,mega-man-x,0.000,6,false
kick,2026-10-01,battlefield-4,0.000,8,false
kick,2026-10-01,payday-2,0.000,7,false
kick,2026-10-01,chrono-trigger,0.000,6,false
kick,2026-10-01,kingdom-hearts,0.000,7,false
kick,2026-10-01,zula,0.000,9,false
kick,2026-10-01,one-armed-robber,0.000,5,false
kick,2026-10-01,subnautica-2,0.000,5,false
kick,2026-10-01,doom,0.000,6,false
kick,2026-10-01,Need-for-Speed-Unbound,0.000,9,false
kick,2026-10-01,need-for-speed:-carbon,0.000,5,false
kick,2026-10-01,the-witcher,0.000,5,false
kick,2026-10-01,castlevania-symphony-of-the-night,0.000,5,false
kick,2026-10-01,species-unknown,0.000,6,false
kick,2026-10-01,manor-lords,0.000,6,false
kick,2026-10-01,one-armed-cook,0.000,5,false
kick,2026-10-01,fate-grand-order,0.000,5,false
kick,2026-10-01,the-other-side,0.000,5,false
kick,2026-10-01,"Warhammer-40,000:-Darktide",0.000,10,false
kick,2026-10-01,racing-master,0.000,6,false
kick,2026-10-01,star-trek-online,0.000,5,false
kick,2026-10-01,mx-bikes,0.000,6,false
kick,2026-10-01,identity-v,0.000,5,false
kick,2026-10-01,resident-evil-2-1998,0.000,5,false
kick,2026-10-01,car-dealer-simulator,0.000,5,false
kick,2026-10-01,xcom-2,0.000,5,false
kick,2026-10-01,borderlands-2,0.000,7,false
kick,2026-10-01,Star-Wars-Jedi:-Fallen-Order,0.000,6,false
kick,2026-10-01,the-godfather,0.000,5,false
kick,2026-10-01,Marvel's-Spider-Man,0.000,7,false
kick,2026-10-01,SMITE,0.000,5,false
kick,2026-10-01,onestate,0.000,5,false
kick,2026-10-01,pokemon-anil,0.000,5,false
kick,2026-10-01,mount-and-blade-warband,0.000,6,false
kick,2026-10-01,call-of-duty-warzone-mobile,0.000,6,false
kick,2026-10-01,balatro,0.000,7,false
kick,2026-10-01,the-walking-trade,0.000,6,false
kick,2026-10-01,gang-beasts,0.000,6,false
kick,2026-10-01,tom-clancys-the-division-resurgence,0.000,5,false
kick,2026-10-01,flyff-universe,0.000,6,false
kick,2026-10-01,granny,0.000,11,false
kick,2026-10-01,retrospace,0.000,6,false
kick,2026-10-01,the-binding-of-isaac,0.000,7,false
kick,2026-10-01,remnant:from-the-ashes,0.000,5,false
kick,2026-10-01,minecraft:-legends,0.000,5,false
kick,2026-10-01,naruto-shippuden: - ultimate-ninja-storm-4,0.000,5,false
kick,2026-10-01,muck,0.000,8,false
kick,2026-10-01,oxide-survival-island,0.000,5,false
kick,2026-10-01,starfield,0.000,5,false
kick,2026-10-01,pokemon-legends-arceus,0.000,5,false
kick,2026-10-01,viewfinder,0.000,5,false
kick,2026-10-01,timberborn,0.000,5,false
kick,2026-10-01,comedy-night,0.000,7,false
kick,2026-10-01,fifa-20,0.000,5,false
kick,2026-10-01,subway-surfers,0.000,6,false
kick,2026-10-01,marvel-tokon-fighting-souls,0.000,5,false
kick,2026-10-01,warface,0.000,5,false
kick,2026-10-01,call-of-duty-online,0.000,5,false
kick,2026-10-01,moonlighter-2-the-endless-vault,0.000,5,false
kick,2026-10-01,welcome-to-the-game-ii,0.000,7,false
kick,2026-10-01,gamer-stop-simulator,0.000,5,false
kick,2026-10-01,car-parking-multiplayer,0.000,5,false
kick,2026-10-01,(other: 2293 categories with fewer than 5 channels),0.870,,false
kick,2026-10-02,just-chatting,17.097,18088,false
kick,2026-10-02,irl,16.517,2039,false
kick,2026-10-02,grand-theft-auto-v,13.478,6286,false
kick,2026-10-02,minecraft,9.460,2960,false
kick,2026-10-02,kings-league,6.817,89,false
kick,2026-10-02,slots,5.878,2670,true
kick,2026-10-02,ea-sports-fc-27,4.863,1999,false
kick,2026-10-02,counter-strike-2,3.058,3889,false
kick,2026-10-02,league-of-legends,1.811,3383,false
kick,2026-10-02,valorant,1.367,4063,false
kick,2026-10-02,dota-2,1.252,1451,false
kick,2026-10-02,pubg-mobile,1.087,837,false
kick,2026-10-02,world-of-warcraft-forever,0.857,596,false
kick,2026-10-02,rust,0.856,527,false
kick,2026-10-02,Garena-Free-Fire,0.626,879,false
kick,2026-10-02,special-events,0.611,27,false
kick,2026-10-02,wardogs,0.600,1164,false
kick,2026-10-02,fortnite,0.555,3144,false
kick,2026-10-02,aion-2,0.531,480,false
kick,2026-10-02,Roblox,0.518,1442,false
kick,2026-10-02,nba-2k27,0.503,372,false
kick,2026-10-02,red-dead-redemption-ii,0.474,414,false
kick,2026-10-02,chat-roulette,0.385,390,false
kick,2026-10-02,pools-hot-tubs-bikinis,0.373,244,false
kick,2026-10-02,The-Forest,0.345,55,false
kick,2026-10-02,rocket-league,0.326,898,false
kick,2026-10-02,Tibia,0.314,360,false
kick,2026-10-02,efootball,0.279,385,false
kick,2026-10-02,just-sleeping,0.236,155,false
kick,2026-10-02,gears-of-war-e-day,0.235,509,false
kick,2026-10-02,arc-raiders,0.234,602,false
kick,2026-10-02,music-stations,0.232,713,false
kick,2026-10-02,pubg-battlegrounds,0.217,962,false
kick,2026-10-02,the-witcher-3:-wild-hunt,0.216,522,false
kick,2026-10-02,call-of-duty-warzone,0.213,1417,false
kick,2026-10-02,old-school-runescape,0.196,339,false
kick,2026-10-02,the-isle,0.194,114,false
kick,2026-10-02,lineage-ii,0.192,468,false
kick,2026-10-02,pummel-party,0.187,35,false
kick,2026-10-02,crypto-and-trading,0.183,325,false
kick,2026-10-02,f1-25,0.177,64,false
kick,2026-10-02,escape-from-tarkov,0.149,220,false
kick,2026-10-02,teamfight-tactics,0.136,239,false
kick,2026-10-02,reaction,0.131,86,false
kick,2026-10-02,among-us-3d,0.123,13,false
kick,2026-10-02,Grand-Theft-Auto:-San-Andreas,0.120,73,false
kick,2026-10-02,fall-guys,0.110,74,false
kick,2026-10-02,ea-sports-fc-26,0.110,317,false
kick,2026-10-02,super-battle-golf,0.108,8,false
kick,2026-10-02,garena-free-fire-max,0.107,257,false
kick,2026-10-02,nba-2k17,0.098,23,false
kick,2026-10-02,Valheim,0.095,355,false
kick,2026-10-02,asmr,0.093,78,false
kick,2026-10-02,return-of-the-king,0.092,161,false
kick,2026-10-02,games-+-demos,0.090,316,false
kick,2026-10-02,meccha-chameleon,0.084,42,false
kick,2026-10-02,dead-by-daylight,0.081,472,false
kick,2026-10-02,call-of-duty-black-ops-7,0.076,446,false
kick,2026-10-02,deadlock,0.072,204,false
kick,2026-10-02,clair-obscur-expedition-33,0.069,28,false
kick,2026-10-02,marvel-rivals,0.067,472,false
kick,2026-10-02,aniimo,0.065,342,false
kick,2026-10-02,Project-Zomboid,0.063,199,false
kick,2026-10-02,find-the-needle,0.058,40,false
kick,2026-10-02,cyberpunk-2077,0.056,59,false
kick,2026-10-02,black-desert-online,0.055,83,false
kick,2026-10-02,poker,0.053,115,true
kick,2026-10-02,Tom-Clancy's-Rainbow-Six-Siege-x,0.050,317,false
kick,2026-10-02,podcasts,0.047,137,false
kick,2026-10-02,mimic-party,0.046,74,false
kick,2026-10-02,apex-legends,0.045,684,false
kick,2026-10-02,blood-strike,0.044,254,false
kick,2026-10-02,retro-games,0.042,201,false
kick,2026-10-02,call-of-duty:-mobile,0.040,259,false
kick,2026-10-02,overwatch,0.038,468,false
kick,2026-10-02,quizei,0.038,10,false
kick,2026-10-02,indie-games,0.038,65,false
kick,2026-10-02,silent-hill-townfall,0.036,243,false
kick,2026-10-02,minecraft-dungeons-ii,0.034,184,false
kick,2026-10-02,mobile-legends: - bang-bang,0.034,262,false
kick,2026-10-02,last-epoch,0.033,67,false
kick,2026-10-02,crossfire,0.033,9,false
kick,2026-10-02,among-us,0.033,117,false
kick,2026-10-02,nhl-27,0.032,17,false
kick,2026-10-02,mu-online,0.031,62,false
kick,2026-10-02,five-hearts-under-one-roof-2,0.031,6,false
kick,2026-10-02,Ark:-Survival-Evolved,0.031,38,false
kick,2026-10-02,codenames,0.030,19,false
kick,2026-10-02,grand-theft-auto-vi,0.029,194,false
kick,2026-10-02,vtubers,0.029,236,false
kick,2026-10-02,ark-survival-ascended,0.029,73,false
kick,2026-10-02,arena-breakout-infinite,0.029,237,false
kick,2026-10-02,vrchat,0.028,91,false
kick,2026-10-02,bombanana,0.028,22,false
kick,2026-10-02,sports,0.028,151,false
kick,2026-10-02,goose-goose-duck,0.027,51,false
kick,2026-10-02,news,0.027,118,false
kick,2026-10-02,Left-4-Dead-2,0.026,241,false
kick,2026-10-02,grand-theft-auto-iv,0.026,39,false
kick,2026-10-02,cabal-online,0.026,44,false
kick,2026-10-02,animals-nature,0.026,66,false
kick,2026-10-02,dawson-oaks-trailer-park,0.025,24,false
kick,2026-10-02,chess,0.025,102,false
kick,2026-10-02,scritchy-scratchy,0.025,23,false
kick,2026-10-02,sons-of-the-forest,0.025,56,false
kick,2026-10-02,live-dj,0.025,269,false
kick,2026-10-02,onimusha-way-of-the-sword,0.024,89,false
kick,2026-10-02,repo,0.024,184,false
kick,2026-10-02,kick-bounties,0.023,67,false
kick,2026-10-02,total-war:-warhammer-iii,0.023,22,false
kick,2026-10-02,split-fiction,0.023,21,false
kick,2026-10-02,resident-evil-4-remake,0.023,87,false
kick,2026-10-02,peak-1,0.023,133,false
kick,2026-10-02,knight-online,0.022,254,false
kick,2026-10-02,architect-land-of-exiles,0.021,19,false
kick,2026-10-02,world-of-warcraft,0.021,362,false
kick,2026-10-02,red-dead-rp,0.021,90,false
kick,2026-10-02,baldurs-gate-3,0.021,38,false
kick,2026-10-02,backrooms,0.020,10,false
kick,2026-10-02,software-development,0.020,46,false
kick,2026-10-02,battlegrounds-mobile-india,0.020,371,false
kick,2026-10-02,the-last-of-us-part-ii-remastered,0.019,54,false
kick,2026-10-02,marvels-wolverine,0.019,121,false
kick,2026-10-02,graveyard-keeper-ii,0.019,46,false
kick,2026-10-02,euro-truck-simulator-2,0.018,215,false
kick,2026-10-02,hogwarts-legacy,0.017,40,false
kick,2026-10-02,8-ball-pool,0.017,13,false
kick,2026-10-02,mir-4,0.017,21,false
kick,2026-10-02,hearts-of-iron-iv,0.016,15,false
kick,2026-10-02,jawlah,0.016,38,false
kick,2026-10-02,silkroad-online,0.016,126,false
kick,2026-10-02,dumb-ways-to-build,0.016,10,false
kick,2026-10-02,delta-force,0.016,145,false
kick,2026-10-02,detroit-become-human,0.015,33,false
kick,2026-10-02,the-cabin-game,0.015,8,false
kick,2026-10-02,call-of-duty-warzone-2.0,0.015,218,false
kick,2026-10-02,halloween-the-game,0.015,140,false
kick,2026-10-02,machine-party,0.015,32,false
kick,2026-10-02,call-of-duty-modern-warfare-iii,0.014,61,false
kick,2026-10-02,Genshin-Impact,0.014,168,false
kick,2026-10-02,ranch-simulator,0.014,19,false
kick,2026-10-02,sos-ops,0.014,63,false
kick,2026-10-02,Phasmophobia,0.013,141,false
kick,2026-10-02,warcraft-iii-the-frozen-throne,0.013,35,false
kick,2026-10-02,mortal-shell-ii,0.013,29,false
kick,2026-10-02,the-bazaar,0.013,5,false
kick,2026-10-02,Resident-Evil-4,0.013,57,false
kick,2026-10-02,battlefield-6,0.013,209,false
kick,2026-10-02,metin-2,0.012,124,false
kick,2026-10-02,war-thunder,0.012,83,false
kick,2026-10-02,warframe,0.012,109,false
kick,2026-10-02,satisfactory,0.012,23,false
kick,2026-10-02,Albion-Online,0.011,77,false
kick,2026-10-02,live-music,0.011,168,false
kick,2026-10-02,palworld,0.011,90,false
kick,2026-10-02,alan-wake-II,0.011,9,false
kick,2026-10-02,DayZ,0.011,145,false
kick,2026-10-02,grand-theft-auto-san-andreas-the-definitive-edition,0.011,36,false
kick,2026-10-02,The-Last-of-Us-Part-II,0.011,15,false
kick,2026-10-02,The-Last-of-Us,0.011,78,false
kick,2026-10-02,runescape-dragonwilds,0.011,133,false
kick,2026-10-02,shakes-and-fidget,0.011,6,false
kick,2026-10-02,arena-breakout,0.010,32,false
kick,2026-10-02,where-winds-meet,0.010,22,false
kick,2026-10-02,counter-strike-global-offensive,0.010,13,false
kick,2026-10-02,battlefield-redsec,0.010,122,false
kick,2026-10-02,twisted-party,0.010,5,false
kick,2026-10-02,nba-the-run,0.010,7,false
kick,2026-10-02,diablo-iv,0.010,120,false
kick,2026-10-02,age-of-empires-II:-definitive-edition,0.010,28,false
kick,2026-10-02,madden-nfl-27,0.010,78,false
kick,2026-10-02,state-of-decay-2,0.009,10,false
kick,2026-10-02,the-outlast-trials,0.009,91,false
kick,2026-10-02,retro,0.009,51,false
kick,2026-10-02,ddtank,0.009,10,false
kick,2026-10-02,fortnite-zero-build,0.009,207,false
kick,2026-10-02,the-binding-of-isaac:-repentance,0.009,39,false
kick,2026-10-02,Bloodborne,0.008,13,false
kick,2026-10-02,call-of-duty-modern-warfare-4,0.008,79,false
kick,2026-10-02,stumble-guys,0.008,40,false
kick,2026-10-02,dofus,0.008,22,false
kick,2026-10-02,Dark-Souls-III,0.008,35,false
kick,2026-10-02,sekiro:-shadows-die-twice,0.008,19,false
kick,2026-10-02,final-fantasy-xi,0.008,8,false
kick,2026-10-02,fortnite-save-the-world,0.008,16,false
kick,2026-10-02,gran-turismo-7,0.008,12,false
kick,2026-10-02,final-fantasy-xiv,0.008,44,false
kick,2026-10-02,assetto-corsa,0.008,48,false
kick,2026-10-02,god-of-war-ragnarok,0.007,43,false
kick,2026-10-02,music-production,0.007,175,false
kick,2026-10-02,the-blood-of-dawnwalker,0.007,78,false
kick,2026-10-02,dune-awakening,0.007,71,false
kick,2026-10-02,digital-art,0.007,46,false
kick,2026-10-02,resident-evil-requiem,0.007,93,false
kick,2026-10-02,mlb-the-show-26,0.007,43,false
kick,2026-10-02,assassins-creed-origins,0.007,10,false
kick,2026-10-02,tom-clancy's-ghost-recon-wildlands,0.007,31,false
kick,2026-10-02,control-resonant,0.007,147,false
kick,2026-10-02,ragnarok-origin-classic,0.007,7,false
kick,2026-10-02,uncharted-4-a-thief-s-end,0.007,18,false
kick,2026-10-02,american-truck-simulator,0.007,115,false
kick,2026-10-02,tcg-card-shop-simulator,0.007,25,false
kick,2026-10-02,Street-Fighter-6,0.006,32,false
kick,2026-10-02,pro-evolution-soccer-6,0.006,27,false
kick,2026-10-02,seven-days-to-die,0.006,81,false
kick,2026-10-02,geoguessr,0.006,37,false
kick,2026-10-02,how-to-fish,0.006,175,false
kick,2026-10-02,forza-horizon-6,0.006,97,false
kick,2026-10-02,brawl-stars,0.006,85,false
kick,2026-10-02,risk-of-rain-2,0.006,7,false
kick,2026-10-02,elden-ring,0.006,140,false
kick,2026-10-02,conan-exiles,0.006,10,false
kick,2026-10-02,destiny-2,0.006,80,false
kick,2026-10-02,Resident-Evil-2,0.006,30,false
kick,2026-10-02,once-human,0.006,116,false
kick,2026-10-02,nivalis-nights,0.006,22,false
kick,2026-10-02,dark-souls:-remastered,0.006,33,false
kick,2026-10-02,wuthering-waves,0.006,74,false
kick,2026-10-02,mimesis,0.005,9,false
kick,2026-10-02,ragnarok-online,0.005,26,false
kick,2026-10-02,marvels-spider-man-remastered,0.005,44,false
kick,2026-10-02,haxball,0.005,48,false
kick,2026-10-02,shift-at-midnight,0.005,33,false
kick,2026-10-02,art,0.005,105,false
kick,2026-10-02,h1z1,0.005,16,false
kick,2026-10-02,ace-combat-8-wings-of-theve,0.005,63,false
kick,2026-10-02,schedule-i,0.005,52,false
kick,2026-10-02,cooking,0.005,14,false
kick,2026-10-02,pokemon-unite,0.005,28,false
kick,2026-10-02,rv-there-yet--1,0.005,68,false
kick,2026-10-02,Resident-Evil-7:-Biohazard,0.005,46,false
kick,2026-10-02,aion,0.005,19,false
kick,2026-10-02,honkai:-star-rail,0.005,19,false
kick,2026-10-02,command-conquer-generals,0.005,7,false
kick,2026-10-02,business-tour,0.005,16,false
kick,2026-10-02,path-of-exile-2,0.005,63,false
kick,2026-10-02,riftbound,0.005,5,false
kick,2026-10-02,risk:-global-domination,0.005,15,false
kick,2026-10-02,Clash-Royale,0.005,69,false
kick,2026-10-02,no-more-room-in-hell-2,0.005,10,false
kick,2026-10-02,monster-hunter-wilds,0.005,39,false
kick,2026-10-02,rematch--1,0.004,73,false
kick,2026-10-02,transport-fever-3,0.004,16,false
kick,2026-10-02,russian-fishing-4,0.004,15,false
kick,2026-10-02,path-of-exile,0.004,16,false
kick,2026-10-02,helldivers-ii,0.004,79,false
kick,2026-10-02,farming-simulator-2025,0.004,74,false
kick,2026-10-02,call-of-duty-black-ops-6,0.004,41,false
kick,2026-10-02,fc-mobile,0.004,39,false
kick,2026-10-02,backrooms-escape-together,0.004,19,false
kick,2026-10-02,final-fantasy-xvi,0.004,5,false
kick,2026-10-02,the-legend-of-zelda:-twilight-princess,0.004,15,false
kick,2026-10-02,hunt:-showdown,0.004,92,false
kick,2026-10-02,z1-battle-royale,0.004,28,false
kick,2026-10-02,sports-betting,0.004,8,true
kick,2026-10-02,horizon-zero-dawn,0.004,12,false
kick,2026-10-02,stardew-valley,0.004,47,false
kick,2026-10-02,Titanfall-2,0.004,8,false
kick,2026-10-02,Super-Mario-64,0.004,10,false
kick,2026-10-02,radio-commander,0.004,10,false
kick,2026-10-02,the-finals,0.004,76,false
kick,2026-10-02,neverness-to-everness,0.004,66,false
kick,2026-10-02,meditation-and-mindfulness,0.004,13,false
kick,2026-10-02,the-legend-of-zelda:-majora's-mask,0.004,9,false
kick,2026-10-02,snowrunner,0.004,34,false
kick,2026-10-02,the-elder-scrolls-v-skyrim,0.004,10,false
kick,2026-10-02,permafrost,0.003,17,false
kick,2026-10-02,priston-tale,0.003,12,false
kick,2026-10-02,resonance-a-plague-tale-legacy,0.003,28,false
kick,2026-10-02,the-walking-dead-the-telltale-definitive-series,0.003,20,false
kick,2026-10-02,pool-blitz,0.003,5,false
kick,2026-10-02,restory,0.003,13,false
kick,2026-10-02,mount-and-blade-warband,0.003,9,false
kick,2026-10-02,the-witcher,0.003,12,false
kick,2026-10-02,days-gone,0.003,27,false
kick,2026-10-02,mafia-II:-definitive-edition,0.003,5,false
kick,2026-10-02,dofus-retro,0.003,6,false
kick,2026-10-02,Sea-of-Thieves,0.003,63,false
kick,2026-10-02,arena-of-valor,0.003,10,false
kick,2026-10-02,iracing,0.003,62,false
kick,2026-10-02,kingdom-come:-deliverance,0.003,11,false
kick,2026-10-02,pokemon-firered-version,0.003,20,false
kick,2026-10-02,microsoft-flight-simulator-2024,0.003,16,false
kick,2026-10-02,runescape,0.003,17,false
kick,2026-10-02,Hearthstone,0.003,50,false
kick,2026-10-02,dressmaker,0.003,23,false
kick,2026-10-02,the-mortuary-assistant,0.003,21,false
kick,2026-10-02,monopoly--19,0.003,6,false
kick,2026-10-02,league-of-legends-wild-rift,0.003,50,false
kick,2026-10-02,politics,0.003,40,false
kick,2026-10-02,slay-the-spire-ii,0.003,12,false
kick,2026-10-02,need-for-speed-most-wanted-2005,0.003,21,false
kick,2026-10-02,The-Elder-Scrolls-Online,0.003,23,false
kick,2026-10-02,assassin's-creed-valhalla,0.003,19,false
kick,2026-10-02,outlast,0.003,47,false
kick,2026-10-02,Resident-Evil-5,0.003,13,false
kick,2026-10-02,counter-strike:-1.6,0.003,48,false
kick,2026-10-02,heroes-of-newerth-reborn,0.002,5,false
kick,2026-10-02,level-devil,0.002,6,false
kick,2026-10-02,World-of-Tanks,0.002,82,false
kick,2026-10-02,black-myth-wukong,0.002,48,false
kick,2026-10-02,gunz:-the-duel,0.002,5,false
kick,2026-10-02,megabonk,0.002,18,false
kick,2026-10-02,assassins-creed-black-flag-resynced,0.002,25,false
kick,2026-10-02,chill-corner,0.002,21,false
kick,2026-10-02,monopoly-poker,0.002,13,false
kick,2026-10-02,battlefield-1,0.002,29,false
kick,2026-10-02,hell-is-us,0.002,8,false
kick,2026-10-02,nba-2k26,0.002,35,false
kick,2026-10-02,le-mans-ultimate,0.002,12,false
kick,2026-10-02,scam-with-your-friends,0.002,8,false
kick,2026-10-02,the-crew:-motorfest,0.002,14,false
kick,2026-10-02,football-manager-26,0.002,20,false
kick,2026-10-02,call-of-duty:-black-ops-II,0.002,39,false
kick,2026-10-02,metal-gear-solid-4:-guns-of-the-patriots,0.002,5,false
kick,2026-10-02,graveyard-keeper,0.002,17,false
kick,2026-10-02,asphalt-legends-unite,0.002,6,false
kick,2026-10-02,mass-effect-legendary-edition,0.002,7,false
kick,2026-10-02,wormate-io,0.002,5,false
kick,2026-10-02,five-nights-at-freddy's:-security-breach,0.002,7,false
kick,2026-10-02,words-on-stream,0.002,14,false
kick,2026-10-02,007-first-light,0.002,29,false
kick,2026-10-02,dynasty-warriors-3-complete-edition-remastered,0.002,18,false
kick,2026-10-02,ghost-janitors,0.002,11,false
kick,2026-10-02,far-cry-6,0.002,20,false
kick,2026-10-02,hollow-knight,0.002,55,false
kick,2026-10-02,golf-with-your-friends,0.002,15,false
kick,2026-10-02,call-of-duty-modern-warfare-3,0.002,7,false
kick,2026-10-02,final-fantasy-VII-remake,0.002,12,false
kick,2026-10-02,ore-factory-squad,0.002,6,false
kick,2026-10-02,assassins-creed-shadows,0.002,12,false
kick,2026-10-02,the-lord-of-the-rings-return-to-moria,0.002,5,false
kick,2026-10-02,the-elder-scrolls-v-skyrim-special-edition,0.002,42,false
kick,2026-10-02,Resident-Evil-3:-Nemesis,0.002,22,false
kick,2026-10-02,call-of-duty:-modern-warfare,0.002,13,false
kick,2026-10-02,tom-clancy's-the-division-2,0.002,66,false
kick,2026-10-02,gang-beasts,0.002,8,false
kick,2026-10-02,for-honor,0.002,29,false
kick,2026-10-02,wwe-2k26,0.002,26,false
kick,2026-10-02,the-quarry,0.002,13,false
kick,2026-10-02,food-drink,0.002,13,false
kick,2026-10-02,mu-dark-epoch,0.002,5,false
kick,2026-10-02,a-way-out,0.002,12,false
kick,2026-10-02,reanimal,0.002,12,false
kick,2026-10-02,tomb-raider,0.002,9,false
kick,2026-10-02,pokemon-champions,0.002,25,false
kick,2026-10-02,beast-of-reincarnation,0.002,16,false
kick,2026-10-02,tom-clancys-ghost-recon-breakpoint,0.002,12,false
kick,2026-10-02,perfect-world,0.002,11,false
kick,2026-10-02,RimWorld,0.002,12,false
kick,2026-10-02,yu-gi-oh-forbidden-memories,0.002,8,false
kick,2026-10-02,grand-theft-auto-iii-the-definitive-edition,0.002,13,false
kick,2026-10-02,ace-combat-7,0.002,6,false
kick,2026-10-02,gamble-with-your-friends,0.002,35,false
kick,2026-10-02,devour,0.002,23,false
kick,2026-10-02,marvels-spider-man-2,0.002,39,false
kick,2026-10-02,resident-evil-village,0.002,31,false
kick,2026-10-02,ea-sports-college-football-27,0.002,34,false
kick,2026-10-02,the-seven-deadly-sins-origin,0.002,12,false
kick,2026-10-02,rise-online,0.002,12,false
kick,2026-10-02,gartic-phone,0.001,32,false
kick,2026-10-02,The-Sims-4,0.001,35,false
kick,2026-10-02,ea-sports-madden-nfl-25,0.001,5,false
kick,2026-10-02,supermarket-together,0.001,26,false
kick,2026-10-02,last-day-on-earth:-survival,0.001,6,false
kick,2026-10-02,grounded-2,0.001,23,false
kick,2026-10-02,bloods-td-6,0.001,12,false
kick,2026-10-02,crimson-desert,0.001,46,false
kick,2026-10-02,hitman,0.001,5,false
kick,2026-10-02,bendy-and-the-Ink-machine,0.001,9,false
kick,2026-10-02,card-games,0.001,8,false
kick,2026-10-02,woman-simulator,0.001,19,false
kick,2026-10-02,call-of-duty:-black-ops,0.001,14,false
kick,2026-10-02,anime-squad,0.001,13,false
kick,2026-10-02,outlast-ii,0.001,23,false
kick,2026-10-02,escape-the-backrooms,0.001,49,false
kick,2026-10-02,science-technology,0.001,27,false
kick,2026-10-02,age-of-empires-iv,0.001,17,false
kick,2026-10-02,bodycam,0.001,58,false
kick,2026-10-02,a-weird-game-about-sausage,0.001,6,false
kick,2026-10-02,nba-2k15,0.001,9,false
kick,2026-10-02,kakele-online-mmorpg,0.001,9,false
kick,2026-10-02,tekken-8,0.001,33,false
kick,2026-10-02,hollow-knight-silksong,0.001,42,false
kick,2026-10-02,Heroes-of-Might-and-Magic-III:-The-Restoration-of-Erathia,0.001,5,false
kick,2026-10-02,deltarune,0.001,10,false
kick,2026-10-02,way-of-the-hunter-2,0.001,9,false
kick,2026-10-02,call-of-duty:-black-ops-cold-war,0.001,7,false
kick,2026-10-02,raft,0.001,24,false
kick,2026-10-02,halo-infinite,0.001,31,false
kick,2026-10-02,chained-together,0.001,24,false
kick,2026-10-02,bunker-tidy-up,0.001,7,false
kick,2026-10-02,blazing-sails,0.001,11,false
kick,2026-10-02,demonologist,0.001,19,false
kick,2026-10-02,Mount-&-Blade-II:-Bannerlord,0.001,35,false
kick,2026-10-02,cast-n-chill,0.001,6,false
kick,2026-10-02,final-fantasy-vii-og,0.001,5,false
kick,2026-10-02,summoners-war:-sky-arena,0.001,5,false
kick,2026-10-02,grand-theft-auto:-vice-city-the-definitive-edition,0.001,25,false
kick,2026-10-02,lies-of-pi,0.001,27,false
kick,2026-10-02,party-animals,0.001,15,false
kick,2026-10-02,world-of-warcraft-classic,0.001,44,false
kick,2026-10-02,dark-souls-ii-scholar-of-the-first-sin,0.001,17,false
kick,2026-10-02,forza-horizon-5,0.001,20,false
kick,2026-10-02,no-mans-sky,0.001,43,false
kick,2026-10-02,heartopia,0.001,8,false
kick,2026-10-02,it-takes-two,0.001,28,false
kick,2026-10-02,visage,0.001,7,false
kick,2026-10-02,ea-sports-fc-online,0.001,16,false
kick,2026-10-02,well-dweller,0.001,16,false
kick,2026-10-02,alien:-isolation,0.001,29,false
kick,2026-10-02,crab-game,0.001,9,false
kick,2026-10-02,SCUM,0.001,26,false
kick,2026-10-02,god-of-war-III,0.001,10,false
kick,2026-10-02,ghost-of-yotei,0.001,26,false
kick,2026-10-02,wolf-team,0.001,14,false
kick,2026-10-02,green-hell,0.001,10,false
kick,2026-10-02,fallout-76,0.001,26,false
kick,2026-10-02,ea-sports-fc-25,0.001,21,false
kick,2026-10-02,pokemon-trading-card-game-pocket,0.001,11,false
kick,2026-10-02,the-first-descendant,0.001,13,false
kick,2026-10-02,Diablo-II:-Resurrected,0.001,22,false
kick,2026-10-02,Silent-Hill-2,0.001,12,false
kick,2026-10-02,Cuphead,0.001,23,false
kick,2026-10-02,gartic-io,0.001,15,false
kick,2026-10-02,warhammer-40000-space-marine-II,0.001,44,false
kick,2026-10-02,grounded,0.001,10,false
kick,2026-10-02,avatars-frontiers-of-pandora,0.001,12,false
kick,2026-10-02,stream,0.001,23,false
kick,2026-10-02,active-matter,0.001,41,false
kick,2026-10-02,dying-light-2:stay-human,0.001,22,false
kick,2026-10-02,garry's-mod,0.001,13,false
kick,2026-10-02,fitness-and-health,0.001,40,false
kick,2026-10-02,warcraft-iii-reforged,0.001,20,false
kick,2026-10-02,madden-nfl-26,0.001,11,false
kick,2026-10-02,elden-ring-nightreign,0.001,19,false
kick,2026-10-02,grand-chase-classic,0.001,5,false
kick,2026-10-02,dark-hours,0.001,10,false
kick,2026-10-02,roadcraft,0.001,10,false
kick,2026-10-02,eve-online,0.001,16,false
kick,2026-10-02,call-of-duty:-dmz,0.001,22,false
kick,2026-10-02,dishonored,0.001,8,false
kick,2026-10-02,cry-of-fear,0.001,8,false
kick,2026-10-02,assassins's-creed-odyssey,0.001,17,false
kick,2026-10-02,Metal-Gear-Solid-V:-The-Phantom-Pain,0.001,6,false
kick,2026-10-02,star-citizen,0.001,38,false
kick,2026-10-02,deep-rock-galactic,0.001,10,false
kick,2026-10-02,heroes-of-the-storm,0.001,31,false
kick,2026-10-02,MapleStory,0.001,13,false
kick,2026-10-02,game-development,0.001,23,false
kick,2026-10-02,world-of-tanks:-blitz,0.001,11,false
kick,2026-10-02,castlevania-belmonts-curse,0.001,23,false
kick,2026-10-02,geometry-dash,0.001,57,false
kick,2026-10-02,super-mario-maker-2,0.001,8,false
kick,2026-10-02,monsters-and-memories--1,0.001,18,false
kick,2026-10-02,muck,0.001,9,false
kick,2026-10-02,resident-evil-2-(2019),0.001,44,false
kick,2026-10-02,Death-Stranding,0.001,13,false
kick,2026-10-02,team-fortress-2,0.001,25,false
kick,2026-10-02,tom-clancy-s-rainbow-six,0.001,45,false
kick,2026-10-02,efootball-pes-2021,0.001,25,false
kick,2026-10-02,doki-doki-literature-club,0.001,7,false
kick,2026-10-02,god-of-war-(2005),0.001,18,false
kick,2026-10-02,until-dawn,0.001,12,false
kick,2026-10-02,call-of-duty-modern-warfare-ii,0.001,45,false
kick,2026-10-02,dead-as-disco,0.001,9,false
kick,2026-10-02,clash-of-clans,0.001,35,false
kick,2026-10-02,Magic:-The-Gathering,0.001,8,false
kick,2026-10-02,digimon-story-time-stranger,0.001,8,false
kick,2026-10-02,3d-printing,0.001,12,false
kick,2026-10-02,house-flipper,0.001,8,false
kick,2026-10-02,osu!,0.001,42,false
kick,2026-10-02,no-im-not-a-human,0.001,12,false
kick,2026-10-02,fifa-17,0.001,5,false
kick,2026-10-02,Dark-Souls-II,0.001,10,false
kick,2026-10-02,uncharted:legacy-of-thieves-collection,0.001,9,false
kick,2026-10-02,far-cry:-primal,0.001,5,false
kick,2026-10-02,undisputed,0.001,13,false
kick,2026-10-02,demon-s-souls,0.001,5,false
kick,2026-10-02,trading-cards,0.001,8,false
kick,2026-10-02,feign,0.001,7,false
kick,2026-10-02,mafia-the-old-country,0.001,10,false
kick,2026-10-02,supermarket-simulator,0.001,17,false
kick,2026-10-02,silent-hill-2--1,0.001,25,false
kick,2026-10-02,yu-gi-oh-!-master-duel,0.001,12,false
kick,2026-10-02,end-of-abyss,0.001,16,false
kick,2026-10-02,standoff-2,0.001,8,false
kick,2026-10-02,gaming-cafe-simulator,0.001,22,false
kick,2026-10-02,jet-set-radio-future,0.001,7,false
kick,2026-10-02,honor-of-kings,0.001,33,false
kick,2026-10-02,gothic-1-remake,0.001,5,false
kick,2026-10-02,smite-2,0.001,34,false
kick,2026-10-02,farlight-84,0.001,11,false
kick,2026-10-02,ghost-of-tsushima,0.001,27,false
kick,2026-10-02,trails-in-the-sky-2nd-chapter,0.001,5,false
kick,2026-10-02,football-manager-2024,0.001,7,false
kick,2026-10-02,the-simpsons-hit-&-run,0.001,6,false
kick,2026-10-02,dead-space-3,0.001,6,false
kick,2026-10-02,fire-emblem-fortunes-weave,0.001,21,false
kick,2026-10-02,dying-light,0.001,31,false
kick,2026-10-02,brawlhalla,0.001,42,false
kick,2026-10-02,arma-reforger,0.001,27,false
kick,2026-10-02,resident-evil-6,0.001,17,false
kick,2026-10-02,terraria,0.001,41,false
kick,2026-10-02,gears-of-war-4,0.001,8,false
kick,2026-10-02,battlefield-2042,0.000,7,false
kick,2026-10-02,second-life,0.000,5,false
kick,2026-10-02,human-host,0.000,5,false
kick,2026-10-02,magic-the-gathering-arena,0.000,16,false
kick,2026-10-02,gears-5,0.000,18,false
kick,2026-10-02,beamng-drive,0.000,11,false
kick,2026-10-02,pokemon-emerald,0.000,8,false
kick,2026-10-02,Diablo-III,0.000,9,false
kick,2026-10-02,Grand-Theft-Auto-III,0.000,13,false
kick,2026-10-02,Starcraft-II,0.000,26,false
kick,2026-10-02,project-bloodstrike,0.000,27,false
kick,2026-10-02,control,0.000,21,false
kick,2026-10-02,pro-soccer-online,0.000,9,false
kick,2026-10-02,god-of-war,0.000,43,false
kick,2026-10-02,palia,0.000,13,false
kick,2026-10-02,burglin-gnomes,0.000,13,false
kick,2026-10-02,assetto-corsa-competizione,0.000,9,false
kick,2026-10-02,the-legend-of-zelda:-ocarina-of-time,0.000,26,false
kick,2026-10-02,winning-eleven:-pro-evolution-soccer-2007,0.000,5,false
kick,2026-10-02,fire-emblem-three-houses,0.000,5,false
kick,2026-10-02,skate,0.000,20,false
kick,2026-10-02,happy-wheels,0.000,12,false
kick,2026-10-02,world-of-warcraft-classic-hardcore,0.000,17,false
kick,2026-10-02,pratfall,0.000,5,false
kick,2026-10-02,construction-simulator,0.000,8,false
kick,2026-10-02,makers-&-crafting,0.000,16,false
kick,2026-10-02,dragon-ball-legends,0.000,5,false
kick,2026-10-02,Super-Mario-World,0.000,10,false
kick,2026-10-02,waterpark-simulator,0.000,12,false
kick,2026-10-02,pga-tour-2k25,0.000,12,false
kick,2026-10-02,Marvel's-Spider-Man:-Miles-Morales,0.000,8,false
kick,2026-10-02,resident-evil,0.000,32,false
kick,2026-10-02,zenless-zone-zero,0.000,29,false
kick,2026-10-02,World-of-Warships,0.000,21,false
kick,2026-10-02,road-to-vostok,0.000,7,false
kick,2026-10-02,pacify,0.000,5,false
kick,2026-10-02,squad,0.000,22,false
kick,2026-10-02,cricket-24,0.000,5,false
kick,2026-10-02,persona-5-royal,0.000,12,false
kick,2026-10-02,tomodachi-life-living-the-dream,0.000,5,false
kick,2026-10-02,super-smash-bros.-ultimate,0.000,19,false
kick,2026-10-02,fever-meme,0.000,6,false
kick,2026-10-02,fears-to-fathom-carson-house,0.000,6,false
kick,2026-10-02,persona-3-reload,0.000,9,false
kick,2026-10-02,cs2d,0.000,23,false
kick,2026-10-02,moo-who,0.000,5,false
kick,2026-10-02,sniper-elite-resistance,0.000,5,false
kick,2026-10-02,dying-light-the-beast,0.000,20,false
kick,2026-10-02,five-nights-at-freddy's-4,0.000,8,false
kick,2026-10-02,Fallout-4,0.000,19,false
kick,2026-10-02,chrono-trigger,0.000,8,false
kick,2026-10-02,call-of-duty:-black-ops-III,0.000,26,false
kick,2026-10-02,mario-kart-world,0.000,12,false
kick,2026-10-02,coffee-talk,0.000,14,false
kick,2026-10-02,half-life,0.000,12,false
kick,2026-10-02,call-of-duty-4:-modern-warfare,0.000,13,false
kick,2026-10-02,grand-theft-auto:-vice-city,0.000,18,false
kick,2026-10-02,batman:-arkham-asylum,0.000,7,false
kick,2026-10-02,horizon-forbidden-west,0.000,8,false
kick,2026-10-02,dont-starve-together,0.000,9,false
kick,2026-10-02,the-legend-of-zelda:-tears-of-the-kingdom,0.000,10,false
kick,2026-10-02,Resident-Evil-3,0.000,11,false
kick,2026-10-02,reading,0.000,8,false
kick,2026-10-02,batman-arkham-city,0.000,5,false
kick,2026-10-02,grand-theft-auto,0.000,7,false
kick,2026-10-02,digimon-masters,0.000,9,false
kick,2026-10-02,species-unknown,0.000,6,false
kick,2026-10-02,the-legend-of-zelda:-the-wind-waker,0.000,8,false
kick,2026-10-02,dirty-business,0.000,5,false
kick,2026-10-02,chivalry-2,0.000,21,false
kick,2026-10-02,stellar-blade,0.000,15,false
kick,2026-10-02,mafia:definitive-edition,0.000,11,false
kick,2026-10-02,mortal-kombat-1,0.000,16,false
kick,2026-10-02,super-mario-galaxy,0.000,6,false
kick,2026-10-02,pragmata,0.000,10,false
kick,2026-10-02,mir-tankov,0.000,18,false
kick,2026-10-02,throne-and-liberty,0.000,8,false
kick,2026-10-02,voices-of-the-void,0.000,5,false
kick,2026-10-02,counter-strike-source,0.000,8,false
kick,2026-10-02,dungeons-and-dragons,0.000,12,false
kick,2026-10-02,call-of-duty-black-ops-zombies,0.000,11,false
kick,2026-10-02,uno,0.000,6,false
kick,2026-10-02,subnautica-2,0.000,10,false
kick,2026-10-02,fishing-planet,0.000,9,false
kick,2026-10-02,red-dead-redemption,0.000,18,false
kick,2026-10-02,superliminal,0.000,5,false
kick,2026-10-02,invokyr,0.000,5,false
kick,2026-10-02,the-choicer-voicer,0.000,6,false
kick,2026-10-02,The-Sinking-City-2,0.000,7,false
kick,2026-10-02,Silent-Hill,0.000,8,false
kick,2026-10-02,battlefield-v,0.000,11,false
kick,2026-10-02,my-hero-ultra-rumble,0.000,25,false
kick,2026-10-02,neighbors-suburban-warfare,0.000,9,false
kick,2026-10-02,hushed,0.000,6,false
kick,2026-10-02,monster-hunter: - world,0.000,19,false
kick,2026-10-02,ready-or-not,0.000,26,false
kick,2026-10-02,icarus,0.000,15,false
kick,2026-10-02,lethal-company,0.000,22,false
kick,2026-10-02,combat-master,0.000,7,false
kick,2026-10-02,little-nightmares-iii--1,0.000,8,false
kick,2026-10-02,ea-sports-ufc-6,0.000,8,false
kick,2026-10-02,kingdom-come-deliverance-ii,0.000,23,false
kick,2026-10-02,god-of-war-II,0.000,16,false
kick,2026-10-02,Sid-Meier's-Civilization-VI,0.000,6,false
kick,2026-10-02,tabletop-rpgs,0.000,7,false
kick,2026-10-02,lockdown-protocol,0.000,5,false
kick,2026-10-02,bioshock,0.000,6,false
kick,2026-10-02,the-mound-omen-of-cthulhu,0.000,6,false
kick,2026-10-02,roblox-studio,0.000,37,false
kick,2026-10-02,pokemon-legends-z-a,0.000,8,false
kick,2026-10-02,marathon,0.000,17,false
kick,2026-10-02,madison,0.000,9,false
kick,2026-10-02,halo:-the-master-chief-collection,0.000,14,false
kick,2026-10-02,mewgenics,0.000,7,false
kick,2026-10-02,five-nights-at-freddy's,0.000,14,false
kick,2026-10-02,night_crows,0.000,6,false
kick,2026-10-02,minecraft-dunegons,0.000,13,false
kick,2026-10-02,livestream,0.000,17,false
kick,2026-10-02,make-it-meme,0.000,6,false
kick,2026-10-02,metro-2033-redux,0.000,10,false
kick,2026-10-02,far-far-west,0.000,5,false
kick,2026-10-02,windrose,0.000,7,false
kick,2026-10-02,board-games,0.000,6,false
kick,2026-10-02,the-texas-chain-saw-massacre,0.000,11,false
kick,2026-10-02,kingdom-hearts-hd-15-25-remix,0.000,20,false
kick,2026-10-02,stray,0.000,6,false
kick,2026-10-02,Marbles-On-Stream,0.000,9,false
kick,2026-10-02,stalzone,0.000,13,false
kick,2026-10-02,granny,0.000,11,false
kick,2026-10-02,gray-zone-warfare,0.000,12,false
kick,2026-10-02,splatoon-3,0.000,9,false
kick,2026-10-02,pokemon-friends,0.000,5,false
kick,2026-10-02,predecessor,0.000,13,false
kick,2026-10-02,The-Legend-of-Zelda:-Breath-of-the-Wild,0.000,14,false
kick,2026-10-02,StarCraft,0.000,12,false
kick,2026-10-02,enshrouded,0.000,12,false
kick,2026-10-02,an-eggstremely-hard-game,0.000,6,false
kick,2026-10-02,doom,0.000,10,false
kick,2026-10-02,pokemon-go,0.000,11,false
kick,2026-10-02,streamer-daily,0.000,7,false
kick,2026-10-02,buckshot-roulette,0.000,13,false
kick,2026-10-02,strikers-club,0.000,12,false
kick,2026-10-02,blasphemous,0.000,6,false
kick,2026-10-02,god-of-war:-ascension,0.000,6,false
kick,2026-10-02,assassin's-creed-iii,0.000,5,false
kick,2026-10-02,dragon-ball-sparking-zero,0.000,15,false
kick,2026-10-02,poppy-playtime,0.000,10,false
kick,2026-10-02,Clone-Hero,0.000,11,false
kick,2026-10-02,the-lord-of-the-rings-online,0.000,6,false
kick,2026-10-02,hytale,0.000,14,false
kick,2026-10-02,the-binding-of-isaac:rebirth,0.000,5,false
kick,2026-10-02,gangstar-mirage-city,0.000,15,false
kick,2026-10-02,rise-of-the-tomb-raider,0.000,12,false
kick,2026-10-02,blair-witch,0.000,8,false
kick,2026-10-02,subnautica,0.000,10,false
kick,2026-10-02,fears-to-fathom-scratch-creek,0.000,7,false
kick,2026-10-02,police-chief-simulator,0.000,8,false
kick,2026-10-02,plateup!,0.000,10,false
kick,2026-10-02,efootball-2024,0.000,16,false
kick,2026-10-02,metro-exodus,0.000,8,false
kick,2026-10-02,plants-vs.-zombies,0.000,10,false
kick,2026-10-02,panicore,0.000,6,false
kick,2026-10-02,need-for-speed:-underground,0.000,5,false
kick,2026-10-02,hell-let-loose-vietnam,0.000,7,false
kick,2026-10-02,devil-may-cry-5,0.000,8,false
kick,2026-10-02,shadow-of-the-tomb-raider,0.000,11,false
kick,2026-10-02,forza-motorsport-2023,0.000,5,false
kick,2026-10-02,dead-space-2023,0.000,8,false
kick,2026-10-02,Hades,0.000,11,false
kick,2026-10-02,borderlands-4,0.000,12,false
kick,2026-10-02,crash-bandacoot-4:-it's-about-time,0.000,6,false
kick,2026-10-02,planet-crafter,0.000,13,false
kick,2026-10-02,resident-evil-2-1998,0.000,5,false
kick,2026-10-02,off-the-grid--1,0.000,8,false
kick,2026-10-02,dragons-dogma-ii,0.000,7,false
kick,2026-10-02,final-fantasy-xv,0.000,5,false
kick,2026-10-02,dead-space,0.000,11,false
kick,2026-10-02,batman:-arkham-knight,0.000,13,false
kick,2026-10-02,far-cry-5,0.000,11,false
kick,2026-10-02,star-wars-the-old-republic,0.000,8,false
kick,2026-10-02,starfield,0.000,6,false
kick,2026-10-02,pokemon-pokopia,0.000,7,false
kick,2026-10-02,disney-dreamlight-valley,0.000,8,false
kick,2026-10-02,fifa-23,0.000,6,false
kick,2026-10-02,guild-wars-2,0.000,16,false
kick,2026-10-02,a-quiet-place-the-road-ahead,0.000,5,false
kick,2026-10-02,crime-simulator,0.000,7,false
kick,2026-10-02,anime-shop-simulator,0.000,7,false
kick,2026-10-02,hell-let-loose,0.000,14,false
kick,2026-10-02,the-long-dark,0.000,9,false
kick,2026-10-02,need-for-speed-heat,0.000,9,false
kick,2026-10-02,marvel-tokon-fighting-souls,0.000,7,false
kick,2026-10-02,assassin's-creed-unity,0.000,6,false
kick,2026-10-02,nintendo-switch,0.000,5,false
kick,2026-10-02,scrap-mechanic,0.000,5,false
kick,2026-10-02,dota,0.000,7,false
kick,2026-10-02,megastore-tidy-up-together,0.000,5,false
kick,2026-10-02,dark-orbit,0.000,5,false
kick,2026-10-02,rules-of-survival,0.000,6,false
kick,2026-10-02,valorant-mobile,0.000,16,false
kick,2026-10-02,san-andreas-multiplayer,0.000,11,false
kick,2026-10-02,Undertale,0.000,16,false
kick,2026-10-02,3d-modeling,0.000,6,false
kick,2026-10-02,stalker-2-heart-of-chornobyl,0.000,9,false
kick,2026-10-02,heroes-of-might-and-magic-iii:-horn-of-the-abyss,0.000,5,false
kick,2026-10-02,enlisted,0.000,9,false
kick,2026-10-02,content-warning,0.000,10,false
kick,2026-10-02,tarot,0.000,5,false
kick,2026-10-02,keep-it-up--2,0.000,5,false
kick,2026-10-02,age-of-empires-ii,0.000,7,false
kick,2026-10-02,little-nightmares,0.000,6,false
kick,2026-10-02,dragon-ball-gekishin-squadra,0.000,7,false
kick,2026-10-02,sand-raiders-of-sophie,0.000,6,false
kick,2026-10-02,crime-scene-cleaner,0.000,6,false
kick,2026-10-02,resident-evil-0,0.000,7,false
kick,2026-10-02,sackboy-a-big-adventure,0.000,6,false
kick,2026-10-02,contractville,0.000,6,false
kick,2026-10-02,dead-island-2,0.000,5,false
kick,2026-10-02,quarantine-zone-the-last-check,0.000,9,false
kick,2026-10-02,yu-gi-oh-duel-links,0.000,9,false
kick,2026-10-02,live-a-live,0.000,6,false
kick,2026-10-02,final-fantasy-vii-rebirth,0.000,10,false
kick,2026-10-02,kingdom-hearts,0.000,5,false
kick,2026-10-02,borderlands-2,0.000,12,false
kick,2026-10-02,five-nights-at-freddy's-2,0.000,7,false
kick,2026-10-02,amnesia:-the-dark-descent,0.000,5,false
kick,2026-10-02,liars-bar,0.000,5,false
kick,2026-10-02,atomic-heart,0.000,5,false
kick,2026-10-02,assetto-corsa-rally,0.000,5,false
kick,2026-10-02,retrospace,0.000,7,false
kick,2026-10-02,monster-hunter-rise,0.000,8,false
kick,2026-10-02,card-shop-simulator-multiplayer,0.000,5,false
kick,2026-10-02,Dark-Souls,0.000,11,false
kick,2026-10-02,arknights-endfield,0.000,13,false
kick,2026-10-02,farming-simulator-22,0.000,7,false
kick,2026-10-02,blackwood,0.000,8,false
kick,2026-10-02,arma-3,0.000,11,false
kick,2026-10-02,mistfall-hunter,0.000,11,false
kick,2026-10-02,beyond:-two-souls,0.000,6,false
kick,2026-10-02,halo-campaign-evolved,0.000,11,false
kick,2026-10-02,dark-and-darker,0.000,9,false
kick,2026-10-02,little-nightmares-II,0.000,9,false
kick,2026-10-02,half-life-2,0.000,10,false
kick,2026-10-02,goddess-of-victory:-nikke,0.000,5,false
kick,2026-10-02,umamusume-pretty-derby,0.000,8,false
kick,2026-10-02,watch-dogs-2,0.000,6,false
kick,2026-10-02,asphalt-9-legends,0.000,6,false
kick,2026-10-02,path-of-titans,0.000,7,false
kick,2026-10-02,magic-chess-go-go,0.000,7,false
kick,2026-10-02,Diablo-II,0.000,6,false
kick,2026-10-02,welcome-to-elderfield,0.000,7,false
kick,2026-10-02,v-rising,0.000,9,false
kick,2026-10-02,onestate,0.000,8,false
kick,2026-10-02,the-hunter-call-of-the-wild,0.000,8,false
kick,2026-10-02,lords-of-the-fallen,0.000,6,false
kick,2026-10-02,openfront,0.000,5,false
kick,2026-10-02,funnel-runners,0.000,5,false
kick,2026-10-02,star-wars-zero-company,0.000,8,false
kick,2026-10-02,world-war-z,0.000,13,false
kick,2026-10-02,watchdogs,0.000,10,false
kick,2026-10-02,a-plague-tale-innocence,0.000,10,false
kick,2026-10-02,factorio,0.000,9,false
kick,2026-10-02,payday-2,0.000,9,false
kick,2026-10-02,fragpunk,0.000,10,false
kick,2026-10-02,"Warhammer-40,000:-Darktide",0.000,13,false
kick,2026-10-02,medieval-dynasty,0.000,6,false
kick,2026-10-02,raceroom-racing-experience,0.000,5,false
kick,2026-10-02,friday-night-funkin',0.000,8,false
kick,2026-10-02,remnant-ii,0.000,6,false
kick,2026-10-02,marvel-snap,0.000,5,false
kick,2026-10-02,Microsoft-Flight-Simulator,0.000,8,false
kick,2026-10-02,pokemmo,0.000,8,false
kick,2026-10-02,the-evil-within,0.000,9,false
kick,2026-10-02,Jackbox-Party-Packs,0.000,5,false
kick,2026-10-02,Need-for-Speed-Unbound,0.000,6,false
kick,2026-10-02,goals,0.000,8,false
kick,2026-10-02,remnant:from-the-ashes,0.000,5,false
kick,2026-10-02,sonic-racing-crossworlds,0.000,7,false
kick,2026-10-02,fifa-14,0.000,5,false
kick,2026-10-02,call-of-duty:-modern-warfare-2,0.000,7,false
kick,2026-10-02,payday-3,0.000,6,false
kick,2026-10-02,bully:-scholarship-edition,0.000,8,false
kick,2026-10-02,Lost-Ark,0.000,6,false
kick,2026-10-02,metalstorm,0.000,5,false
kick,2026-10-02,welcome-to-the-game-ii,0.000,8,false
kick,2026-10-02,conquerors-blade,0.000,7,false
kick,2026-10-02,world-of-tanks-heat,0.000,5,false
kick,2026-10-02,naraka:-bladepoint,0.000,9,false
kick,2026-10-02,resident-evil-directors-cut,0.000,6,false
kick,2026-10-02,overcooked-2,0.000,8,false
kick,2026-10-02,age-of-empires-iii:-definitive-edition,0.000,5,false
kick,2026-10-02,miside,0.000,8,false
kick,2026-10-02,doom-eternal,0.000,5,false
kick,2026-10-02,escape-from-tarkov-arena,0.000,9,false
kick,2026-10-02,dead-space-2,0.000,6,false
kick,2026-10-02,insurgency:-sandstorm,0.000,5,false
kick,2026-10-02,celeste,0.000,6,false
kick,2026-10-02,the-walking-dead:-season-one,0.000,6,false
kick,2026-10-02,spider-man-2,0.000,5,false
kick,2026-10-02,carx-drift-racing-online,0.000,6,false
kick,2026-10-02,dead-cells,0.000,5,false
kick,2026-10-02,the-seven-deadly-sins-grand-cross,0.000,5,false
kick,2026-10-02,assassin's-creed-ii,0.000,6,false
kick,2026-10-02,graphic-design,0.000,7,false
kick,2026-10-02,lego-batman-legacy-of-the-dark-knight,0.000,5,false
kick,2026-10-02,gears-of-war-2,0.000,5,false
kick,2026-10-02,life-is-strange-remastered,0.000,5,false
kick,2026-10-02,minecraft:-legends,0.000,6,false
kick,2026-10-02,dragon-ball-xenoverse-2,0.000,5,false
kick,2026-10-02,aliens-fireteam-elite-2,0.000,5,false
kick,2026-10-02,bigfoot,0.000,6,false
kick,2026-10-02,one-armed-robber,0.000,6,false
kick,2026-10-02,star-wars-outlaws,0.000,5,false
kick,2026-10-02,amnesia:-the-bunker,0.000,5,false
kick,2026-10-02,a-plague-tale:-requiem,0.000,7,false
kick,2026-10-02,fears-to-fathom-home-alone,0.000,5,false
kick,2026-10-02,Marvel's-Spider-Man,0.000,5,false
kick,2026-10-02,pokemon-anil,0.000,7,false
kick,2026-10-02,dragon-ball-z:-budokai-tenkaichi-3,0.000,5,false
kick,2026-10-02,marvel-contest-of-champions,0.000,5,false
kick,2026-10-02,getting-over-it-with-bennett-foddy,0.000,5,false
kick,2026-10-02,tom-clancys-rainbow-six-take-down-–-missions-in-korea,0.000,7,false
kick,2026-10-02,multi-theft-auto,0.000,6,false
kick,2026-10-02,dragonsword-awakening,0.000,5,false
kick,2026-10-02,the-other-side,0.000,5,false
kick,2026-10-02,mx-bikes,0.000,7,false
kick,2026-10-02,silent-hill-f,0.000,7,false
kick,2026-10-02,dispatch--3,0.000,7,false
kick,2026-10-02,sleeping-dogs-definitive-edition,0.000,7,false
kick,2026-10-02,wizard101,0.000,5,false
kick,2026-10-02,mega-quiz-gaming,0.000,9,false
kick,2026-10-02,Star-Wars-Battlefront-II,0.000,9,false
kick,2026-10-02,subway-surfers,0.000,6,false
kick,2026-10-02,gears-of-war-reloaded,0.000,6,false
kick,2026-10-02,black-mesa,0.000,5,false
kick,2026-10-02,ran-online,0.000,5,false
kick,2026-10-02,darts,0.000,5,false
kick,2026-10-02,Diablo-Immortal,0.000,8,false
kick,2026-10-02,final-fantasy-iii,0.000,5,false
kick,2026-10-02,limbus-company,0.000,6,false
kick,2026-10-02,star-wars-jedi:-survivor,0.000,5,false
kick,2026-10-02,battlefield-4,0.000,5,false
kick,2026-10-02,warface,0.000,5,false
kick,2026-10-02,disney-speedstorm,0.000,5,false
kick,2026-10-02,system-shock,0.000,5,false
kick,2026-10-02,Mario-Kart-8-Deluxe,0.000,5,false
kick,2026-10-02,balatro,0.000,6,false
kick,2026-10-02,mortal-kombat-11,0.000,6,false
kick,2026-10-02,call-of-duty-warzone-mobile,0.000,7,false
kick,2026-10-02,moonlighter-2-the-endless-vault,0.000,5,false
kick,2026-10-02,comedy-night,0.000,6,false
kick,2026-10-02,choo-choo-charles,0.000,6,false
kick,2026-10-02,call-of-duty:-wwii,0.000,6,false
kick,2026-10-02,five-nights-at-freddys-into-the-pit,0.000,5,false
kick,2026-10-02,hill-climb-racing,0.000,5,false
kick,2026-10-02,gym-nights,0.000,6,false
kick,2026-10-02,pokemon-platinum,0.000,6,false
kick,2026-10-02,donkey-kong-bananza,0.000,5,false
kick,2026-10-02,get-to-work,0.000,5,false
kick,2026-10-02,call-of-duty-online,0.000,5,false
kick,2026-10-02,(other: 2287 categories with fewer than 5 channels),0.798,,false
twitch,week,Just Chatting,9.348,1008,false
twitch,week,Grand Theft Auto V,5.339,555,false
twitch,week,VALORANT,3.837,682,false
twitch,week,World of Warcraft,3.807,436,false
twitch,week,IRL,3.554,700,false
twitch,week,League of Legends,3.451,459,false
twitch,week,Dota 2,3.391,607,false
twitch,week,Fortnite,3.318,866,false
twitch,week,Apex Legends,2.934,627,false
twitch,week,EA Sports FC 27,2.798,506,false
twitch,week,Rust,2.593,321,false
twitch,week,Counter-Strike,2.349,956,false
twitch,week,Minecraft,1.829,1040,false
twitch,week,AION 2,1.736,562,false
twitch,week,WARDOGS,1.579,563,false
twitch,week,Slots,1.183,689,true
twitch,week,Overwatch,1.141,669,false
twitch,week,Special Events,1.038,802,false
twitch,week,Deadlock,0.947,668,false
twitch,week,Teamfight Tactics,0.947,577,false
twitch,week,Valheim,0.907,692,false
twitch,week,Always On,0.882,129,false
twitch,week,World of Tanks,0.872,595,false
twitch,week,The Witcher 3: Wild Hunt Remastered,0.848,534,false
twitch,week,Rainbow Six Siege,0.845,935,false
twitch,week,SILENT HILL: townfall,0.757,994,false
twitch,week,Marvel Rivals,0.715,677,false
twitch,week,Escape from Tarkov,0.676,637,false
twitch,week,ASMR,0.649,608,false
twitch,week,Dead by Daylight,0.646,797,false
twitch,week,Call of Duty: Warzone,0.633,491,false
twitch,week,Sports,0.618,1020,false
twitch,week,Minecraft Dungeons II,0.612,686,false
twitch,week,Hearthstone,0.601,609,false
twitch,week,Rocket League,0.561,1142,false
twitch,week,Gears of War: E-Day,0.554,375,false
twitch,week,I'm Only Sleeping,0.516,363,false
twitch,week,Tibia,0.476,380,false
twitch,week,PUBG: BATTLEGROUNDS,0.455,860,false
twitch,week,Heroes of the Storm,0.432,754,false
twitch,week,DJs,0.405,1006,false
twitch,week,Delta Force,0.396,704,false
twitch,week,Music,0.396,1151,false
twitch,week,NBA 2K27,0.386,485,false
twitch,week,Z1: Battle Royale,0.384,816,false
twitch,week,Street Fighter 6,0.382,1039,false
twitch,week,Pokémon FireRed/LeafGreen,0.374,808,false
twitch,week,Aniimo,0.368,830,false
twitch,week,CONTROL Resonant,0.367,665,false
twitch,week,Games + Demos,0.363,1924,false
twitch,week,ARC Raiders,0.361,525,false
twitch,week,Among Us,0.354,2190,false
twitch,week,Retro,0.347,708,false
twitch,week,Albion Online,0.341,391,false
twitch,week,Arena Breakout: Infinite,0.335,426,false
twitch,week,Black Desert,0.331,411,false
twitch,week,ELDEN RING,0.324,921,false
twitch,week,"Animals, Aquariums, and Zoos",0.311,82,false
twitch,week,Graveyard Keeper II,0.294,937,false
twitch,week,Escape from Tarkov: Arena,0.293,629,false
twitch,week,Diablo IV,0.288,651,false
twitch,week,Old School RuneScape,0.285,638,false
twitch,week,Crypto,0.284,385,false
twitch,week,Poker,0.275,621,true
twitch,week,Fire Emblem: Fortune's Weave,0.269,725,false
twitch,week,Art,0.269,1121,false
twitch,week,Genshin Impact,0.264,1005,false
twitch,week,VRChat,0.261,1194,false
twitch,week,ACE COMBAT 8: WINGS OF THEVE,0.258,658,false
twitch,week,Grand Theft Auto: San Andreas,0.257,1229,false
twitch,week,Total War: WARHAMMER III,0.251,795,false
twitch,week,Heroes of Might and Magic III: The Restoration of Erathia,0.240,287,false
twitch,week,Virtual Casino,0.239,298,true
twitch,week,The Witcher 3: Wild Hunt,0.236,1377,false
twitch,week,Talk Shows & Podcasts,0.235,1100,false
twitch,week,ROBLOX,0.233,2046,false
twitch,week,Pokémon Champions,0.229,1293,false
twitch,week,Project Zomboid,0.223,797,false
twitch,week,Warframe,0.221,767,false
twitch,week,DayZ,0.214,674,false
twitch,week,Watch Your Plastic Duck,0.192,40,false
twitch,week,Magic: The Gathering,0.191,988,false
twitch,week,"Pools, Hot Tubs, and Beaches",0.187,393,false
twitch,week,Big Walk,0.187,1715,false
twitch,week,FINAL FANTASY XIV ONLINE,0.184,955,false
twitch,week,Age of Empires II,0.183,765,false
twitch,week,Chess,0.175,1128,false
twitch,week,Mobile Legends: Bang Bang,0.169,683,false
twitch,week,Clash Royale,0.167,1609,false
twitch,week,Halloween: The Game,0.165,1354,false
twitch,week,Madden NFL 27,0.156,1784,false
twitch,week,Tom Clancy's The Division 2,0.153,676,false
twitch,week,Marbles on Stream,0.150,982,false
twitch,week,Destiny 2,0.147,702,false
twitch,week,Trackmania,0.144,714,false
twitch,week,The Blood of Dawnwalker,0.141,1111,false
twitch,week,Red Dead Redemption II,0.141,971,false
twitch,week,Hunt: Showdown 1896,0.141,853,false
twitch,week,Star Citizen,0.140,610,false
twitch,week,Fall Guys,0.138,1850,false
twitch,week,Path of Exile 2,0.137,499,false
twitch,week,Software and Game Development,0.135,882,false
twitch,week,Palia,0.135,861,false
twitch,week,Terraria,0.133,1599,false
twitch,week,Slay the Spire II,0.129,1614,false
twitch,week,Call of Duty: Black Ops 7,0.127,913,false
twitch,week,RuneScape: Dragonwilds,0.125,1101,false
twitch,week,ARK: Survival Ascended,0.125,758,false
twitch,week,Super Mario Maker 2,0.123,427,false
twitch,week,Honkai: Star Rail,0.122,1747,false
twitch,week,BOMBANANA!,0.116,2176,false
twitch,week,Sea of Thieves,0.114,835,false
twitch,week,Phasmophobia,0.113,1839,false
twitch,week,NTE: Neverness to Everness,0.112,1659,false
twitch,week,Warcraft III,0.109,837,false
twitch,week,nanos world,0.109,159,false
twitch,week,Dungeons & Dragons,0.108,1210,false
twitch,week,MECCHA CHAMELEON,0.104,2130,false
twitch,week,Knight Online,0.104,353,false
twitch,week,Pokémon Trading Card Game,0.102,973,false
twitch,week,PEAK,0.099,2558,false
twitch,week,"Warhammer 40,000: Space Marine II",0.099,1549,false
twitch,week,The Isle,0.099,884,false
twitch,week,Don't Drop The Cake,0.096,139,false
twitch,week,iRacing,0.096,1105,false
twitch,week,SMITE 2,0.094,871,false
twitch,week,Food & Drink,0.094,835,false
twitch,week,Science & Technology,0.094,435,false
twitch,week,The Binding of Isaac: Repentance,0.093,1700,false
twitch,week,Dark Souls: Remastered,0.093,1378,false
twitch,week,Geometry Dash,0.093,1907,false
twitch,week,MARVEL SNAP,0.093,325,false
twitch,week,TEKKEN 8,0.089,1233,false
twitch,week,THE FINALS,0.089,1105,false
twitch,week,Super Mario 64,0.086,883,false
twitch,week,MapleStory,0.086,536,false
twitch,week,Pokémon HeartGold/SoulSilver,0.084,466,false
twitch,week,Battlefield 6,0.082,1082,false
twitch,week,Dofus,0.081,506,false
twitch,week,Co-working & Studying,0.080,873,false
twitch,week,EVE Online,0.079,317,false
twitch,week,Yu-Gi-Oh! Master Duel,0.078,1335,false
twitch,week,Where Winds Meet,0.077,1001,false
twitch,week,League of Legends: Wild Rift,0.077,782,false
twitch,week,The Elder Scrolls V: Skyrim - Special Edition,0.075,846,false
twitch,week,osu!,0.074,2143,false
twitch,week,DRAGON QUEST VII Reimagined,0.074,109,false
twitch,week,Eternal Return,0.072,519,false
twitch,week,Baldur's Gate 3,0.071,1482,false
twitch,week,Jinro Metropolis,0.071,69,false
twitch,week,Pokémon,0.070,819,false
twitch,week,Pokémon GO,0.069,557,false
twitch,week,Kingdom Hearts HD 1.5 + 2.5 ReMIX,0.068,1282,false
twitch,week,Mimic Party,0.068,1327,false
twitch,week,DARK SOULS III,0.066,1356,false
twitch,week,Once Human,0.066,891,false
twitch,week,Hollow Knight: Silksong,0.065,1347,false
twitch,week,F1 25,0.064,2265,false
twitch,week,DARK SOULS II: Scholar of the First Sin,0.064,1102,false
twitch,week,Clair Obscur: Expedition 33,0.064,1270,false
twitch,week,Zenless Zone Zero,0.064,1992,false
twitch,week,Dune: Awakening,0.063,882,false
twitch,week,Guild Wars 2,0.063,832,false
twitch,week,Shakes and Fidget,0.062,102,false
twitch,week,How to Fish,0.062,2441,false
twitch,week,Brawl Stars,0.060,1493,false
twitch,week,The Sims 4,0.060,1384,false
twitch,week,Mario Kart World,0.059,1260,false
twitch,week,War Thunder,0.059,1286,false
twitch,week,Rise Online,0.059,126,false
twitch,week,American Truck Simulator,0.059,1403,false
twitch,week,RuneScape,0.057,435,false
twitch,week,Farming Simulator 25,0.057,1117,false
twitch,week,ELDEN RING NIGHTREIGN,0.057,1066,false
twitch,week,STALZONE,0.057,753,false
twitch,week,The Elder Scrolls Online,0.057,909,false
twitch,week,Romancing SaGa 3,0.056,14,false
twitch,week,Super Smash Bros. Ultimate,0.056,1439,false
twitch,week,RimWorld,0.054,698,false
twitch,week,MLB The Show 26,0.053,1663,false
twitch,week,Jackbox Party Packs,0.052,1046,false
twitch,week,Lost Ark,0.052,437,false
twitch,week,Persona 5 Royal,0.052,1135,false
twitch,week,Halo Infinite,0.052,1143,false
twitch,week,Call of Duty: Black Ops II,0.052,2055,false
twitch,week,EA Sports FC 26,0.051,1824,false
twitch,week,Pokémon Community Game,0.051,331,false
twitch,week,Cyberpunk 2077,0.050,1525,false
twitch,week,RESIDENT EVIL: requiem,0.050,1604,false
twitch,week,Diablo II: Resurrected,0.049,669,false
twitch,week,Mortal Shell II,0.048,1190,false
twitch,week,Stardew Valley,0.048,1806,false
twitch,week,GeoGuessr,0.048,1534,false
twitch,week,Le Mans Ultimate,0.048,1016,false
twitch,week,Active Matter,0.048,266,false
twitch,week,R.E.P.O.,0.048,2468,false
twitch,week,HELLDIVERS 2,0.047,1465,false
twitch,week,theHunter: Call of the Wild,0.047,1201,false
twitch,week,Riftbound,0.046,264,false
twitch,week,Dark and Darker,0.046,573,false
twitch,week,Microsoft Flight Simulator 2024,0.046,982,false
twitch,week,Euro Truck Simulator 2,0.046,1576,false
twitch,week,Grand Theft Auto IV,0.045,1210,false
twitch,week,Makers & Crafting,0.045,1056,false
twitch,week,Lethal Company,0.044,1508,false
twitch,week,Happy Wheels,0.044,706,false
twitch,week,No Man's Sky,0.043,1227,false
twitch,week,Garry's Mod,0.042,690,false
twitch,week,REMATCH,0.042,1938,false
twitch,week,Anime Squad,0.041,220,false
twitch,week,Fallout 76,0.040,1107,false
twitch,week,Animal Crossing: New Horizons,0.040,682,false
twitch,week,The Elder Scrolls V: Skyrim,0.040,1539,false
twitch,week,Shift at Midnight,0.039,1908,false
twitch,week,Politics,0.039,310,false
twitch,week,RESIDENT EVIL 7 biohazard,0.039,1681,false
twitch,week,Kings League,0.039,35,false
twitch,week,007 First Light,0.038,1220,false
twitch,week,The Legend of Zelda: Majora's Mask,0.038,583,false
twitch,week,Palworld,0.038,1610,false
twitch,week,Marathon,0.038,832,false
twitch,week,Hollow Knight,0.038,1634,false
twitch,week,MARVEL TŌKON: Fighting Souls,0.038,879,false
twitch,week,My Hero Ultra Rumble,0.037,1204,false
twitch,week,Pokémon Emerald Version,0.037,740,false
twitch,week,Miniatures & Models,0.036,887,false
twitch,week,Sort Them Ducks,0.036,377,false
twitch,week,Balatro,0.035,1051,false
twitch,week,NARAKA: BLADEPOINT,0.035,649,false
twitch,week,I Know a Guy,0.035,339,false
twitch,week,Football Manager 26,0.034,449,false
twitch,week,Lies of P,0.034,1054,false
twitch,week,Control,0.034,1085,false
twitch,week,TCG Card Shop Simulator,0.034,1336,false
twitch,week,Summoners War: Sky Arena,0.034,204,false
twitch,week,A Weird Game About Sausage,0.034,350,false
twitch,week,Path of Exile,0.034,509,false
twitch,week,Shiren the Wanderer: The Mystery Dungeon of Serpentcoil Island,0.033,138,false
twitch,week,Age of Empires IV,0.033,464,false
twitch,week,Machine Party,0.033,757,false
twitch,week,Casino Simulator 2024,0.033,207,false
twitch,week,Heavy Rain,0.033,271,false
twitch,week,Call of Duty,0.033,2051,false
twitch,week,Resident Evil Village,0.033,1732,false
twitch,week,Call of Duty: Black Ops,0.033,1363,false
twitch,week,Kingdom Come: Deliverance II,0.033,911,false
twitch,week,Gakuen iDOLM@STER,0.032,57,false
twitch,week,Super Smash Bros. Melee,0.032,548,false
twitch,week,Super Mario Odyssey,0.032,419,false
twitch,week,FINAL FANTASY VII,0.032,394,false
twitch,week,eFootball,0.032,2109,false
twitch,week,Dragon Ball Z: Dokkan Battle,0.031,331,false
twitch,week,Fears to Fathom - Scratch Creek,0.031,381,false
twitch,week,Pokémon UNITE,0.031,813,false
twitch,week,The Legend of Zelda: Breath of the Wild,0.031,808,false
twitch,week,Shadowverse: Worlds Beyond,0.030,484,false
twitch,week,Black Russia,0.030,292,false
twitch,week,WWE 2K26,0.030,1784,false
twitch,week,EA Sports College Football 27,0.030,4226,false
twitch,week,Heroes of Might & Magic: Olden Era,0.029,161,false
twitch,week,The Last of Us Part II Remastered,0.029,1598,false
twitch,week,Metaphor: ReFantazio,0.029,412,false
twitch,week,Super Mario World,0.029,493,false
twitch,week,BanG Dream! Our Notes,0.029,154,false
twitch,week,The Legend of Zelda: Twilight Princess,0.028,802,false
twitch,week,Call of Duty: Black Ops III,0.028,2159,false
twitch,week,For Honor,0.028,1582,false
twitch,week,The Bazaar,0.027,122,false
twitch,week,FTL: Faster Than Light,0.026,99,false
twitch,week,Fate/Grand Order,0.026,181,false
twitch,week,Star Wars Zero Company,0.025,1007,false
twitch,week,Gartic Phone,0.025,1430,false
twitch,week,Forza Horizon 6,0.025,1982,false
twitch,week,Halo: The Master Chief Collection,0.024,1226,false
twitch,week,Kingdom Hearts II Final Mix,0.023,92,false
twitch,week,Super Battle Golf,0.023,824,false
twitch,week,The Outlast Trials,0.023,2055,false
twitch,week,The Legend of Zelda: A Link to the Past,0.022,623,false
twitch,week,Lego & Brickbuilding,0.022,551,false
twitch,week,Animaly Bar: NO HUMANITY!,0.022,198,false
twitch,week,Golf With Your Friends,0.022,1051,false
twitch,week,Pokémon Pokopia,0.022,832,false
twitch,week,Normal Golf Game,0.022,180,false
twitch,week,Dark Souls II,0.022,202,false
twitch,week,Tomodachi Life: Living the Dream,0.022,998,false
twitch,week,Resonance: A Plague Tale Legacy,0.021,1065,false
twitch,week,FINAL FANTASY XI ONLINE,0.021,253,false
twitch,week,Pokémon Legends: Z-A,0.021,744,false
twitch,week,The Legend of Zelda: Tears of the Kingdom,0.021,663,false
twitch,week,Dragon's Dogma II,0.021,607,false
twitch,week,Darkest Dungeon,0.020,365,false
twitch,week,Call of Duty: Modern Warfare III,0.020,2190,false
twitch,week,FINAL FANTASY X,0.020,380,false
twitch,week,the cabin game,0.020,375,false
twitch,week,POOL LOOP,0.020,72,false
twitch,week,Pogostuck: Rage With Your Friends,0.020,173,false
twitch,week,Backrooms: Code Yellow,0.020,126,false
twitch,week,Fallout 4,0.020,1234,false
twitch,week,Mistfall Hunter,0.019,499,false
twitch,week,Dragon Quest Heroes: Torneko's Mystery Dungeon Classic HD,0.019,305,false
twitch,week,The Quarry,0.019,835,false
twitch,week,Ready or Not,0.019,2303,false
twitch,week,LEGO Batman: Legacy of the Dark Knight,0.019,623,false
twitch,week,HλLF-LIFE,0.019,252,false
twitch,week,God of War Ragnarök,0.019,1560,false
twitch,week,Left 4 Dead 2,0.019,1819,false
twitch,week,Streamer Life Simulator 2,0.019,64,false
twitch,week,SILENT HILL ƒ,0.019,1053,false
twitch,week,Resident Evil 3,0.018,1457,false
twitch,week,DRAGON BALL GEKISHIN SQUADRA,0.018,885,false
twitch,week,Diablo III,0.018,249,false
twitch,week,The Last of Us Part I,0.017,1681,false
twitch,week,The Choicer Voicer,0.017,507,false
twitch,week,Mario Kart 8 Deluxe,0.017,1022,false
twitch,week,Team Fortress 2,0.017,1264,false
twitch,week,God of War,0.017,1231,false
twitch,week,Mahjong Soul,0.017,724,false
twitch,week,F.E.A.R.,0.017,94,false
twitch,week,Watch_Dogs,0.016,476,false
twitch,week,Clash of Clans,0.016,477,false
twitch,week,Liar's Bar,0.016,288,false
twitch,week,PlateUp!,0.016,538,false
twitch,week,Raid: Shadow Legends,0.016,184,false
twitch,week,Resident Evil 2,0.016,1626,false
twitch,week,FINAL FANTASY XVI,0.016,758,false
twitch,week,Deltarune,0.016,1334,false
twitch,week,The Walking Dead,0.016,680,false
twitch,week,Super Metroid,0.016,300,false
twitch,week,Escape the Backrooms,0.016,2210,false
twitch,week,Rehaunted,0.016,325,false
twitch,week,Walk of Life,0.015,42,false
twitch,week,Kukoro: Stream Chat Games,0.015,193,false
twitch,week,Vintage Story,0.015,437,false
twitch,week,Diablo II,0.015,135,false
twitch,week,Subnautica,0.015,847,false
twitch,week,FINAL FANTASY VII REMAKE,0.015,1051,false
twitch,week,Gran Turismo 7,0.014,1927,false
twitch,week,Resident Evil 4,0.014,2026,false
twitch,week,They Are Billions,0.014,72,false
twitch,week,Schedule I,0.014,1312,false
twitch,week,Endacopia,0.014,447,false
twitch,week,Pokémon Platinum Version,0.014,367,false
twitch,week,Mario Kart Wii,0.014,522,false
twitch,week,Super Mario Bros. 3,0.014,101,false
twitch,week,WarCraft II: Tides of Darkness,0.014,14,false
twitch,week,Resident Evil 6,0.014,1163,false
twitch,week,Heroes of Newerth Reborn,0.014,86,false
twitch,week,Sid Meier's Civilization VI,0.014,345,false
twitch,week,Pokémon Crystal Version,0.014,157,false
twitch,week,New World: Aeternum,0.014,145,false
twitch,week,Microscape,0.014,47,false
twitch,week,FINAL FANTASY VII REBIRTH,0.013,927,false
twitch,week,Avatar Legends: The Fighting Game,0.013,460,false
twitch,week,Free Fire,0.013,1818,false
twitch,week,Out of the Park Baseball 27,0.013,35,false
twitch,week,Tomb Raider I•II•III Remastered,0.013,351,false
twitch,week,Portal 2,0.013,586,false
twitch,week,Umamusume: Pretty Derby,0.013,633,false
twitch,week,Life Is Strange,0.013,345,false
twitch,week,Writing & Reading,0.013,591,false
twitch,week,Grand Theft Auto: Vice City,0.013,390,false
twitch,week,Raft,0.013,970,false
twitch,week,Dark Souls,0.013,229,false
twitch,week,Blue Prince,0.012,418,false
twitch,week,Assassin's Creed Black Flag Resynced,0.012,1337,false
twitch,week,Pokémon Scarlet/Violet,0.012,570,false
twitch,week,Minecraft Dungeons,0.012,1213,false
twitch,week,Europa Universalis V,0.012,84,false
twitch,week,Pokémon X/Y,0.012,152,false
twitch,week,Gwent: The Witcher Card Game,0.012,102,false
twitch,week,House 2,0.012,58,false
twitch,week,Path of Titans,0.012,885,false
twitch,week,GUILTY GEAR -STRIVE-,0.012,730,false
twitch,week,Beat Saber,0.012,870,false
twitch,week,Crimson Desert,0.012,955,false
twitch,week,Pokémon Black/White,0.012,227,false
twitch,week,Fitness & Health,0.011,471,false
twitch,week,Mortal Kombat 1,0.011,1587,false
twitch,week,Sid Meier's Civilization V,0.011,118,false
twitch,week,Legend of YMIR,0.011,56,false
twitch,week,Disciples II: Rise of the Elves,0.011,40,false
twitch,week,lily's world XD,0.011,227,false
twitch,week,Party Animals,0.011,990,false
twitch,week,ARK: Survival Evolved,0.011,864,false
twitch,week,Blue Protocol: Star Resonance,0.011,107,false
twitch,week,Pummel Party,0.011,520,false
twitch,week,GRAIN ROT,0.011,522,false
twitch,week,Risk of Rain 2,0.011,979,false
twitch,week,Board Games,0.011,255,false
twitch,week,Call of Duty: Black Ops 6,0.011,1083,false
twitch,week,FINAL FANTASY IX,0.011,253,false
twitch,week,Dying Light,0.011,1254,false
twitch,week,The Legend of Zelda: The Wind Waker HD,0.011,156,false
twitch,week,Sonic Racing: CrossWorlds,0.011,804,false
twitch,week,Clone Hero,0.011,754,false
twitch,week,The Sinking City 2,0.011,192,false
twitch,week,The Elder Scrolls IV: Oblivion Remastered,0.011,413,false
twitch,week,Star Fox Adventures,0.010,144,false
twitch,week,Dead Space,0.010,603,false
twitch,week,The Legend of Zelda: The Wind Waker,0.010,337,false
twitch,week,Lycans,0.010,43,false
twitch,week,Magical Girl Witch Trials,0.010,126,false
twitch,week,Shelves and Sorcery: Tidy Up the Enchanted Shop,0.010,71,false
twitch,week,Chained Together,0.010,661,false
twitch,week,Graveyard Keeper,0.010,608,false
twitch,week,Grounded,0.010,957,false
twitch,week,Resident Evil 5,0.010,1011,false
twitch,week,NBA 2K26,0.010,1987,false
twitch,week,Magic Chess: Go Go,0.009,99,false
twitch,week,Pokémon Sword/Shield,0.009,437,false
twitch,week,Gears 5,0.009,1171,false
twitch,week,Super Mario Sunshine,0.009,274,false
twitch,week,Fallout: New Vegas,0.009,602,false
twitch,week,Anime Shop Simulator ✨,0.009,531,false
twitch,week,Super Mario Party Jamboree,0.009,238,false
twitch,week,Star Trek Fleet Command,0.009,121,false
twitch,week,Assassin's Creed Valhalla,0.009,821,false
twitch,week,XCOM: Enemy Unknown,0.009,50,false
twitch,week,DOOM Eternal,0.009,488,false
twitch,week,Star Wars: The Old Republic,0.009,426,false
twitch,week,Cities: Skylines II,0.009,209,false
twitch,week,Dead as Disco,0.008,609,false
twitch,week,Tournament Poker,0.008,35,false
twitch,week,Silent Hill 2,0.008,1355,false
twitch,week,Metro Exodus,0.008,623,false
twitch,week,Call of Duty: Mobile,0.008,1831,false
twitch,week,Danganronpa: Trigger Happy Havoc,0.008,294,false
twitch,week,Casino Jackpot,0.008,22,false
twitch,week,Fallout 3,0.008,273,false
twitch,week,Gothic 1 Remake,0.008,289,false
twitch,week,Pokémon Trading Card Game Pocket,0.008,327,false
twitch,week,Assetto Corsa,0.008,1064,false
twitch,week,Happy's Humble Burger Farm,0.008,54,false
twitch,week,The Walking Dead: The Final Season,0.008,128,false
twitch,week,MARVEL Strike Force,0.008,65,false
twitch,week,"KOTÁMON: My Sis Found A Super-Rare Card In Her Cereal Box, So I Became A Garbage Man To Find The Entire Collection And Earn $1,000,000",0.008,159,false
twitch,week,Granblue Fantasy,0.008,132,false
twitch,week,Metal Gear Solid 4: Guns of the Patriots,0.008,289,false
twitch,week,Deskrawl: Idle APRG,0.008,44,false
twitch,week,Outlast II,0.008,644,false
twitch,week,Auto Chess,0.008,43,false
twitch,week,Dying Light: The Beast,0.007,991,false
twitch,week,Kingdom Hearts III,0.007,513,false
twitch,week,"Pokémon: Let's Go, Pikachu!/Eevee!",0.007,125,false
twitch,week,Planet Crafter,0.007,621,false
twitch,week,EarthBound,0.007,97,false
twitch,week,Resident Evil,0.007,511,false
twitch,week,Pokémon Trading Card Game Live,0.007,328,false
twitch,week,Alan Wake,0.007,156,false
twitch,week,Age of Mythology,0.007,176,false
twitch,week,RavenQuest,0.007,44,false
twitch,week,DRAGON QUEST XI S: Echoes of an Elusive Age,0.007,170,false
twitch,week,Stray,0.007,529,false
twitch,week,Kingdom Come: Deliverance,0.007,540,false
twitch,week,HλLF-LIFE²,0.007,257,false
twitch,week,Pokémon Black/White Version 2,0.007,200,false
twitch,week,The Long Dark,0.007,378,false
twitch,week,Mina the Hollower,0.007,170,false
twitch,week,Need for Speed Most Wanted U,0.007,40,false
twitch,week,Poppy Playtime,0.007,740,false
twitch,week,Mortal Kombat 11,0.007,955,false
twitch,week,Scam Line,0.007,91,false
twitch,week,Call of Duty: Black Ops IIII,0.006,787,false
twitch,week,Call of Duty: Modern Warfare II,0.006,474,false
twitch,week,Pokémon Brilliant Diamond/Shining Pearl,0.006,215,false
twitch,week,Pokémon Infinite Fusion,0.006,228,false
twitch,week,Red Dead Redemption,0.006,657,false
twitch,week,SHINOBI: Art of Vengeance,0.006,54,false
twitch,week,Final Fantasy VI,0.006,209,false
twitch,week,Getting Over It with Bennett Foddy,0.006,250,false
twitch,week,Call of Duty: Modern Warfare 2,0.006,233,false
twitch,week,Battle Brothers,0.006,48,false
twitch,week,Just Dance 2026 Edition,0.006,110,false
twitch,week,Dying Light 2: Stay Human,0.006,1099,false
twitch,week,Conan Exiles,0.006,355,false
twitch,week,FINAL FANTASY TACTICS,0.006,28,false
twitch,week,Resident Evil 0,0.006,516,false
twitch,week,GTA: La Heist,0.006,2156,false
twitch,week,Ultra Street Fighter IV,0.006,129,false
twitch,week,Placid Plastic Duck Simulator,0.006,150,false
twitch,week,Grand Theft Auto III,0.006,266,false
twitch,week,Metal Gear Solid V: The Phantom Pain,0.006,381,false
twitch,week,hololive Dreams,0.006,250,false
twitch,week,Fire Emblem: Three Houses,0.006,185,false
twitch,week,Bills Must Be Paid,0.006,177,false
twitch,week,Pokémon Gold Version,0.006,43,false
twitch,week,The Legend of Zelda: Skyward Sword HD,0.006,197,false
twitch,week,Retro Rewind: Video Store Simulator,0.006,289,false
twitch,week,Days Gone,0.006,780,false
twitch,week,FINAL FANTASY VIII,0.006,132,false
twitch,week,Ace Combat Zero: The Belkan War,0.006,133,false
twitch,week,EverQuest Legends,0.006,85,false
twitch,week,Granblue Fantasy Versus: Rising,0.005,277,false
twitch,week,Fatal Fury: City of the Wolves,0.005,312,false
twitch,week,Grand Theft Auto: Vice City Stories,0.005,50,false
twitch,week,Superliminal,0.005,81,false
twitch,week,The Legend of Zelda: Tears of the Kingdom - Nintendo Switch 2 Edition,0.005,124,false
twitch,week,Marvel's Spider-Man Remastered,0.005,1078,false
twitch,week,PGA TOUR 2K25,0.005,614,false
twitch,week,The Message From Deep Space,0.005,33,false
twitch,week,Dispatch,0.005,435,false
twitch,week,Dragon Ball Legends,0.005,177,false
twitch,week,Subnautica 2,0.005,682,false
twitch,week,Guildrun,0.005,74,false
twitch,week,Hero Siege,0.005,85,false
twitch,week,Gears of War: Reloaded,0.005,639,false
twitch,week,The Evil Within,0.005,502,false
twitch,week,Mega Man X,0.005,113,false
twitch,week,Sky: Children of the Light,0.005,429,false
twitch,week,After-H: Battle Arena,0.005,63,false
twitch,week,House Flipper 2,0.005,413,false
twitch,week,Arena of Valor,0.005,160,false
twitch,week,Agefield High: Rock the School,0.005,165,false
twitch,week,The Sims 2,0.005,161,false
twitch,week,EA Sports College Football 26,0.005,1473,false
twitch,week,Infinite Craft,0.005,37,false
twitch,week,Dead Signal,0.005,15,false
twitch,week,Call of Duty: Modern Warfare 4,0.005,448,false
twitch,week,EA Sports UFC 6,0.005,1378,false
twitch,week,Kerbal Space Program,0.005,184,false
twitch,week,Halo: Campaign Evolved,0.005,1246,false
twitch,week,Street Fighter V,0.005,79,false
twitch,week,Metal Gear Solid 4: Guns of the Patriots - Master Collection Version,0.005,343,false
twitch,week,Honor of Kings,0.005,386,false
twitch,week,The Lord of the Rings Online,0.005,200,false
twitch,week,Age of Empires III,0.005,142,false
twitch,week,Fran Bow,0.005,131,false
twitch,week,Mario Golf: Super Rush,0.005,15,false
twitch,week,False Hero,0.005,58,false
twitch,week,MLB The Show 25,0.005,88,false
twitch,week,Mu: Dark Epoch,0.005,204,false
twitch,week,Demon's Souls,0.005,298,false
twitch,week,Contraband Police,0.004,123,false
twitch,week,Madden NFL 26,0.004,2226,false
twitch,week,Guild Wars: Reforged,0.004,142,false
twitch,week,Star Wars Jedi: Survivor,0.004,512,false
twitch,week,Silent Hill,0.004,209,false
twitch,week,Snowed Under,0.004,30,false
twitch,week,Touhou Koumakyou: New Classic - The Embodiment of Scarlet Devil,0.004,164,false
twitch,week,FNaF World,0.004,57,false
twitch,week,Batman: Arkham Knight,0.004,1101,false
twitch,week,Rush Royale,0.004,95,false
twitch,week,Destiny,0.004,352,false
twitch,week,Spirit City: Lofi Sessions,0.004,198,false
twitch,week,DOOM: The Dark Ages,0.004,495,false
twitch,week,Dungeons & Dragons Online,0.004,147,false
twitch,week,Windrose,0.004,331,false
twitch,week,Librarian: Tidy Up the Arcane Library!,0.004,378,false
twitch,week,New Super Mario Bros. Wii,0.004,124,false
twitch,week,Yakuza 0,0.004,80,false
twitch,week,Cozy Farm: Tidy Up!,0.004,81,false
twitch,week,Call of Duty: Black Ops Cold War,0.004,1414,false
twitch,week,Crash Bandicoot,0.004,249,false
twitch,week,Super Mario RPG: Legend of the Seven Stars,0.004,36,false
twitch,week,Forza Horizon 5,0.004,1906,false
twitch,week,FINAL FANTASY XIII,0.004,152,false
twitch,week,Sally Face,0.004,201,false
twitch,week,Roblox Studio,0.004,200,false
twitch,week,SMITE,0.004,337,false
twitch,week,Counter-Strike 1.6,0.004,374,false
twitch,week,Gears of War 2,0.004,305,false
twitch,week,Dead Space 2,0.004,216,false
twitch,week,Backpack Battles,0.004,64,false
twitch,week,Ratchet & Clank (2002),0.004,53,false
twitch,week,Gartic Show,0.004,218,false
twitch,week,Star Trek Online,0.004,160,false
twitch,week,BioShock 2,0.004,40,false
twitch,week,Arena Breakout,0.004,238,false
twitch,week,Mycelium: The Silent Contract,0.004,20,false
twitch,week,Stumble Guys,0.004,574,false
twitch,week,Metro 2033 Redux,0.004,350,false
twitch,week,Pokémon Legends: Arceus,0.004,233,false
twitch,week,The Elder Scrolls III: Morrowind,0.004,152,false
twitch,week,DCS World,0.004,189,false
twitch,week,The Death Game Report,0.004,59,false
twitch,week,Quiz Show,0.004,18,false
twitch,week,DRAGON BALL: Sparking! ZERO,0.004,1661,false
twitch,week,CTR: Crash Team Racing,0.004,78,false
twitch,week,Garden of Witches,0.004,23,false
twitch,week,CURE - A Hospital Simulator,0.004,189,false
twitch,week,DIGIMON STORY: TIME STRANGER,0.004,380,false
twitch,week,HATSUNE MIKU: COLORFUL STAGE!,0.004,292,false
twitch,week,Grand Theft Auto: San Andreas - The Definitive Edition,0.004,415,false
twitch,week,Danganronpa 2: Goodbye Despair,0.004,158,false
twitch,week,Worms W.M.D,0.004,118,false
twitch,week,GRWM,0.004,177,false
twitch,week,Quasimorph,0.004,74,false
twitch,week,Dead Island 2,0.004,730,false
twitch,week,World War Z: Aftermath,0.004,496,false
twitch,week,Horse Magnifier: The Full Horse,0.004,39,false
twitch,week,FIFA Mobile,0.004,190,false
twitch,week,Relic Arena,0.004,32,false
twitch,week,Zelda II: The Adventure of Link,0.004,120,false
twitch,week,Heroes of Might and Magic V,0.003,53,false
twitch,week,Phantasy Star Online 2 New Genesis,0.003,187,false
twitch,week,Moonlighter 2: The Endless Vault,0.003,252,false
twitch,week,Disco Elysium,0.003,227,false
twitch,week,Dragon Age™: Origins,0.003,154,false
twitch,week,PowerWash Simulator,0.003,324,false
twitch,week,Cronos: The New Dawn,0.003,214,false
twitch,week,Factorio,0.003,156,false
twitch,week,Crossout,0.003,231,false
twitch,week,Rain World,0.003,245,false
twitch,week,Gears of War 4,0.003,545,false
twitch,week,The Sims 3,0.003,112,false
twitch,week,Castlevania: Symphony of the Night,0.003,183,false
twitch,week,KovaaK's Aim Trainer,0.003,338,false
twitch,week,Space Engineers,0.003,188,false
twitch,week,TERA,0.003,111,false
twitch,week,The Legend of Zelda,0.003,158,false
twitch,week,Coin maker simulator,0.003,89,false
twitch,week,Servant of the Lake,0.003,60,false
twitch,week,Metal Gear Rising: Revengeance,0.003,172,false
twitch,week,The Witcher 2: Assassins of Kings,0.003,123,false
twitch,week,Crash Bandicoot 4: It's About Time,0.003,343,false
twitch,week,Metal Gear Solid,0.003,172,false
twitch,week,Fright Train,0.003,123,false
twitch,week,Traffic Stop Anomaly,0.003,16,false
twitch,week,FINAL FANTASY XV,0.003,273,false
twitch,week,Star Trek: Voyager - Across the Unknown,0.003,32,false
twitch,week,Metro: Last Light Redux,0.003,177,false
twitch,week,Sonic Adventure 2: Battle,0.003,149,false
twitch,week,FPS Chess,0.003,35,false
twitch,week,Mario Kart 64,0.003,107,false
twitch,week,Crash Bandicoot: Warped,0.003,112,false
twitch,week,IdleOn,0.003,47,false
twitch,week,2XKO,0.003,217,false
twitch,week,Five Nights at Freddy's 2,0.003,265,false
twitch,week,Waterpark Simulator,0.003,257,false
twitch,week,Beyond: Two Souls,0.003,297,false
twitch,week,Police Chief Simulator,0.003,163,false
twitch,week,METAL GEAR SOLID Δ: SNAKE EATER,0.003,268,false
twitch,week,The Legend of Zelda: Ocarina of Time 3D,0.003,79,false
twitch,week,FINAL FANTASY IV,0.003,100,false
twitch,week,DIRECTIVE 8020,0.003,155,false
twitch,week,God of War II,0.003,116,false
twitch,week,Tomb Raider II,0.003,30,false
twitch,week,Warcraft II: Remastered,0.003,15,false
twitch,week,FINAL FANTASY TACTICS - The Ivalice Chronicles,0.003,143,false
twitch,week,Final Fantasy Resonance,0.003,242,false
twitch,week,Call of Duty: WWII,0.003,831,false
twitch,week,The Legend of Zelda: The Minish Cap,0.003,130,false
twitch,week,Skull and Bones,0.003,170,false
twitch,week,Minecraft: Story Mode,0.003,96,false
twitch,week,Resident Evil 3: Nemesis,0.003,233,false
twitch,week,At Dead of Night,0.003,72,false
twitch,week,Dead Cells,0.003,320,false
twitch,week,Crash Bash,0.003,74,false
twitch,week,X-Plane 12,0.003,86,false
twitch,week,DRAGON BALL Z: KAKAROT,0.003,359,false
twitch,week,Resident Evil Code: Veronica X HD,0.003,70,false
twitch,week,Midnight News Report,0.003,18,false
twitch,week,Coral Island,0.003,281,false
twitch,week,Super Mario Galaxy,0.003,86,false
twitch,week,Space Station 13,0.003,20,false
twitch,week,Sea of Stars,0.003,132,false
twitch,week,Sonic Adventure DX: Director's Cut,0.003,85,false
twitch,week,Metal Gear Solid 3: Snake Eater,0.003,79,false
twitch,week,Resort Island Simulator,0.003,6,false
twitch,week,Monster Hunter 3 Ultimate,0.003,38,false
twitch,week,Crime Podcast: 1976,0.003,9,false
twitch,week,Farm Together 2,0.003,105,false
twitch,week,DOOM II: Hell on Earth,0.003,150,false
twitch,week,Crash Bandicoot 2: Cortex Strikes Back,0.003,120,false
twitch,week,Call of Duty: Modern Warfare,0.003,588,false
twitch,week,Silent Hill 4: The Room,0.003,85,false
twitch,week,Duet Night Abyss,0.003,68,false
twitch,week,Super Mario Galaxy 2,0.003,95,false
twitch,week,Plan B: Terraform,0.003,17,false
twitch,week,Yakuza: Like a Dragon,0.002,169,false
twitch,week,With Your Destiny,0.002,41,false
twitch,week,Microsoft Flight Simulator,0.002,336,false
twitch,week,FINAL FANTASY X-2,0.002,64,false
twitch,week,Grand Theft Auto,0.002,99,false
twitch,week,Super Smash Bros. Brawl,0.002,13,false
twitch,week,Japan Stigmatized Property 3,0.002,104,false
twitch,week,FINAL FANTASY,0.002,93,false
twitch,week,Night Crows,0.002,57,false
twitch,week,Grand Chase Classic,0.002,74,false
twitch,week,Star Wars Battlefront II,0.002,743,false
twitch,week,Batman: Arkham City,0.002,176,false
twitch,week,The Dark Pictures Anthology: Man of Medan,0.002,227,false
twitch,week,No More Room in Hell 2,0.002,461,false
twitch,week,Dragon Ball FighterZ,0.002,371,false
twitch,week,STAR WARS Jedi: Fallen Order™,0.002,408,false
twitch,week,Super Meat Boy,0.002,43,false
twitch,week,Mortal Online 2,0.002,24,false
twitch,week,Call of Duty: Infinite Warfare,0.002,454,false
twitch,week,TBH: Task Bar Hero,0.002,33,false
twitch,week,Star Wars Outlaws,0.002,395,false
twitch,week,Gears of War 3,0.002,417,false
twitch,week,South Park: The Fractured But Whole,0.002,436,false
twitch,week,Life Is Strange 2,0.002,229,false
twitch,week,The Elder Scrolls V: Skyrim - Anniversary Edition,0.002,176,false
twitch,week,Artifact,0.002,33,false
twitch,week,S.O.N.A.R.: Submarine Operators Not Actually Ready,0.002,37,false
twitch,week,Silent Hill: Shattered Memories,0.002,17,false
twitch,week,SLOT,0.002,7,false
twitch,week,Okko the Exiled,0.002,79,false
twitch,week,Stellaris,0.002,205,false
twitch,week,Diablo,0.002,68,false
twitch,week,THE KING OF FIGHTERS XV,0.002,157,false
twitch,week,Metal Gear Solid: Peace Walker - Master Collection Version,0.002,254,false
twitch,week,Grand Theft Auto: Vice City - The Definitive Edition,0.002,265,false
twitch,week,Jump Space,0.002,297,false
twitch,week,Company of Heroes 3,0.002,99,false
twitch,week,Halo 2,0.002,56,false
twitch,week,Call of Duty 2,0.002,102,false
twitch,week,The Legend of Zelda: Ocarina of Time,0.002,150,false
twitch,week,Deskrawl: Idle ARPG,0.002,35,false
twitch,week,Metal Gear Solid: Peace Walker,0.002,84,false
twitch,week,Pokemon Auto Chess,0.002,72,false
twitch,week,CarX Street,0.002,439,false
twitch,week,IRON NEST: Heavy Turret Simulator,0.002,206,false
twitch,week,The Dark Pictures Anthology: The Devil in Me,0.002,181,false
twitch,week,Company of Heroes 2,0.002,63,false
twitch,week,Kingdom Hearts II,0.002,154,false
twitch,week,Call of Duty: Vanguard,0.002,241,false
twitch,week,LEGO Fortnite: Odyssey,0.002,107,false
twitch,week,The Dark Pictures Anthology: House of Ashes,0.002,154,false
twitch,week,Casino Simulator,0.002,8,false
twitch,week,Darkest Dungeon II,0.002,100,false
twitch,week,Hello Kitty Island Adventure,0.002,202,false
twitch,week,Rhythm Heaven Groove,0.002,130,false
twitch,week,Sonic Rumble Party,0.002,139,false
twitch,week,Like a Dragon: Infinite Wealth,0.002,206,false
twitch,week,The Lord of the Rings: Gollum,0.002,20,false
twitch,week,The Wolf Among Us,0.002,178,false
twitch,week,Golf It!,0.002,167,false
twitch,week,Tales of Fear: Episode Zero,0.002,74,false
twitch,week,Ragnarok Origin: Classic,0.002,44,false
twitch,week,Spyro: Year of the Dragon,0.002,76,false
twitch,week,Devil May Cry 3: Dante's Awakening - Special Edition,0.002,145,false
twitch,week,Animal Crossing: City Folk,0.002,18,false
twitch,week,The Elder Scrolls II: Daggerfall,0.002,56,false
twitch,week,Yo-kai Watch,0.002,86,false
twitch,week,Dragon Age: Inquisition,0.002,156,false
twitch,week,Plants vs. Zombies,0.002,79,false
twitch,week,Tiny Eden,0.002,154,false
twitch,week,The Legend of Zelda: Skyward Sword,0.002,80,false
twitch,week,Dead Space (2008),0.002,124,false
twitch,week,The Walking Dead: Season Two,0.002,205,false
twitch,week,Momentum Mod,0.002,48,false
twitch,week,FIFA Soccer 12,0.002,5,false
twitch,week,Omega Strikers,0.002,82,false
twitch,week,Mall Rivals,0.002,16,false
twitch,week,Whatsamusic,0.002,59,false
twitch,week,Fast Food Simulator,0.002,110,false
twitch,week,War Robots,0.002,114,false
twitch,week,Princess Maker: Children of Revelation,0.002,10,false
twitch,week,Counter-Strike Online 2,0.002,338,false
twitch,week,Slay the Spire,0.002,227,false
twitch,week,Grand Theft Auto III: The Definitive Edition,0.002,158,false
twitch,week,Pokémon Mystery Dungeon: Explorers of Sky,0.002,72,false
twitch,week,Sonic Unleashed,0.002,116,false
twitch,week,Wobbly Life,0.002,829,false
twitch,week,Assassin's Creed IV Black Flag,0.002,284,false
twitch,week,Bus Simulator 27,0.002,156,false
twitch,week,Kingdom Hearts Dream Drop Distance HD,0.002,82,false
twitch,week,Slay the Princess,0.002,119,false
twitch,week,House Flipper,0.002,299,false
twitch,week,MLB The Show 18,0.002,1145,false
twitch,week,Scapewatch,0.002,23,false
twitch,week,Metal Gear Solid 2: Sons of Liberty,0.002,137,false
twitch,week,Soulmask,0.002,75,false
twitch,week,Pizza House Simulator,0.002,104,false
twitch,week,Super Mario World 2: Yoshi's Island,0.002,44,false
twitch,week,My Voice Zoo,0.002,85,false
twitch,week,Sonic Heroes,0.002,74,false
twitch,week,Portal,0.002,154,false
twitch,week,WE ARE FOOTBALL 2027,0.002,13,false
twitch,week,Sonic Frontiers,0.002,170,false
twitch,week,Dragon Age: The Veilguard,0.002,168,false
twitch,week,Neverwinter,0.002,176,false
twitch,week,JUMP KING QUEST,0.002,18,false
twitch,week,Resident Evil: Revelations 2,0.002,156,false
twitch,week,Tomb Raider,0.002,219,false
twitch,week,TORMENTED SOULS II,0.002,66,false
twitch,week,Just Cause 3,0.002,97,false
twitch,week,Street Fighter III: 3rd Strike,0.002,89,false
twitch,week,Jak and Daxter: The Precursor Legacy,0.002,117,false
twitch,week,S4 League,0.002,57,false
twitch,week,Overgeared Hero,0.002,5,false
twitch,week,The Elder Scrolls IV: Oblivion,0.002,113,false
twitch,week,Borderlands 3,0.002,212,false
twitch,week,F-Zero 99,0.002,50,false
twitch,week,The Dark Pictures Anthology: Little Hope,0.002,143,false
twitch,week,Ring Fit Adventure,0.002,84,false
twitch,week,The Legend of Zelda: Echoes of Wisdom,0.002,108,false
twitch,week,Blair Witch,0.002,133,false
twitch,week,The Witcher: Enhanced Edition,0.002,120,false
twitch,week,Watch Dogs 2,0.002,645,false
twitch,week,LEGO Star Wars: The Complete Saga,0.002,68,false
twitch,week,The Legend of Zelda: Link's Awakening,0.002,28,false
twitch,week,Halo: Combat Evolved,0.002,132,false
twitch,week,Spyro the Dragon,0.001,107,false
twitch,week,Idle Champions of the Forgotten Realms,0.001,12,false
twitch,week,Spiritfarer,0.001,112,false
twitch,week,Road to Jukai,0.001,169,false
twitch,week,Mage Arena,0.001,35,false
twitch,week,Watcher of Realms,0.001,81,false
twitch,week,inKONBINI: One Store. Many Stories,0.001,48,false
twitch,week,Command & Conquer: Generals,0.001,46,false
twitch,week,The Lord of the Rings: Return to Moria,0.001,168,false
twitch,week,Vindictus,0.001,35,false
twitch,week,Train Sim World 7,0.001,205,false
twitch,week,Shenmue,0.001,33,false
twitch,week,Gotham Knights,0.001,188,false
twitch,week,Marvel's Guardians of the Galaxy,0.001,253,false
twitch,week,Karaoke Joysound for Streamer,0.001,95,false
twitch,week,TV Total Events,0.001,7,false
twitch,week,FINAL FANTASY VIII Remastered,0.001,69,false
twitch,week,The Walking Dead: Destinies,0.001,13,false
twitch,week,Dungeon Settlers,0.001,43,false
twitch,week,Call of Duty: World at War,0.001,302,false
twitch,week,GRANBLUE FANTASY Relink,0.001,106,false
twitch,week,Star Wars: Galaxy of Heroes,0.001,76,false
twitch,week,Dragon Quest III HD-2D Remake,0.001,54,false
twitch,week,Human: Fall Flat,0.001,258,false
twitch,week,Cities: Skylines,0.001,171,false
twitch,week,Corsair Cove,0.001,46,false
twitch,week,Call of Duty 4: Modern Warfare,0.001,151,false
twitch,week,The Lord of the Rings: The Battle for Middle-earth II,0.001,44,false
twitch,week,Berserk Heroes Online,0.001,21,false
twitch,week,The Walking Dead: The Telltale Definitive Series - Protector Pack,0.001,102,false
twitch,week,X4: Foundations,0.001,79,false
twitch,week,Little Witch in the Woods,0.001,93,false
twitch,week,Blade & Soul NEO,0.001,37,false
twitch,week,Mortal Kombat X,0.001,238,false
twitch,week,Super Animal Royale,0.001,222,false
twitch,week,Donkey Kong Country 2: Diddy's Kong-Quest,0.001,65,false
twitch,week,Keep Talking and Nobody Explodes,0.001,109,false
twitch,week,Dragon Quest Builders 2,0.001,32,false
twitch,week,FC MOBILE,0.001,535,false
twitch,week,City of Heroes,0.001,30,false
twitch,week,The Witcher,0.001,143,false
twitch,week,Pokémon Red Version,0.001,79,false
twitch,week,Tainted Grail: The Fall of Avalon,0.001,100,false
twitch,week,Dead Space 3,0.001,154,false
twitch,week,High on Life,0.001,337,false
twitch,week,DDinosaur with Double D's,0.001,15,false
twitch,week,The Walking Dead: A New Frontier,0.001,139,false
twitch,week,The King of Fighters 2002,0.001,61,false
twitch,week,Banishers: Ghosts of New Eden,0.001,139,false
twitch,week,Pokémon Red/Blue,0.001,90,false
twitch,week,MOBILE SUIT GUNDAM BATTLE OPERATION 2,0.001,187,false
twitch,week,Farm Frenzy,0.001,19,false
twitch,week,UNBEATABLE,0.001,81,false
twitch,week,New Super Mario Bros.,0.001,37,false
twitch,week,Pokémon Mystery Dungeon: Rescue Team DX,0.001,26,false
twitch,week,Dragon Quest X: Mezameshi Itsutsu no Shuzoku Online,0.001,98,false
twitch,week,Horsey Game,0.001,37,false
twitch,week,SpongeBob SquarePants: Battle for Bikini Bottom,0.001,74,false
twitch,week,World of Sea Battle,0.001,55,false
twitch,week,Heroes & Generals,0.001,37,false
twitch,week,ENDER MAGNOLIA: Bloom in the Mist,0.001,55,false
twitch,week,Twisted Party,0.001,25,false
twitch,week,Love and Deepspace,0.001,63,false
twitch,week,Sonic the Hedgehog 3 & Knuckles,0.001,24,false
twitch,week,Sonic Adventure 2,0.001,77,false
twitch,week,MONSTER HUNTER STORIES 3: TWISTED REFLECTION,0.001,141,false
twitch,week,The Legend of Zelda: Twilight Princess HD,0.001,66,false
twitch,week,Saint Seiya: Awakening,0.001,31,false
twitch,week,Secret of Mana,0.001,27,false
twitch,week,FreeStyle Street Basketball,0.001,15,false
twitch,week,Life is Strange Remastered,0.001,135,false
twitch,week,Phantasy Star Online Blue Burst,0.001,51,false
twitch,week,ANIMAL WELL,0.001,40,false
twitch,week,Forbidden Solitaire,0.001,33,false
twitch,week,Silent Hill: Downpour,0.001,15,false
twitch,week,Marvel vs. Capcom 2: New Age of Heroes,0.001,67,false
twitch,week,OneState,0.001,530,false
twitch,week,ENDER LILIES: Quietus of the Knights,0.001,93,false
twitch,week,Sonic The Hedgehog,0.001,60,false
twitch,week,Grand Theft Auto Advance,0.001,55,false
twitch,week,Tormented Souls,0.001,83,false
twitch,week,RoboCop: Rogue City,0.001,128,false
twitch,week,Counter-Strike: Source,0.001,100,false
twitch,week,ZeroSpace,0.001,23,false
twitch,week,Sun Haven,0.001,119,false
twitch,week,Virtua Fighter 5 R.E.V.O.,0.001,84,false
twitch,week,Crash Tag Team Racing,0.001,14,false
twitch,week,Blossom: The Seed of Life,0.001,34,false
twitch,week,Lineage 2M,0.001,30,false
twitch,week,The Witness,0.001,78,false
twitch,week,The Sinking City Remastered,0.001,68,false
twitch,week,Kingdom Hearts Final Mix,0.001,101,false
twitch,week,RollerCoaster Tycoon 2,0.001,34,false
twitch,week,Into the Dead: Our Darkest Days,0.001,70,false
twitch,week,DRAGON QUEST MONSTERS: The Dark Prince,0.001,88,false
twitch,week,Echoes of Aincrad,0.001,205,false
twitch,week,Anvil Empires,0.001,44,false
twitch,week,Ragnarok: The New World,0.001,47,false
twitch,week,Sonic X Shadow Generations,0.001,229,false
twitch,week,The Coffin of Andy and Leyley,0.001,57,false
twitch,week,Diablo Immortal,0.001,103,false
twitch,week,BLEACH Rebirth of Souls,0.001,216,false
twitch,week,Fire Emblem: Path of Radiance,0.001,55,false
twitch,week,Ratchet & Clank: Going Commando,0.001,47,false
twitch,week,Monster Train 2,0.001,28,false
twitch,week,Halo 5: Guardians,0.001,192,false
twitch,week,Guilty Gear XX Accent Core Plus R,0.001,34,false
twitch,week,International Superstar Soccer 64,0.001,6,false
twitch,week,Halo Wars 2,0.001,170,false
twitch,week,Dragon Warrior IV,0.001,17,false
twitch,week,Bleach: Brave Souls,0.001,90,false
twitch,week,As Dusk Falls,0.001,80,false
twitch,week,Table Tennis,0.001,13,false
twitch,week,Animal Crossing,0.001,38,false
twitch,week,Battle Teams,0.001,43,false
twitch,week,Super Mario Strikers,0.001,16,false
twitch,week,Dark Hours,0.001,241,false
twitch,week,Rumbleverse,0.001,38,false
twitch,week,Super Mario Bros.,0.001,95,false
twitch,week,BACK*SPACE,0.001,6,false
twitch,week,Pokémon XD: Gale of Darkness,0.001,105,false
twitch,week,Halo: Reach,0.001,93,false
twitch,week,Rust Mobile,0.001,35,false
twitch,week,Mongil: Star Dive,0.001,128,false
twitch,week,Architect: Land of Exiles,0.001,23,false
twitch,week,Kingdom Hearts 358/2 Days,0.001,67,false
twitch,week,Life is Strange: Reunion,0.001,100,false
twitch,week,Dragon Quest I & II HD-2D Remake,0.001,88,false
twitch,week,Cash Cleaner Simulator,0.001,90,false
twitch,week,Super Mario Bros. Wonder,0.001,80,false
twitch,week,SoulCalibur VI,0.001,106,false
twitch,week,Guilty Gear Xrd REV 2,0.001,57,false
twitch,week,Gears of War: Judgment,0.001,114,false
twitch,week,Yakuza 0: Director's Cut,0.001,96,false
twitch,week,Age of Empires,0.001,62,false
twitch,week,SD Gundam G Generation Eternal,0.001,63,false
twitch,week,The Lord of the Rings: War in the North,0.001,82,false
twitch,week,Space Engineers 2,0.001,41,false
twitch,week,Starsand Island,0.001,82,false
twitch,week,The Elder Scrolls: Arena,0.001,7,false
twitch,week,First Class Trouble,0.001,77,false
twitch,week,Pokémon Yellow Version: Special Pikachu Edition,0.001,72,false
twitch,week,Jade Empire,0.001,16,false
twitch,week,Life is Strange: Double Exposure,0.001,134,false
twitch,week,High on Life 2,0.001,202,false
twitch,week,Football League 2026,0.001,24,false
twitch,week,Ghost Watchers,0.001,113,false
twitch,week,Watch Dogs: Legion,0.001,182,false
twitch,week,Restore Your Island,0.001,31,false
twitch,week,Far Cry New Dawn,0.001,160,false
twitch,week,Sonic and the Secret Rings,0.001,39,false
twitch,week,Donkey Kong Country 3: Dixie Kong's Double Trouble!,0.001,28,false
twitch,week,Order of the Sinking Star,0.001,6,false
twitch,week,Quake,0.001,102,false
twitch,week,Killer Klowns from Outer Space: The Game,0.001,54,false
twitch,week,Titan Quest Anniversary Edition,0.001,33,false
twitch,week,Slots Royale: 777 Casino Games,0.001,5,false
twitch,week,TopSpin 2K25,0.001,114,false
twitch,week,Hatsune Miku: Project DIVA Mega Mix+,0.001,131,false
twitch,week,L.A. Noire,0.001,92,false
twitch,week,Marvel's Avengers,0.001,174,false
twitch,week,Kingdom Hearts Birth by Sleep,0.001,74,false
twitch,week,Ranch Simulator,0.001,112,false
twitch,week,Ultimate Chicken Horse,0.001,106,false
twitch,week,The Legend of Zelda: Oracle of Seasons,0.001,48,false
twitch,week,Iron Blight,0.001,49,false
twitch,week,Yet Another Zombie Survivors,0.001,88,false
twitch,week,Star Wars: Knights of the Old Republic,0.001,79,false
twitch,week,Only Good Babysitters Go to Heaven,0.001,9,false
twitch,week,Twelve Minutes,0.001,18,false
twitch,week,Train Station Tycoon,0.001,15,false
twitch,week,Police Simulator: Patrol Officers,0.001,352,false
twitch,week,MEGA MAN STAR FORCE: Legacy Collection,0.001,79,false
twitch,week,Potion Craft,0.001,94,false
twitch,week,Plants vs. Zombies: Garden Warfare 2,0.001,349,false
twitch,week,Halo 3,0.001,104,false
twitch,week,Dragon Quest III: The Seeds of Salvation,0.001,16,false
twitch,week,Crypt of the NecroDancer,0.001,51,false
twitch,week,Modern Warships,0.001,51,false
twitch,week,Samson,0.001,182,false
twitch,week,Train Simulator Classic,0.001,25,false
twitch,week,Command & Conquer 3: Tiberium Wars,0.001,18,false
twitch,week,Professor Layton and the Unwound Future,0.001,15,false
twitch,week,Devil May Cry 4: Special Edition,0.001,167,false
twitch,week,Monster Hunter Freedom Unite,0.001,46,false
twitch,week,Streets of Rage 4,0.001,112,false
twitch,week,Legend of Mortal,0.001,24,false
twitch,week,Football Manager 2024,0.001,51,false
twitch,week,Project Wingman,0.001,72,false
twitch,week,Wolfenstein: The New Order,0.001,130,false
twitch,week,Pokémon Mystery Dungeon: Blue/Red Rescue Team,0.001,40,false
twitch,week,Security 51,0.001,27,false
twitch,week,RollerCoaster Tycoon,0.001,27,false
twitch,week,Soul Chained,0.001,63,false
twitch,week,Watch Party,0.001,41,false
twitch,week,FLASH AND DIE,0.001,15,false
twitch,week,Crimson Moon,0.001,153,false
twitch,week,Fushigi no Dungeon: Torneko no Daibouken,0.001,30,false
twitch,week,Cheap Car Repair,0.001,44,false
twitch,week,DEAD OR ALIVE 6 Last Round,0.001,79,false
twitch,week,Titan Quest II,0.001,41,false
twitch,week,Skill Legends Royale,0.001,40,false
twitch,week,Leafy Corner,0.001,75,false
twitch,week,Ghost Exile,0.001,53,false
twitch,week,Monster Strike,0.001,49,false
twitch,week,Football,0.001,29,false
twitch,week,Riichi City,0.001,62,false
twitch,week,Wolfenstein II: The New Colossus,0.001,101,false
twitch,week,Can I Come In?,0.001,54,false
twitch,week,LEGO Star Wars: The Skywalker Saga,0.001,159,false
twitch,week,The Legend of Zelda: Oracle of Ages,0.001,37,false
twitch,week,Uncharted 2: Among Thieves,0.001,58,false
twitch,week,Town to City,0.001,37,false
twitch,week,Batman: The Telltale Series,0.001,103,false
twitch,week,Granblue Fantasy: Relink - Endless Ragnarok,0.001,70,false
twitch,week,Dota Underlords,0.001,27,false
twitch,week,STORY OF SEASONS: Grand Bazaar,0.001,66,false
twitch,week,Mario Golf,0.001,15,false
twitch,week,Holdfast: Nations At War,0.001,130,false
twitch,week,RPG Maker,0.001,37,false
twitch,week,Onimusha 2: Samurai's Destiny,0.001,45,false
twitch,week,Dragon Quest VI: Maboroshi no Daichi,0.001,14,false
twitch,week,Fallout 2,0.001,36,false
twitch,week,Romance Club,0.001,14,false
twitch,week,Make it Meme,0.001,103,false
twitch,week,The Legend of Zelda: Majora's Mask 3D,0.001,37,false
twitch,week,Birds Watching,0.001,22,false
twitch,week,The Lord of the Rings: War in the North - Legacy Edition,0.001,70,false
twitch,week,Monster Hunter 4 Ultimate,0.001,40,false
twitch,week,Barbie: Horse Trails,0.001,10,false
twitch,week,The Walking Dead: Streets of Survival,0.001,26,false
twitch,week,Dragonheir: Silent Gods,0.001,28,false
twitch,week,Infestation: The New Z,0.001,36,false
twitch,week,Dokapon Kingdom: Connect,0.001,62,false
twitch,week,Totally Accurate Battle Simulator,0.001,154,false
twitch,week,Seafarer: The Ship Sim,0.001,106,false
twitch,week,Sonic the Hedgehog 2,0.001,33,false
twitch,week,Super Street Fighter II Turbo,0.001,23,false
twitch,week,Hollow Cocoon,0.001,16,false
twitch,week,Welcome to the Game III,0.001,34,false
twitch,week,"Papers, Please",0.001,103,false
twitch,week,High Times,0.001,33,false
twitch,week,Life is Strange: Before the Storm,0.001,64,false
twitch,week,Mortal Kombat: Legacy Kollection,0.001,70,false
twitch,week,Elona,0.001,5,false
twitch,week,Yakuza,0.001,21,false
twitch,week,Mortal Kombat: Shaolin Monks,0.001,35,false
twitch,week,Coffee Talk: Episode 2 - Hibiscus & Butterfly,0.001,23,false
twitch,week,Dead Island: Definitive Edition,0.001,120,false
twitch,week,Lost and Found Co.,0.001,34,false
twitch,week,The Seven Deadly Sins: Grand Cross,0.001,70,false
twitch,week,F.E.A.R. 2: Project Origin,0.001,34,false
twitch,week,Backpack Brawl,0.001,9,false
twitch,week,Shieldwall,0.001,15,false
twitch,week,Star Stable,0.001,116,false
twitch,week,The Sinking City,0.001,49,false
twitch,week,F1 Manager 2024,0.001,93,false
twitch,week,Retro Arcade Shop Simulator,0.001,60,false
twitch,week,Tom Clancy's Splinter Cell: Chaos Theory,0.001,30,false
twitch,week,Slots Casino Game,0.001,10,false
twitch,week,Punch-Out!!,0.001,7,false
twitch,week,Just Dance,0.001,39,false
twitch,week,RESONANCE OF FATE 4K/HD Edition,0.001,9,false
twitch,week,Powerful Pro Yakyuu 2026-2027,0.001,33,false
twitch,week,Theme Hospital,0.001,6,false
twitch,week,Dive or Die: Children of Rain,0.001,24,false
twitch,week,One Piece: Fighting Path,0.001,12,false
twitch,week,The Lord of the Rings: The Return of the King,0.001,15,false
twitch,week,Unrailed 2: Back on Track,0.001,38,false
twitch,week,Star Trucker,0.001,33,false
twitch,week,Realm Royale Reforged,0.001,26,false
twitch,week,Prominence Poker,0.001,186,false
twitch,week,Atomfall,0.001,72,false
twitch,week,Truck-kun is Supporting Me from Another World?!,0.001,15,false
twitch,week,Ni no Kuni: Wrath of the White Witch Remastered,0.000,34,false
twitch,week,Resident Evil Code: Veronica,0.000,40,false
twitch,week,CRSED: F.O.A.D.,0.000,62,false
twitch,week,Call of Duty: Black Ops - Zombies,0.000,71,false
twitch,week,Lufia & the Fortress of Doom,0.000,5,false
twitch,week,Kingdom Hearts,0.000,55,false
twitch,week,Command & Conquer,0.000,12,false
twitch,week,Medieval Juice Crafter,0.000,56,false
twitch,week,Food Truck Empire,0.000,15,false
twitch,week,Ghosts 'n Goblins,0.000,5,false
twitch,week,Captain Tsubasa II: World Fighters,0.000,86,false
twitch,week,WE ARE SO DEAD,0.000,62,false
twitch,week,Hobby Horse,0.000,5,false
twitch,week,Animal Crossing: New Leaf,0.000,29,false
twitch,week,Coffee Talk: Tokyo,0.000,38,false
twitch,week,Space Station 14,0.000,29,false
twitch,week,DRAGON QUEST MONSTERS: The Withered World,0.000,56,false
twitch,week,X-Men Origins: Wolverine,0.000,65,false
twitch,week,Tom Clancy's Rainbow Six,0.000,142,false
twitch,week,Zombie Army 4: Dead War,0.000,173,false
twitch,week,Digimon Story: Cyber Sleuth - Hacker's Memory,0.000,67,false
twitch,week,Silent Hill: Origins,0.000,39,false
twitch,week,Vampire Crawlers: The Turbo Wildcard from Vampire Survivors,0.000,52,false
twitch,week,Dungeon Defenders II,0.000,38,false
twitch,week,WGT Golf,0.000,77,false
twitch,week,Star Wars: Knights of the Old Republic II - The Sith Lords,0.000,22,false
twitch,week,Digimon Story: Cyber Sleuth,0.000,67,false
twitch,week,Two Point Hospital,0.000,45,false
twitch,week,.hack//G.U. Vol. 1: Rebirth,0.000,14,false
twitch,week,Nuclear Option,0.000,39,false
twitch,week,Fallout: A Post Nuclear Role Playing Game,0.000,39,false
twitch,week,Sonic Mania,0.000,91,false
twitch,week,Fortune Street,0.000,21,false
twitch,week,A.A.U. Black Site,0.000,49,false
twitch,week,Dragon Quest XI: Echoes of an Elusive Age,0.000,26,false
twitch,week,Luma Island,0.000,40,false
twitch,week,Shovel Knight,0.000,36,false
twitch,week,SAROS,0.000,130,false
twitch,week,Plants vs. Zombies 2: It's About Time,0.000,59,false
twitch,week,Wii Sports,0.000,49,false
twitch,week,Paper Mario: The Thousand-Year Door,0.000,10,false
twitch,week,Session: Skate Sim,0.000,71,false
twitch,week,Farm to Table,0.000,20,false
twitch,week,SPLITGATE: Arena Reloaded,0.000,49,false
twitch,week,Sonic Origins,0.000,88,false
twitch,week,Q REMASTERED,0.000,6,false
twitch,week,Last Train Outta' Wormtown,0.000,20,false
twitch,week,Dungeon Fighter Online,0.000,20,false
twitch,week,Little Rocket Lab,0.000,11,false
twitch,week,Ghosts 'n Goblins Resurrection,0.000,10,false
twitch,week,Among Us 3D: VR,0.000,54,false
twitch,week,The Sims,0.000,47,false
twitch,week,Take Care of My Heifer,0.000,19,false
twitch,week,Pokémon Black Version 2,0.000,28,false
twitch,week,Plants vs. Zombies: Heroes,0.000,12,false
twitch,week,F-Zero GX,0.000,19,false
twitch,week,Dream League Soccer 2024,0.000,22,false
twitch,week,DOOM³,0.000,34,false
twitch,week,Witch It,0.000,25,false
twitch,week,Sea Power: Naval Combat in the Missile Age,0.000,15,false
twitch,week,Mega Man X Regenesis,0.000,31,false
twitch,week,Oxide: Survival Island,0.000,148,false
twitch,week,Don’t Sleep with the Fishes,0.000,39,false
twitch,week,MLB The Show 24,0.000,93,false
twitch,week,Hollow Knight Silksong,0.000,20,false
twitch,week,Eden Crafters,0.000,17,false
twitch,week,Call of the Sea,0.000,22,false
twitch,week,Dr. Robotnik's Ring Racers,0.000,15,false
twitch,week,Dravo's Twisted Show,0.000,43,false
twitch,week,Grand Theft Auto: Liberty City Stories,0.000,40,false
twitch,week,Scarlet Hollow,0.000,30,false
twitch,week,Insurgency: Sandstorm,0.000,292,false
twitch,week,Hitman 2: Silent Assassin,0.000,58,false
twitch,week,Super Auto Pets,0.000,50,false
twitch,week,Final Fantasy Tactics Advance,0.000,12,false
twitch,week,Quake III Arena,0.000,12,false
twitch,week,Zelda,0.000,8,false
twitch,week,EA Sports College Football 25,0.000,425,false
twitch,week,Star Wars: Jedi Knight - Jedi Academy,0.000,29,false
twitch,week,Halo 2: Anniversary,0.000,29,false
twitch,week,Coffee Talk,0.000,67,false
twitch,week,Rogue Blight,0.000,11,false
twitch,week,Beauty,0.000,9,false
twitch,week,Apex,0.000,55,false
twitch,week,Mortal Shell,0.000,78,false
twitch,week,Sonic Adventure,0.000,43,false
twitch,week,The Prince of Tennis Doki Doki Survival ~eternal passion! Tie break ♡ game,0.000,17,false
twitch,week,Sly Cooper: Thieves in Time,0.000,11,false
twitch,week,Drink Factory Simulator,0.000,5,false
twitch,week,Halo Wars,0.000,45,false
twitch,week,Critical Ops,0.000,16,false
twitch,week,Spiral Knights,0.000,17,false
twitch,week,Persona 5 Strikers,0.000,46,false
twitch,week,New Pokémon Snap,0.000,20,false
twitch,week,Monster Hunter Frontier G,0.000,33,false
twitch,week,Religious Idle,0.000,14,false
twitch,week,Streets of Rage 2,0.000,29,false
twitch,week,Anime Music Quiz,0.000,33,false
twitch,week,Riven,0.000,11,false
twitch,week,MapleStory N,0.000,13,false
twitch,week,Tomodachi Life,0.000,28,false
twitch,week,Dragon's Dogma,0.000,12,false
twitch,week,A Normal Quiz Game Where You Try to Solve Questions but the Questions Have Tricks and Gimmicks and if You Get Them Wrong You Have to Beat a Wacky Punishment but They Are Kinda Fun So You Lowkey Wanna Do Them Even if It Means Getting the Question Wrong.,0.000,11,false
twitch,week,Dead Island,0.000,57,false
twitch,week,Metalstorm,0.000,58,false
twitch,week,The Lord of the Rings: The Third Age,0.000,15,false
twitch,week,Pro Evolution Soccer 2013,0.000,21,false
twitch,week,Super Mario 3D World,0.000,38,false
twitch,week,Sorare,0.000,15,false
twitch,week,Dungeon Bodega Simulator,0.000,8,false
twitch,week,Fire Pro Wrestling World,0.000,32,false
twitch,week,The No Jumpscare Show,0.000,28,false
twitch,week,Tales of Graces f Remastered,0.000,45,false
twitch,week,The King of Fighters '98,0.000,17,false
twitch,week,The Lord of the Rings: The Battle for Middle-earth,0.000,29,false
twitch,week,Metal: Hellsinger,0.000,30,false
twitch,week,Final Fantasy: Mystic Quest,0.000,24,false
twitch,week,Need for Speed: ProStreet,0.000,27,false
twitch,week,Uncanny Tales: The Watcher,0.000,33,false
twitch,week,Trials of Mana,0.000,20,false
twitch,week,The Event,0.000,13,false
twitch,week,Tekken 7,0.000,75,false
twitch,week,Ace Combat 5: The Unsung War,0.000,34,false
twitch,week,Monster Hunter Stories,0.000,41,false
twitch,week,Winning Eleven: Pro Evolution Soccer 2007,0.000,64,false
twitch,week,Monster Hunter Stories 2: Wings of Ruin,0.000,53,false
twitch,week,Kuroko no Basket: Kiseki no Game,0.000,10,false
twitch,week,Bus Simulator 18,0.000,7,false
twitch,week,How to Make an Atomic Bomb in Your Garden,0.000,10,false
twitch,week,Shine Post: Be Your Idol!,0.000,16,false
twitch,week,Nickelodeon All-Star Brawl 2,0.000,39,false
twitch,week,Game Dev Tycoon,0.000,13,false
twitch,week,Kingdom Hearts 3D: Dream Drop Distance,0.000,13,false
twitch,week,Strikers Club,0.000,62,false
twitch,week,Doom,0.000,133,false
twitch,week,Ratchet & Clank,0.000,92,false
twitch,week,Cast n Chill,0.000,35,false
twitch,week,The Outer Worlds: Spacer's Choice Edition,0.000,45,false
twitch,week,Max Payne 2: The Fall of Max Payne,0.000,42,false
twitch,week,Buckshot Roulette,0.000,80,false
twitch,week,Bus Bound,0.000,35,false
twitch,week,Fallout Shelter,0.000,83,false
twitch,week,NCAA Football 14,0.000,7,false
twitch,week,Don't Panic! It Is Just Turbulence,0.000,53,false
twitch,week,Half-Life: Alyx,0.000,72,false
twitch,week,LEGO The Lord of the Rings,0.000,31,false
twitch,week,Suicide Squad: Kill the Justice League,0.000,110,false
twitch,week,Persona 5 Tactica,0.000,16,false
twitch,week,s&box,0.000,19,false
twitch,week,Human Fall Flat 2,0.000,95,false
twitch,week,Star Wars Galaxies: An Empire Divided,0.000,15,false
twitch,week,Asgard's Fall: Viking Survivors,0.000,12,false
twitch,week,Stubbs the Zombie in Rebel Without a Pulse,0.000,23,false
twitch,week,Lineage M,0.000,6,false
twitch,week,Paper Mario,0.000,14,false
twitch,week,Dungeon Clawler,0.000,31,false
twitch,week,Kebab Chefs!: Restaurant Simulator,0.000,35,false
twitch,week,Cyber Hunter,0.000,19,false
twitch,week,WitchSpring R,0.000,8,false
twitch,week,Escape from Monkey Island,0.000,6,false
twitch,week,Lunar: Silver Star Story Complete,0.000,10,false
twitch,week,Trail & Error,0.000,13,false
twitch,week,Hooked on You: A Dead by Daylight Dating Sim,0.000,17,false
twitch,week,Blood Dungeon,0.000,38,false
twitch,week,Soul's Remnant,0.000,18,false
twitch,week,CookieRun: Kingdom,0.000,57,false
twitch,week,Empire: Total War,0.000,14,false
twitch,week,slot!,0.000,7,false
twitch,week,Mandragora: Whispers of the Witch Tree,0.000,18,false
twitch,week,Bō,0.000,13,false
twitch,week,Mount & Blade: Warband,0.000,34,false
twitch,week,Star Wars: Empire at War,0.000,32,false
twitch,week,Wrestling Empire,0.000,22,false
twitch,week,Crypt Custodian,0.000,17,false
twitch,week,Tactics Ogre: Reborn,0.000,24,false
twitch,week,Police Simulator,0.000,12,false
twitch,week,NBA 2K24,0.000,77,false
twitch,week,Persona 4 Arena Ultimax,0.000,28,false
twitch,week,Among the Sleep,0.000,48,false
twitch,week,Visions of Mana,0.000,32,false
twitch,week,Street Fighter X Tekken,0.000,15,false
twitch,week,The Sims Bustin' Out,0.000,12,false
twitch,week,Street Fighter,0.000,6,false
twitch,week,Pool Blitz,0.000,129,false
twitch,week,Super Mega Baseball 4,0.000,76,false
twitch,week,The Witcher 2: Assassins of Kings - Enhanced Edition,0.000,31,false
twitch,week,BrokenLore: DON'T WATCH,0.000,20,false
twitch,week,The Four Kings Casino and Slots,0.000,34,false
twitch,week,Final Fantasy V,0.000,26,false
twitch,week,Party Animal,0.000,14,false
twitch,week,Yunyun Syndrome!?: Rhythm Psychosis,0.000,29,false
twitch,week,Silent Hill: The Short Message,0.000,148,false
twitch,week,Silent Hill 3,0.000,15,false
twitch,week,Tears of Metal,0.000,52,false
twitch,week,Plants vs. Zombies: Replanted,0.000,64,false
twitch,week,Dark Pals,0.000,19,false
twitch,week,Metro 2033,0.000,43,false
twitch,week,Mario Superstar Baseball,0.000,20,false
twitch,week,The Battle Cats,0.000,51,false
twitch,week,SWORD ART ONLINE Fractured Daydream,0.000,33,false
twitch,week,F.E.A.R. 3,0.000,24,false
twitch,week,Football Manager 2023,0.000,6,false
twitch,week,Ball Guys : Stumble & Fall,0.000,12,false
twitch,week,City Car Driving,0.000,20,false
twitch,week,Ace Combat 04: Shattered Skies,0.000,21,false
twitch,week,RUNNING TRAIN,0.000,13,false
twitch,week,Slot or Not,0.000,6,false
twitch,week,The Secret of Monkey Island: Special Edition,0.000,5,false
twitch,week,Pony Island,0.000,10,false
twitch,week,Dungeon Crawl Stone Soup,0.000,9,false
twitch,week,Football Life 2025,0.000,21,false
twitch,week,MapleStory: Idle RPG,0.000,5,false
twitch,week,Evil School,0.000,19,false
twitch,week,Shiren the Wanderer: The Tower of Fortune and the Dice of Fate,0.000,17,false
twitch,week,VALORANT Mobile,0.000,72,false
twitch,week,Monster Rancher 2 DX,0.000,8,false
twitch,week,Space Haven,0.000,11,false
twitch,week,Metal Gear Solid V: Ground Zeroes,0.000,50,false
twitch,week,The Bus,0.000,71,false
twitch,week,Far Cry,0.000,44,false
twitch,week,SILENT BREATH,0.000,26,false
twitch,week,Eiyuden Chronicle: Hundred Heroes,0.000,27,false
twitch,week,Basketball,0.000,45,false
twitch,week,ALL WILL FALL,0.000,12,false
twitch,week,Tales of the Shire,0.000,22,false
twitch,week,Pro Evolution Soccer,0.000,37,false
twitch,week,Myth of Empires: Throne,0.000,9,false
twitch,week,Xenoblade Chronicles X,0.000,7,false
twitch,week,Warcraft: Orcs & Humans,0.000,10,false
twitch,week,Moo Who?,0.000,12,false
twitch,week,Rusted Moss,0.000,7,false
twitch,week,Chilla's Art: The Kidnap,0.000,14,false
twitch,week,Alone in the Dark,0.000,35,false
twitch,week,Just Dance Now,0.000,14,false
twitch,week,Mega Man 7,0.000,23,false
twitch,week,Call of the Elder Gods,0.000,23,false
twitch,week,It's Fine,0.000,5,false
twitch,week,Once Upon a Galaxy,0.000,9,false
twitch,week,Sinner Maker,0.000,7,false
twitch,week,Jigsaw Puzzle Dreams,0.000,10,false
twitch,week,Tekken Tag Tournament 2,0.000,17,false
twitch,week,FUMBBL Fantasy Football,0.000,10,false
twitch,week,Tales of Maj'Eyal,0.000,8,false
twitch,week,Ogre Battle: The March of the Black Queen,0.000,6,false
twitch,week,Sins of a Solar Empire II,0.000,13,false
twitch,week,Casino,0.000,12,false
twitch,week,Tingus Goose,0.000,13,false
twitch,week,Retro Game Challenge,0.000,16,false
twitch,week,Talk To Me,0.000,44,false
twitch,week,Guns 'n Goblins,0.000,28,false
twitch,week,Fallout 4: Anniversary Edition,0.000,17,false
twitch,week,Mortal Kombat XL,0.000,210,false
twitch,week,Phoenix Wright: Ace Attorney - Dual Destinies,0.000,11,false
twitch,week,Tavern Talk,0.000,14,false
twitch,week,Rhythia,0.000,45,false
twitch,week,The Curse of Monkey Island,0.000,12,false
twitch,week,Company of Heroes 3: Final Stand,0.000,8,false
twitch,week,AI Pixel Battle,0.000,8,false
twitch,week,Sonic P-06,0.000,11,false
twitch,week,Incident Archives: Flight 882,0.000,6,false
twitch,week,Kingdoms of Amalur: Reckoning,0.000,13,false
twitch,week,Grand Theft Auto: Chinatown Wars,0.000,14,false
twitch,week,Final Sentence,0.000,19,false
twitch,week,SimCity,0.000,17,false
twitch,week,Possessor(s),0.000,9,false
twitch,week,EVERYBODY'S GOLF: HOT SHOTS,0.000,14,false
twitch,week,New Super Mario Bros. U Deluxe,0.000,40,false
twitch,week,Halo 3: ODST,0.000,32,false
twitch,week,War of Genesis: Idle Loot,0.000,5,false
twitch,week,POOLS,0.000,25,false
twitch,week,RollerCoaster Tycoon Classic,0.000,15,false
twitch,week,Freestyle2: Street Basketball,0.000,6,false
twitch,week,Thronebreaker: The Witcher Tales,0.000,14,false
twitch,week,RuneScape Classic,0.000,8,false
twitch,week,Staffer Retro : A Supernatural Mystery Quest,0.000,14,false
twitch,week,Mortal Kombat,0.000,56,false
twitch,week,RollerCoaster Tycoon 3,0.000,16,false
twitch,week,The Secret of Monkey Island,0.000,15,false
twitch,week,Halo 4,0.000,28,false
twitch,week,Warcraft I: Remastered,0.000,17,false
twitch,week,DOOM 64,0.000,23,false
twitch,week,METAL GEAR SOLID: MASTER COLLECTION Vol.1,0.000,12,false
twitch,week,9 Childs Street,0.000,6,false
twitch,week,The Witcher: Enhanced Edition Director's Cut,0.000,14,false
twitch,week,Gears Tactics,0.000,25,false
twitch,week,Counter-Strike Nexon,0.000,8,false
twitch,week,AO Tennis 2,0.000,12,false
twitch,week,Sineus Arena Survivors,0.000,14,false
twitch,week,Transformers: Fall of Cybertron,0.000,24,false
twitch,week,Doom 3,0.000,42,false
twitch,week,Monster Train,0.000,8,false
twitch,week,Moonstone Island,0.000,15,false
twitch,week,Command & Conquer: Tiberian Sun,0.000,6,false
twitch,week,Star Ocean: The Second Story R,0.000,20,false
twitch,week,Thief II: The Metal Age,0.000,9,false
twitch,week,Farm Simulator 2025,0.000,14,false
twitch,week,Rocket League Sideswipe,0.000,85,false
twitch,week,Walkabout Mini Golf,0.000,28,false
twitch,week,JoJo’s Bizarre Adventure: All-Star Battle R,0.000,76,false
twitch,week,Just Cause 2,0.000,30,false
twitch,week,Dota,0.000,13,false
twitch,week,D-Extinction,0.000,10,false
twitch,week,"Football, Tactics & Glory",0.000,5,false
twitch,week,Little Witch Nobeta,0.000,9,false
twitch,week,Peggle: World of Warcraft Edition,0.000,6,false
twitch,week,Foolish Mortals,0.000,8,false
twitch,week,My Candy Love,0.000,21,false
twitch,week,Kunitsu-Gami: Path of the Goddess,0.000,9,false
twitch,week,Knights End,0.000,9,false
twitch,week,Return to Monkey Island,0.000,9,false
twitch,week,Just Shapes & Beats,0.000,40,false
twitch,week,Destiny: Rising,0.000,19,false
twitch,week,EZ2ON REBOOT : R,0.000,24,false
twitch,week,Soccer,0.000,11,false
twitch,week,Age of Empires Mobile,0.000,13,false
twitch,week,Silent Hill: Homecoming,0.000,23,false
twitch,week,Streets of Rage,0.000,21,false
twitch,week,"20 More, Somehow Even Smaller, Mazes",0.000,20,false
twitch,week,The Matrix: Path of Neo,0.000,10,false
twitch,week,Dofus Retro,0.000,24,false
twitch,week,Stormworks: Build and Rescue,0.000,26,false
twitch,week,"Below, Rusted Gods",0.000,20,false
twitch,week,Yo-Kai Watch 2: Psychic Specters,0.000,18,false
twitch,week,Grand Theft Auto 2,0.000,15,false
twitch,week,Pokkén Tournament DX,0.000,17,false
twitch,week,Really Illegal Golf,0.000,45,false
twitch,week,MINECRAFT: Legends,0.000,22,false
twitch,week,Mass Effect 3,0.000,11,false
twitch,week,Robox,0.000,24,false
twitch,week,Rune Factory 4 Special,0.000,18,false
twitch,week,Tekken,0.000,9,false
twitch,week,Among Ashes,0.000,10,false
twitch,week,Forest Escape: Last Train,0.000,15,false
twitch,week,Zombie Graveyard Simulator,0.000,18,false
twitch,week,[Stories to Tell]: The Stoneville Incident,0.000,17,false
twitch,week,Grandpa High on Retro,0.000,15,false
twitch,week,School 666,0.000,7,false
twitch,week,Rugby League 26,0.000,74,false
twitch,week,Terrinoth: Heroes of Descent,0.000,13,false
twitch,week,Just Cause 4,0.000,49,false
twitch,week,Train Sim World 6,0.000,54,false
twitch,week,Monkey Island 2: LeChuck's Revenge,0.000,5,false
twitch,week,Let's School,0.000,6,false
twitch,week,Metal Gear Solid: The Twin Snakes,0.000,16,false
twitch,week,Parking in Tight Spaces,0.000,5,false
twitch,week,The Ultimate DOOM,0.000,11,false
twitch,week,Star Wars: Jedi Knight II - Jedi Outcast,0.000,16,false
twitch,week,Euro Truck Simulator,0.000,33,false
twitch,week,Sly 2: Band of Thieves,0.000,36,false
twitch,week,Elder Ring,0.000,8,false
twitch,week,Rhythm Heaven Fever,0.000,10,false
twitch,week,HORSES,0.000,9,false
twitch,week,Hockey,0.000,6,false
twitch,week,Clash: Artifacts of Chaos,0.000,12,false
twitch,week,Bus Simulator Indonesia,0.000,9,false
twitch,week,Rival Stars Horse Racing,0.000,18,false
twitch,week,Tekken Tag Tournament,0.000,9,false
twitch,week,Plants vs. Zombies: Battle for Neighborville,0.000,63,false
twitch,week,Food Truck Simulator,0.000,5,false
twitch,week,Made in Abyss: Binary Star Falling into Darkness,0.000,12,false
twitch,week,Clash of Critters,0.000,10,false
twitch,week,Super Meat Boy 3D,0.000,26,false
twitch,week,Street Fighter Alpha 3,0.000,16,false
twitch,week,Dragon Warrior Monsters,0.000,9,false
twitch,week,Tekken 4,0.000,8,false
twitch,week,RPG Maker MZ,0.000,8,false
twitch,week,Music Maker,0.000,39,false
twitch,week,Apidya' Special,0.000,5,false
twitch,week,Galaxy Burger,0.000,16,false
twitch,week,Zombie Army Trilogy,0.000,31,false
twitch,week,Will: Follow the Light,0.000,9,false
twitch,week,Stone Simulator,0.000,15,false
twitch,week,Kuroko's Basketball Street Rivals,0.000,10,false
twitch,week,Lethal League Blaze,0.000,18,false
twitch,week,Glover,0.000,7,false
twitch,week,Puppy Truck,0.000,10,false
twitch,week,Final Fantasy Tactics: The War of the Lions,0.000,5,false
twitch,week,Print I Love U,0.000,11,false
twitch,week,Ariana and the Elder Codex,0.000,9,false
twitch,week,Barking from the Dark,0.000,6,false
twitch,week,Sword of the Sea,0.000,25,false
twitch,week,C,0.000,9,false
twitch,week,Monster Hunter G,0.000,7,false
twitch,week,Fae Farm,0.000,11,false
twitch,week,Click the Button,0.000,21,false
twitch,week,Empires of the Undergrowth,0.000,8,false
twitch,week,Pixel Gun 3D,0.000,37,false
twitch,week,Mario Tennis Fever,0.000,19,false
twitch,week,Star Ocean: The Last Hope - 4K & Full HD Remaster,0.000,6,false
twitch,week,Plants vs. Zombies: Garden Warfare,0.000,45,false
twitch,week,Blade & Sorcery,0.000,54,false
twitch,week,Silent Still II,0.000,23,false
twitch,week,Animal Company,0.000,71,false
twitch,week,Marc Eckō's Getting Up: Contents Under Pressure,0.000,9,false
twitch,week,Dungeon Lurker,0.000,7,false
twitch,week,School Labyrinth,0.000,8,false
twitch,week,Gemporium,0.000,12,false
twitch,week,Lost & Found: A This Bed We Made Story,0.000,9,false
twitch,week,The Prince of Tennis Sweet School Festival ♡-40 and more...,0.000,14,false
twitch,week,American Truck,0.000,18,false
twitch,week,Rogue Galaxy,0.000,10,false
twitch,week,Final Fantasy Legend II,0.000,6,false
twitch,week,Backyard Baseball 2001,0.000,10,false
twitch,week,Pokémon Puzzle League,0.000,16,false
twitch,week,There Are No Ghosts at the Grand,0.000,7,false
twitch,week,Animal Shelter 2,0.000,10,false
twitch,week,Tattoo Tycoon,0.000,10,false
twitch,week,Sejm The Game,0.000,7,false
twitch,week,METAL GEAR Ghost Babel,0.000,5,false
twitch,week,Alien Swarm: Reactive Drop,0.000,8,false
twitch,week,Poker Chase,0.000,13,false
twitch,week,The Hollowing,0.000,25,false
twitch,week,Event[0],0.000,5,false
twitch,week,Looney Tunes: Sheep Raider,0.000,10,false
twitch,week,Hollywood Animal,0.000,6,false
twitch,week,Syberia,0.000,10,false
twitch,week,Fall Again,0.000,12,false
twitch,week,Makeup Master: Beauty Salon,0.000,6,false
twitch,week,BMX Streets,0.000,61,false
twitch,week,Ratchet & Clank: Size Matters,0.000,5,false
twitch,week,Uncharted 2: Among Thieves Remastered,0.000,14,false
twitch,week,Sword Art Online: Hollow Realization,0.000,11,false
twitch,week,Dream League Soccer 2025,0.000,18,false
twitch,week,Goblin Vyke: The Thief Tycoon,0.000,8,false
twitch,week,Blazing Sails,0.000,7,false
twitch,week,Final Fantasy Tactics A2: Grimoire of the Rift,0.000,5,false
twitch,week,Metroid: Other M,0.000,6,false
twitch,week,Phoenix Wright: Ace Attorney - Trials and Tribulations,0.000,10,false
twitch,week,The Urbz: Sims in the City,0.000,7,false
twitch,week,Tekken 5: Dark Resurrection,0.000,14,false
twitch,week,N++,0.000,9,false
twitch,week,Ragnarok M: Eternal Love,0.000,6,false
twitch,week,F-ZERO,0.000,11,false
twitch,week,King's Well,0.000,6,false
twitch,week,F-Zero X,0.000,13,false
twitch,week,New Super Mario Bros. U,0.000,19,false
twitch,week,Rune Factory 3 Special,0.000,5,false
twitch,week,Lotsa Slots,0.000,8,false
twitch,week,Poker Night at the Inventory,0.000,16,false
twitch,week,Deep Dish Dungeon,0.000,12,false
twitch,week,Poker Fate,0.000,5,false
twitch,week,Uncanny Cat Golf,0.000,13,false
twitch,week,Fitness Boxing feat. Hatsune Miku,0.000,10,false
twitch,week,Devil Spire Falls,0.000,7,false
twitch,week,Hatsune Miku: Project DIVA Mega Mix,0.000,16,false
twitch,week,Legend of Mana,0.000,6,false
twitch,week,Camp Hollow,0.000,6,false
twitch,week,Last Train Home,0.000,5,false
twitch,week,Bus Simulator 21,0.000,22,false
twitch,week,Injustice: Gods Among Us,0.000,33,false
twitch,week,Thick as Thieves,0.000,5,false
twitch,week,Ruined King: A League of Legends Story,0.000,9,false
twitch,week,Chef Knight,0.000,12,false
twitch,week,Poker Club,0.000,15,false
twitch,week,BrokenLore: Follow,0.000,6,false
twitch,week,White Day: A Labyrinth Named School,0.000,10,false
twitch,week,MapleStory M,0.000,11,false
twitch,week,D-TOPIA,0.000,5,false
twitch,week,Mario Golf: Toadstool Tour,0.000,14,false
twitch,week,Minecraft: Story Mode - Season Two,0.000,10,false
twitch,week,Super Crazy Rhythm Castle,0.000,5,false
twitch,week,OpenTTD,0.000,13,false
twitch,week,Cat Quest II,0.000,13,false
twitch,week,Jujutsu Kaisen: Cursed Clash,0.000,18,false
twitch,week,Super Mario 3D Land,0.000,7,false
twitch,week,Art Alive,0.000,20,false
twitch,week,Path to Nowhere,0.000,5,false
twitch,week,Mortal Kombat: Armageddon,0.000,10,false
twitch,week,Meet Your Maker,0.000,8,false
twitch,week,Apex Legends Mobile,0.000,32,false
twitch,week,I Am Jesus Christ,0.000,16,false
twitch,week,Sly 3: Honor Among Thieves,0.000,15,false
twitch,week,Chrono Ark,0.000,6,false
twitch,week,Ys: Memories of Celceta,0.000,5,false
twitch,week,League Challenge,0.000,23,false
twitch,week,Star Fox,0.000,13,false
twitch,week,Fuck's Quest II,0.000,9,false
twitch,week,Hospital 666,0.000,11,false
twitch,week,Plants vs. Zombies: Fusion,0.000,21,false
twitch,week,Cosplay Maker,0.000,14,false
twitch,week,Ultimate Mortal Kombat 3,0.000,9,false
twitch,week,PGA TOUR 2K23,0.000,21,false
twitch,week,Animal Crossing: Wild World,0.000,11,false
twitch,week,The Ghost Train,0.000,7,false
twitch,week,The IDOLM@STER Shiny Colors: Song for Prism,0.000,8,false
twitch,week,art of rally,0.000,12,false
twitch,week,Tekken 6,0.000,29,false
twitch,week,CS2D,0.000,19,false
twitch,week,Five Nights at Candy's Remastered,0.000,6,false
twitch,week,Just Another Night Shift,0.000,5,false
twitch,week,Kingdoms Reborn,0.000,10,false
twitch,week,Witch's Doll,0.000,5,false
twitch,week,Zombies Ate My Neighbors,0.000,13,false
twitch,week,Drunk Builder Simulator,0.000,6,false
twitch,week,Delta Force: Black Hawk Down,0.000,10,false
twitch,week,Raging Loop,0.000,5,false
twitch,week,Flashing Lights: Police Fire EMS,0.000,11,false
twitch,week,Super Monkey Ball: Banana Mania,0.000,11,false
twitch,week,Tekken 3,0.000,21,false
twitch,week,Halo: Combat Evolved Anniversary,0.000,10,false
twitch,week,.hack//G.U. Vol. 2: Reminisce,0.000,9,false
twitch,week,Captain Tsubasa: Rise of New Champions,0.000,25,false
twitch,week,Shutter Story,0.000,11,false
twitch,week,R-Type Dimensions III,0.000,6,false
twitch,week,Seven Knights Re:BIRTH,0.000,12,false
twitch,week,Bus Simulator,0.000,26,false
twitch,week,Farm Together,0.000,12,false
twitch,week,Killer Chat!: Original Edition,0.000,9,false
twitch,week,Aquapark Tycoon,0.000,7,false
twitch,week,Mega Man Maker,0.000,10,false
twitch,week,Cyber Knights: Flashpoint,0.000,5,false
twitch,week,The Final Witness,0.000,12,false
twitch,week,Wild Arms 4,0.000,6,false
twitch,week,MLB The Show 23,0.000,19,false
twitch,week,OKUGAFUCHI Shopping Arcade,0.000,5,false
twitch,week,HD Poker,0.000,6,false
twitch,week,Block Strike,0.000,18,false
twitch,week,Chicken Police,0.000,6,false
twitch,week,Oddworld: New 'n' Tasty,0.000,12,false
twitch,week,New Super Luigi U,0.000,5,false
twitch,week,Sword Art Online: Fatal Bullet,0.000,22,false
twitch,week,Truck & Logistics Simulator,0.000,27,false
twitch,week,Alaskan Road Truckers,0.000,32,false
twitch,week,Infinity: HexaDome Tactics,0.000,6,false
twitch,week,Prince of Persia,0.000,8,false
twitch,week,Metal Gear,0.000,9,false
twitch,week,SoulWorker,0.000,10,false
twitch,week,Hearth and Hamlet,0.000,6,false
twitch,week,Naruto: Gekitou Ninja Taisen! 4,0.000,6,false
twitch,week,Candy Crush Saga,0.000,23,false
twitch,week,Idle Slayer,0.000,7,false
twitch,week,Dreamcore,0.000,11,false
twitch,week,Myst III: Exile,0.000,6,false
twitch,week,R4: Ridge Racer Type 4,0.000,6,false
twitch,week,Dungeon Brawl,0.000,8,false
twitch,week,N,0.000,8,false
twitch,week,Super Lesbian Animal RPG,0.000,8,false
twitch,week,Zombs Royale,0.000,5,false
twitch,week,Hero Wars,0.000,7,false
twitch,week,Motion Soccer Pro,0.000,6,false
twitch,week,DNF Duel,0.000,5,false
twitch,week,Under Kingdom: Scam Centre Simulator,0.000,5,false
twitch,week,Slots & Daggers,0.000,6,false
twitch,week,Setting Sun,0.000,22,false
twitch,week,Metal Slug Awakening,0.000,11,false
twitch,week,RPG Maker MV,0.000,5,false
twitch,week,Hockey TV,0.000,10,false
twitch,week,ZombiU,0.000,11,false
twitch,week,News Tower,0.000,9,false
twitch,week,Dagon,0.000,6,false
twitch,week,Mario Strikers Charged,0.000,7,false
twitch,week,This Is the Police,0.000,7,false
twitch,week,DOOM II,0.000,10,false
twitch,week,Helix: Descent N Ascent,0.000,6,false
twitch,week,"Ed, Edd n Eddy: The Mis-Edventures",0.000,7,false
twitch,week,Rustler,0.000,5,false
twitch,week,The Mr. Rabbit Magic Show,0.000,6,false
twitch,week,Ale Abbey,0.000,5,false
twitch,week,Nazi Zombies,0.000,9,false
twitch,week,Train Sim World 5,0.000,27,false
twitch,week,Counter-Strike Online,0.000,10,false
twitch,week,FIFA 14,0.000,24,false
twitch,week,Tennis,0.000,8,false
twitch,week,8 Ball Pool Online,0.000,13,false
twitch,week,Escape Academy 2: Back 2 School,0.000,9,false
twitch,week,Warcraft Rumble,0.000,6,false
twitch,week,Super Smash Bros. for Wii U,0.000,7,false
twitch,week,Shadow Tactics: Blades of the Shogun,0.000,5,false
twitch,week,Morbid Metal,0.000,14,false
twitch,week,Yoshi's Crafted World,0.000,6,false
twitch,week,8-Ball Pool,0.000,11,false
twitch,week,FNaF 4 Retro Edition,0.000,9,false
twitch,week,Mortal Shell: Enhanced Edition,0.000,8,false
twitch,week,Die in the Dungeon,0.000,8,false
twitch,week,Project Hospital,0.000,5,false
twitch,week,.hack//G.U. Vol. 3: Redemption,0.000,5,false
twitch,week,Police Stories,0.000,6,false
twitch,week,Command & Conquer: Red Alert 3 - Uprising,0.000,6,false
twitch,week,Ships at Sea,0.000,5,false
twitch,week,Chat Guess Games,0.000,5,false
twitch,week,Pure Pool Pro,0.000,8,false
twitch,week,Fitness Boxing 3: Your Personal Trainer,0.000,13,false
twitch,week,Five Nights at Freddy's: BLOOD & GEARS,0.000,6,false
twitch,week,Q,0.000,8,false
twitch,week,Neo Turf Masters,0.000,5,false
twitch,week,Forknite,0.000,12,false
twitch,week,Five Nights at Candy's 3,0.000,6,false
twitch,week,Coin Pusher Casino,0.000,6,false
twitch,week,MY HERO ACADEMIA: All's Justice,0.000,12,false
twitch,week,Bakugan Battle Brawlers,0.000,7,false
twitch,week,NBA 2K Mobile Basketball,0.000,9,false
twitch,week,Cadence of Hyrule: Crypt of the NecroDancer Featuring the Legend of Zelda,0.000,6,false
twitch,week,Shadow Dungeon,0.000,6,false
twitch,week,Ranger’s Path: National Park Simulator,0.000,7,false
twitch,week,Real Pool 3D - Poolians,0.000,12,false
twitch,week,Eleven: Table Tennis VR,0.000,5,false
twitch,week,Tales Beyond the Tomb: The Farm's Secret,0.000,5,false
twitch,week,Pinball FX Midnight,0.000,13,false
twitch,week,Apex Construct,0.000,10,false
twitch,week,Pure Pool,0.000,14,false
twitch,week,The Sims Medieval,0.000,8,false
twitch,week,Craft the World,0.000,6,false
twitch,week,CRSED: Cuisine Royale,0.000,8,false
twitch,week,"Hello Charlotte Ep.1: Junk Food, Gods and Teddy Bears",0.000,5,false
twitch,week,Naruto Arena,0.000,6,false
twitch,week,Wordatro!,0.000,6,false
twitch,week,Counter-Strike: Condition Zero,0.000,6,false
twitch,week,Mixtape,0.000,15,false
twitch,week,Scramble Knights Online,0.000,5,false
twitch,week,City Car Driving 2.0,0.000,5,false
twitch,week,Crafting and Building: Exploration Craft,0.000,6,false
twitch,week,PUMP IT UP R!SE,0.000,7,false
twitch,week,Diablo V,0.000,7,false
twitch,week,Sword Art Online Re: Hollow Fragment,0.000,5,false
twitch,week,The Lord of the Rings: The Two Towers,0.000,5,false
twitch,week,Chess Ultra,0.000,10,false
twitch,week,Hard Truck 2: King of the Road,0.000,6,false
twitch,week,"Warhammer 40,000: Space Marine - Master Crafted Edition",0.000,12,false
twitch,week,Spark in the Dark,0.000,6,false
twitch,week,Starfox,0.000,5,false
twitch,week,R.U.S.E.,0.000,6,false
twitch,week,Yoshi's Woolly World,0.000,6,false
twitch,week,BlazBlue: Entropy Effect X,0.000,10,false
twitch,week,Police Officer,0.000,5,false
twitch,week,Ocean World: Eden Crafters Prologue,0.000,7,false
twitch,week,Watch TV,0.000,8,false
twitch,week,Empire Earth,0.000,5,false
twitch,week,Corner Kitchen Fast Food Simulator,0.000,5,false
twitch,week,Pro Evolution Soccer 2010,0.000,5,false
twitch,week,Classic Solitaire НD,0.000,6,false
twitch,week,Cat Chess,0.000,6,false
twitch,week,Anime City,0.000,7,false
twitch,week,City Bus Manager,0.000,5,false
twitch,week,Tennis Elbow 4,0.000,5,false
twitch,week,FIA European Truck Racing Championship,0.000,7,false
twitch,week,Chess Online,0.000,7,false
twitch,week,Super Contra,0.000,5,false
twitch,week,Smack Talk,0.000,6,false
twitch,week,Mario Power Tennis,0.000,5,false
twitch,week,Rusted Warfare,0.000,5,false
twitch,week,Minecraft Education,0.000,7,false
twitch,week,Diamond Painting ASMR,0.000,6,false
twitch,week,Autobahn Police Simulator 3,0.000,5,false
twitch,week,MLB The Show 16,0.000,5,false
twitch,week,Galador: The Prince and the Coward,0.000,7,false
twitch,week,Talking Ben the Dog,0.000,7,false
twitch,week,NHL 95,0.000,5,false
twitch,week,Vlogger Go Viral,0.000,10,false
twitch,week,FIFA Street,0.000,5,false
twitch,week,Talk to Strangers,0.000,5,false
twitch,week,Astro Arena,0.000,6,false
twitch,week,(other: 618 categories with fewer than 5 channels),0.023,,false
twitch,2026-09-26,Just Chatting,8.166,336,false
twitch,2026-09-26,Fortnite,6.163,273,false
twitch,2026-09-26,IRL,5.122,209,false
twitch,2026-09-26,Grand Theft Auto V,4.850,200,false
twitch,2026-09-26,Dota 2,4.269,222,false
twitch,2026-09-26,World of Warcraft,3.988,167,false
twitch,2026-09-26,League of Legends,3.972,182,false
twitch,2026-09-26,VALORANT,3.644,242,false
twitch,2026-09-26,Rust,3.179,127,false
twitch,2026-09-26,Counter-Strike,2.379,314,false
twitch,2026-09-26,EA Sports FC 27,2.262,203,false
twitch,2026-09-26,Minecraft,1.998,274,false
twitch,2026-09-26,WARDOGS,1.750,203,false
twitch,2026-09-26,Apex Legends,1.704,233,false
twitch,2026-09-26,Valheim,1.387,182,false
twitch,2026-09-26,Marvel Rivals,1.086,235,false
twitch,2026-09-26,Special Events,1.067,170,false
twitch,2026-09-26,World of Tanks,1.046,201,false
twitch,2026-09-26,Slots,1.045,223,true
twitch,2026-09-26,Teamfight Tactics,0.945,230,false
twitch,2026-09-26,SILENT HILL: townfall,0.900,240,false
twitch,2026-09-26,Rainbow Six Siege,0.854,287,false
twitch,2026-09-26,Always On,0.830,76,false
twitch,2026-09-26,Escape from Tarkov: Arena,0.804,152,false
twitch,2026-09-26,Overwatch,0.740,207,false
twitch,2026-09-26,Delta Force,0.691,195,false
twitch,2026-09-26,Rocket League,0.669,246,false
twitch,2026-09-26,Graveyard Keeper II,0.621,220,false
twitch,2026-09-26,ASMR,0.609,206,false
twitch,2026-09-26,PUBG: BATTLEGROUNDS,0.594,283,false
twitch,2026-09-26,I'm Only Sleeping,0.591,151,false
twitch,2026-09-26,Call of Duty: Warzone,0.588,217,false
twitch,2026-09-26,Dead by Daylight,0.574,252,false
twitch,2026-09-26,Pokémon Champions,0.517,318,false
twitch,2026-09-26,Hearthstone,0.510,232,false
twitch,2026-09-26,Sports,0.486,347,false
twitch,2026-09-26,Escape from Tarkov,0.481,234,false
twitch,2026-09-26,NBA 2K27,0.469,159,false
twitch,2026-09-26,DJs,0.465,248,false
twitch,2026-09-26,Aniimo,0.457,219,false
twitch,2026-09-26,Big Walk,0.454,308,false
twitch,2026-09-26,Z1: Battle Royale,0.430,225,false
twitch,2026-09-26,Music,0.405,261,false
twitch,2026-09-26,Games + Demos,0.403,385,false
twitch,2026-09-26,Diablo IV,0.398,199,false
twitch,2026-09-26,Genshin Impact,0.397,289,false
twitch,2026-09-26,Deadlock,0.376,225,false
twitch,2026-09-26,Black Desert,0.368,153,false
twitch,2026-09-26,Street Fighter 6,0.355,331,false
twitch,2026-09-26,Retro,0.345,222,false
twitch,2026-09-26,Albion Online,0.325,170,false
twitch,2026-09-26,ARC Raiders,0.324,198,false
twitch,2026-09-26,Old School RuneScape,0.320,219,false
twitch,2026-09-26,ELDEN RING,0.318,261,false
twitch,2026-09-26,Arena Breakout: Infinite,0.316,174,false
twitch,2026-09-26,Age of Empires II,0.310,240,false
twitch,2026-09-26,Poker,0.307,207,true
twitch,2026-09-26,VRChat,0.306,318,false
twitch,2026-09-26,Fire Emblem: Fortune's Weave,0.304,224,false
twitch,2026-09-26,Total War: WARHAMMER III,0.303,214,false
twitch,2026-09-26,Tibia,0.301,168,false
twitch,2026-09-26,"Animals, Aquariums, and Zoos",0.295,46,false
twitch,2026-09-26,Chess,0.267,313,false
twitch,2026-09-26,Art,0.259,259,false
twitch,2026-09-26,Warframe,0.249,204,false
twitch,2026-09-26,Crypto,0.241,140,false
twitch,2026-09-26,Virtual Casino,0.231,127,true
twitch,2026-09-26,Project Zomboid,0.230,220,false
twitch,2026-09-26,Pokémon FireRed/LeafGreen,0.227,218,false
twitch,2026-09-26,iRacing,0.216,235,false
twitch,2026-09-26,AION 2,0.210,188,false
twitch,2026-09-26,Madden NFL 27,0.200,369,false
twitch,2026-09-26,Pokémon,0.197,219,false
twitch,2026-09-26,RuneScape: Dragonwilds,0.196,274,false
twitch,2026-09-26,Tom Clancy's The Division 2,0.194,184,false
twitch,2026-09-26,DayZ,0.192,224,false
twitch,2026-09-26,Dungeons & Dragons,0.191,249,false
twitch,2026-09-26,Software and Game Development,0.189,245,false
twitch,2026-09-26,Marbles on Stream,0.188,247,false
twitch,2026-09-26,Halloween: The Game,0.187,320,false
twitch,2026-09-26,FINAL FANTASY XIV ONLINE,0.181,247,false
twitch,2026-09-26,Heroes of Might and Magic III: The Restoration of Erathia,0.177,132,false
twitch,2026-09-26,Super Mario Maker 2,0.174,150,false
twitch,2026-09-26,Watch Your Plastic Duck,0.172,9,false
twitch,2026-09-26,"Pools, Hot Tubs, and Beaches",0.171,156,false
twitch,2026-09-26,Destiny 2,0.170,202,false
twitch,2026-09-26,Mobile Legends: Bang Bang,0.168,273,false
twitch,2026-09-26,Where Winds Meet,0.167,260,false
twitch,2026-09-26,Star Citizen,0.162,177,false
twitch,2026-09-26,DRAGON QUEST VII Reimagined,0.162,32,false
twitch,2026-09-26,Hunt: Showdown 1896,0.158,246,false
twitch,2026-09-26,Food & Drink,0.156,223,false
twitch,2026-09-26,Sea of Thieves,0.155,209,false
twitch,2026-09-26,ROBLOX,0.155,454,false
twitch,2026-09-26,Pokémon Trading Card Game,0.148,259,false
twitch,2026-09-26,Path of Exile 2,0.147,166,false
twitch,2026-09-26,Clash Royale,0.147,408,false
twitch,2026-09-26,Trackmania,0.141,214,false
twitch,2026-09-26,Don't Drop The Cake,0.136,25,false
twitch,2026-09-26,The Isle,0.136,264,false
twitch,2026-09-26,The Blood of Dawnwalker,0.135,256,false
twitch,2026-09-26,Talk Shows & Podcasts,0.133,271,false
twitch,2026-09-26,Magic: The Gathering,0.132,274,false
twitch,2026-09-26,Red Dead Redemption II,0.130,289,false
twitch,2026-09-26,BanG Dream! Our Notes,0.128,55,false
twitch,2026-09-26,Heroes of the Storm,0.123,256,false
twitch,2026-09-26,How to Fish,0.120,396,false
twitch,2026-09-26,Call of Duty: Black Ops 7,0.117,287,false
twitch,2026-09-26,Battlefield 6,0.115,227,false
twitch,2026-09-26,Pokémon GO,0.113,188,false
twitch,2026-09-26,Shift at Midnight,0.113,354,false
twitch,2026-09-26,Cyberpunk 2077,0.111,335,false
twitch,2026-09-26,Pokémon HeartGold/SoulSilver,0.111,112,false
twitch,2026-09-26,nanos world,0.109,73,false
twitch,2026-09-26,Happy Wheels,0.108,142,false
twitch,2026-09-26,THE FINALS,0.107,244,false
twitch,2026-09-26,Animaly Bar: NO HUMANITY!,0.104,34,false
twitch,2026-09-26,ARK: Survival Ascended,0.104,196,false
twitch,2026-09-26,MapleStory,0.104,181,false
twitch,2026-09-26,BOMBANANA!,0.102,393,false
twitch,2026-09-26,TEKKEN 8,0.101,361,false
twitch,2026-09-26,Warcraft III,0.100,278,false
twitch,2026-09-26,theHunter: Call of the Wild,0.100,290,false
twitch,2026-09-26,F1 25,0.099,530,false
twitch,2026-09-26,Geometry Dash,0.099,519,false
twitch,2026-09-26,Call of Duty: Black Ops,0.098,342,false
twitch,2026-09-26,Jinro Metropolis,0.097,36,false
twitch,2026-09-26,SMITE 2,0.093,237,false
twitch,2026-09-26,Terraria,0.093,329,false
twitch,2026-09-26,Knight Online,0.091,165,false
twitch,2026-09-26,War Thunder,0.090,325,false
twitch,2026-09-26,The Elder Scrolls V: Skyrim,0.087,363,false
twitch,2026-09-26,Phasmophobia,0.085,387,false
twitch,2026-09-26,League of Legends: Wild Rift,0.084,265,false
twitch,2026-09-26,Clair Obscur: Expedition 33,0.083,289,false
twitch,2026-09-26,Dofus,0.082,172,false
twitch,2026-09-26,Slay the Spire II,0.079,368,false
twitch,2026-09-26,Yu-Gi-Oh! Master Duel,0.078,358,false
twitch,2026-09-26,Shakes and Fidget,0.078,35,false
twitch,2026-09-26,Riftbound,0.077,68,false
twitch,2026-09-26,Lost Ark,0.075,167,false
twitch,2026-09-26,DARK SOULS II: Scholar of the First Sin,0.073,298,false
twitch,2026-09-26,PEAK,0.072,419,false
twitch,2026-09-26,The Binding of Isaac: Repentance,0.071,430,false
twitch,2026-09-26,Zenless Zone Zero,0.071,406,false
twitch,2026-09-26,RimWorld,0.069,194,false
twitch,2026-09-26,Super Mario 64,0.068,221,false
twitch,2026-09-26,The Sims 4,0.065,314,false
twitch,2026-09-26,The Elder Scrolls V: Skyrim - Special Edition,0.065,259,false
twitch,2026-09-26,Anime Squad,0.063,74,false
twitch,2026-09-26,Once Human,0.063,235,false
twitch,2026-09-26,Eternal Return,0.062,165,false
twitch,2026-09-26,Halo Infinite,0.061,307,false
twitch,2026-09-26,Farming Simulator 25,0.061,292,false
twitch,2026-09-26,Rise Online,0.061,65,false
twitch,2026-09-26,Baldur's Gate 3,0.060,326,false
twitch,2026-09-26,Super Smash Bros. Ultimate,0.059,330,false
twitch,2026-09-26,Summoners War: Sky Arena,0.058,72,false
twitch,2026-09-26,Guild Wars 2,0.058,256,false
twitch,2026-09-26,Pogostuck: Rage With Your Friends,0.057,64,false
twitch,2026-09-26,Mario Kart World,0.056,319,false
twitch,2026-09-26,Brawl Stars,0.056,415,false
twitch,2026-09-26,Grand Theft Auto: San Andreas,0.055,331,false
twitch,2026-09-26,American Truck Simulator,0.054,321,false
twitch,2026-09-26,R.E.P.O.,0.053,434,false
twitch,2026-09-26,EVE Online,0.052,120,false
twitch,2026-09-26,Persona 5 Royal,0.052,282,false
twitch,2026-09-26,Le Mans Ultimate,0.052,290,false
twitch,2026-09-26,Palia,0.052,243,false
twitch,2026-09-26,Stardew Valley,0.052,339,false
twitch,2026-09-26,MLB The Show 26,0.051,418,false
twitch,2026-09-26,Dark Souls: Remastered,0.051,321,false
twitch,2026-09-26,Fall Guys,0.050,412,false
twitch,2026-09-26,ELDEN RING NIGHTREIGN,0.050,272,false
twitch,2026-09-26,Co-working & Studying,0.049,213,false
twitch,2026-09-26,EA Sports FC 26,0.049,440,false
twitch,2026-09-26,Microsoft Flight Simulator 2024,0.049,276,false
twitch,2026-09-26,Politics,0.048,91,false
twitch,2026-09-26,Kingdom Hearts HD 1.5 + 2.5 ReMIX,0.048,308,false
twitch,2026-09-26,GeoGuessr,0.047,377,false
twitch,2026-09-26,osu!,0.047,491,false
twitch,2026-09-26,Marathon,0.046,253,false
twitch,2026-09-26,PlateUp!,0.046,134,false
twitch,2026-09-26,Palworld,0.045,313,false
twitch,2026-09-26,Diablo II: Resurrected,0.045,207,false
twitch,2026-09-26,MECCHA CHAMELEON,0.044,417,false
twitch,2026-09-26,Diablo II,0.044,52,false
twitch,2026-09-26,The Legend of Zelda: Breath of the Wild,0.043,226,false
twitch,2026-09-26,Lies of P,0.043,289,false
twitch,2026-09-26,Pokémon Community Game,0.042,111,false
twitch,2026-09-26,Hollow Knight: Silksong,0.042,324,false
twitch,2026-09-26,DARK SOULS III,0.042,337,false
twitch,2026-09-26,REMATCH,0.041,436,false
twitch,2026-09-26,Liar's Bar,0.041,85,false
twitch,2026-09-26,Path of Exile,0.041,185,false
twitch,2026-09-26,No Man's Sky,0.041,284,false
twitch,2026-09-26,WarCraft II: Tides of Darkness,0.040,6,false
twitch,2026-09-26,Euro Truck Simulator 2,0.039,322,false
twitch,2026-09-26,Call of Duty,0.039,511,false
twitch,2026-09-26,Super Smash Bros. Melee,0.038,161,false
twitch,2026-09-26,Animal Crossing: New Horizons,0.038,171,false
twitch,2026-09-26,Shiren the Wanderer: The Mystery Dungeon of Serpentcoil Island,0.037,54,false
twitch,2026-09-26,"Pokémon: Let's Go, Pikachu!/Eevee!",0.037,27,false
twitch,2026-09-26,Dark and Darker,0.037,208,false
twitch,2026-09-26,Pokémon Emerald Version,0.037,195,false
twitch,2026-09-26,Fallout 76,0.037,310,false
twitch,2026-09-26,STALZONE,0.036,266,false
twitch,2026-09-26,Casino Simulator 2024,0.036,31,false
twitch,2026-09-26,Dragon's Dogma II,0.035,174,false
twitch,2026-09-26,"Warhammer 40,000: Space Marine II",0.035,370,false
twitch,2026-09-26,Makers & Crafting,0.035,262,false
twitch,2026-09-26,EA Sports College Football 27,0.035,763,false
twitch,2026-09-26,Clash of Clans,0.035,146,false
twitch,2026-09-26,The Elder Scrolls Online,0.035,271,false
twitch,2026-09-26,Science & Technology,0.034,132,false
twitch,2026-09-26,FINAL FANTASY VII,0.034,112,false
twitch,2026-09-26,NARAKA: BLADEPOINT,0.034,223,false
twitch,2026-09-26,Gartic Phone,0.034,363,false
twitch,2026-09-26,God of War,0.034,304,false
twitch,2026-09-26,Age of Empires IV,0.033,168,false
twitch,2026-09-26,Football Manager 26,0.033,134,false
twitch,2026-09-26,Gakuen iDOLM@STER,0.033,11,false
twitch,2026-09-26,TCG Card Shop Simulator,0.033,302,false
twitch,2026-09-26,Vintage Story,0.032,130,false
twitch,2026-09-26,Hollow Knight,0.032,375,false
twitch,2026-09-26,For Honor,0.032,395,false
twitch,2026-09-26,Forza Horizon 6,0.032,370,false
twitch,2026-09-26,Kingdom Come: Deliverance II,0.031,263,false
twitch,2026-09-26,Infinite Craft,0.031,29,false
twitch,2026-09-26,Call of Duty: Black Ops II,0.031,468,false
twitch,2026-09-26,Jackbox Party Packs,0.031,264,false
twitch,2026-09-26,Among Us,0.031,455,false
twitch,2026-09-26,RESIDENT EVIL: requiem,0.031,381,false
twitch,2026-09-26,Pokémon UNITE,0.031,265,false
twitch,2026-09-26,Garry's Mod,0.031,210,false
twitch,2026-09-26,Honkai: Star Rail,0.030,390,false
twitch,2026-09-26,LEGO Batman: Legacy of the Dark Knight,0.030,187,false
twitch,2026-09-26,eFootball,0.030,506,false
twitch,2026-09-26,Halo: The Master Chief Collection,0.030,294,false
twitch,2026-09-26,Metaphor: ReFantazio,0.029,111,false
twitch,2026-09-26,Pokémon Black/White,0.029,57,false
twitch,2026-09-26,Miniatures & Models,0.029,216,false
twitch,2026-09-26,Dead Space,0.029,221,false
twitch,2026-09-26,Normal Golf Game,0.029,50,false
twitch,2026-09-26,The Witcher 3: Wild Hunt,0.028,296,false
twitch,2026-09-26,the cabin game,0.028,85,false
twitch,2026-09-26,Heroes of Might & Magic: Olden Era,0.028,65,false
twitch,2026-09-26,The Legend of Zelda: Twilight Princess,0.028,205,false
twitch,2026-09-26,Star Wars Zero Company,0.027,242,false
twitch,2026-09-26,Minecraft Dungeons,0.027,247,false
twitch,2026-09-26,Super Mario World,0.026,185,false
twitch,2026-09-26,Shadowverse: Worlds Beyond,0.026,135,false
twitch,2026-09-26,Black Russia,0.026,85,false
twitch,2026-09-26,Europa Universalis V,0.025,29,false
twitch,2026-09-26,Lethal Company,0.025,327,false
twitch,2026-09-26,HELLDIVERS 2,0.025,113,false
twitch,2026-09-26,RuneScape,0.024,155,false
twitch,2026-09-26,Resident Evil 6,0.024,257,false
twitch,2026-09-26,NTE: Neverness to Everness,0.024,431,false
twitch,2026-09-26,The Legend of Zelda: Majora's Mask,0.024,143,false
twitch,2026-09-26,POOL LOOP,0.024,9,false
twitch,2026-09-26,Avatar Legends: The Fighting Game,0.023,148,false
twitch,2026-09-26,Mortal Shell II,0.022,299,false
twitch,2026-09-26,The Last of Us Part II Remastered,0.022,365,false
twitch,2026-09-26,Resonance: A Plague Tale Legacy,0.022,286,false
twitch,2026-09-26,Resident Evil Village,0.022,364,false
twitch,2026-09-26,Lego & Brickbuilding,0.022,137,false
twitch,2026-09-26,Grand Theft Auto IV,0.022,322,false
twitch,2026-09-26,HλLF-LIFE,0.021,78,false
twitch,2026-09-26,Mistfall Hunter,0.021,158,false
twitch,2026-09-26,Machine Party,0.021,185,false
twitch,2026-09-26,Control,0.021,262,false
twitch,2026-09-26,The Legend of Zelda: A Link to the Past,0.021,225,false
twitch,2026-09-26,Pokémon Legends: Z-A,0.021,203,false
twitch,2026-09-26,Left 4 Dead 2,0.021,377,false
twitch,2026-09-26,WWE 2K26,0.021,417,false
twitch,2026-09-26,FINAL FANTASY VII REMAKE,0.021,279,false
twitch,2026-09-26,The Choicer Voicer,0.021,128,false
twitch,2026-09-26,Golf With Your Friends,0.020,287,false
twitch,2026-09-26,Super Battle Golf,0.020,207,false
twitch,2026-09-26,Mario Kart Wii,0.020,180,false
twitch,2026-09-26,Kukoro: Stream Chat Games,0.020,47,false
twitch,2026-09-26,Star Fox Adventures,0.020,28,false
twitch,2026-09-26,Tomb Raider I•II•III Remastered,0.020,105,false
twitch,2026-09-26,Call of Duty: Modern Warfare III,0.020,481,false
twitch,2026-09-26,Mimic Party,0.020,303,false
twitch,2026-09-26,Dragon Quest Heroes: Torneko's Mystery Dungeon Classic HD,0.020,109,false
twitch,2026-09-26,DRAGON BALL GEKISHIN SQUADRA,0.019,238,false
twitch,2026-09-26,The Legend of Zelda: Tears of the Kingdom,0.019,193,false
twitch,2026-09-26,Mario Kart 8 Deluxe,0.019,262,false
twitch,2026-09-26,Schedule I,0.019,291,false
twitch,2026-09-26,FINAL FANTASY XVI,0.019,232,false
twitch,2026-09-26,The Outlast Trials,0.019,400,false
twitch,2026-09-26,Raid: Shadow Legends,0.019,79,false
twitch,2026-09-26,SHINOBI: Art of Vengeance,0.019,18,false
twitch,2026-09-26,Balatro,0.018,250,false
twitch,2026-09-26,Escape the Backrooms,0.018,422,false
twitch,2026-09-26,FINAL FANTASY XI ONLINE,0.018,107,false
twitch,2026-09-26,XCOM: Enemy Unknown,0.018,20,false
twitch,2026-09-26,Walk of Life,0.018,13,false
twitch,2026-09-26,Super Metroid,0.018,110,false
twitch,2026-09-26,My Hero Ultra Rumble,0.018,368,false
twitch,2026-09-26,Dragon Ball Z: Dokkan Battle,0.018,75,false
twitch,2026-09-26,Call of Duty: Black Ops III,0.017,470,false
twitch,2026-09-26,New World: Aeternum,0.017,56,false
twitch,2026-09-26,SILENT HILL ƒ,0.017,239,false
twitch,2026-09-26,Gran Turismo 7,0.017,448,false
twitch,2026-09-26,Free Fire,0.016,393,false
twitch,2026-09-26,Mahjong Soul,0.016,177,false
twitch,2026-09-26,MARVEL SNAP,0.016,85,false
twitch,2026-09-26,FINAL FANTASY VII REBIRTH,0.016,284,false
twitch,2026-09-26,Deltarune,0.016,315,false
twitch,2026-09-26,Sonic Racing: CrossWorlds,0.016,197,false
twitch,2026-09-26,Heroes of Newerth Reborn,0.016,42,false
twitch,2026-09-26,Team Fortress 2,0.016,337,false
twitch,2026-09-26,Granblue Fantasy,0.016,74,false
twitch,2026-09-26,Super Mario Bros. 3,0.016,29,false
twitch,2026-09-26,Pokémon Pokopia,0.016,179,false
twitch,2026-09-26,Super Mario Odyssey,0.015,129,false
twitch,2026-09-26,Microscape,0.015,15,false
twitch,2026-09-26,Getting Over It with Bennett Foddy,0.015,53,false
twitch,2026-09-26,RESIDENT EVIL 7 biohazard,0.015,374,false
twitch,2026-09-26,FINAL FANTASY XIII,0.015,41,false
twitch,2026-09-26,Fallout 3,0.015,75,false
twitch,2026-09-26,Coin maker simulator,0.015,18,false
twitch,2026-09-26,Risk of Rain 2,0.015,204,false
twitch,2026-09-26,Resident Evil 5,0.015,233,false
twitch,2026-09-26,Resident Evil 4,0.015,469,false
twitch,2026-09-26,Fallout 4,0.015,327,false
twitch,2026-09-26,Chained Together,0.015,173,false
twitch,2026-09-26,Party Animals,0.015,277,false
twitch,2026-09-26,EarthBound,0.015,12,false
twitch,2026-09-26,Pokémon Platinum Version,0.014,90,false
twitch,2026-09-26,Dark Souls,0.014,49,false
twitch,2026-09-26,Tomodachi Life: Living the Dream,0.014,219,false
twitch,2026-09-26,Dying Light,0.014,313,false
twitch,2026-09-26,DRAGON QUEST XI S: Echoes of an Elusive Age,0.014,59,false
twitch,2026-09-26,The Bazaar,0.014,48,false
twitch,2026-09-26,Metal Gear Solid 4: Guns of the Patriots,0.014,85,false
twitch,2026-09-26,FINAL FANTASY X,0.014,92,false
twitch,2026-09-26,Danganronpa: Trigger Happy Havoc,0.014,65,false
twitch,2026-09-26,Crimson Desert,0.014,279,false
twitch,2026-09-26,Legend of YMIR,0.013,30,false
twitch,2026-09-26,Pummel Party,0.013,147,false
twitch,2026-09-26,Clone Hero,0.013,228,false
twitch,2026-09-26,Call of Duty: Black Ops 6,0.013,283,false
twitch,2026-09-26,Star Trek Fleet Command,0.013,37,false
twitch,2026-09-26,Super Mario Sunshine,0.013,65,false
twitch,2026-09-26,The Last of Us Part I,0.013,376,false
twitch,2026-09-26,Resident Evil 3,0.013,293,false
twitch,2026-09-26,Street Fighter V,0.012,23,false
twitch,2026-09-26,Pokémon Trading Card Game Live,0.012,77,false
twitch,2026-09-26,Kings League,0.012,9,false
twitch,2026-09-26,Fallout: New Vegas,0.012,155,false
twitch,2026-09-26,Subnautica,0.012,225,false
twitch,2026-09-26,Pokémon Scarlet/Violet,0.012,162,false
twitch,2026-09-26,The Quarry,0.012,189,false
twitch,2026-09-26,Assassin's Creed Black Flag Resynced,0.012,309,false
twitch,2026-09-26,They Are Billions,0.011,29,false
twitch,2026-09-26,Dying Light: The Beast,0.011,280,false
twitch,2026-09-26,Sid Meier's Civilization VI,0.011,122,false
twitch,2026-09-26,lily's world XD,0.011,37,false
twitch,2026-09-26,Call of Duty: Mobile,0.011,422,false
twitch,2026-09-26,ARK: Survival Evolved,0.011,240,false
twitch,2026-09-26,MARVEL TŌKON: Fighting Souls,0.011,241,false
twitch,2026-09-26,Beat Saber,0.011,231,false
twitch,2026-09-26,Gears 5,0.011,332,false
twitch,2026-09-26,GUILTY GEAR -STRIVE-,0.011,213,false
twitch,2026-09-26,Poppy Playtime,0.011,144,false
twitch,2026-09-26,Gwent: The Witcher Card Game,0.011,42,false
twitch,2026-09-26,GRAIN ROT,0.010,145,false
twitch,2026-09-26,Board Games,0.010,63,false
twitch,2026-09-26,Fears to Fathom - Scratch Creek,0.010,62,false
twitch,2026-09-26,Raft,0.010,228,false
twitch,2026-09-26,Anime Shop Simulator ✨,0.010,119,false
twitch,2026-09-26,Darkest Dungeon,0.010,111,false
twitch,2026-09-26,Just Dance 2026 Edition,0.010,29,false
twitch,2026-09-26,Graveyard Keeper,0.010,165,false
twitch,2026-09-26,Metro Exodus,0.010,161,false
twitch,2026-09-26,FINAL FANTASY IX,0.010,66,false
twitch,2026-09-26,Auto Chess,0.010,17,false
twitch,2026-09-26,Umamusume: Pretty Derby,0.010,151,false
twitch,2026-09-26,Writing & Reading,0.010,136,false
twitch,2026-09-26,Assetto Corsa,0.010,301,false
twitch,2026-09-26,Planet Crafter,0.010,173,false
twitch,2026-09-26,Rehaunted,0.010,55,false
twitch,2026-09-26,Sid Meier's Civilization V,0.010,36,false
twitch,2026-09-26,Demon's Souls,0.009,66,false
twitch,2026-09-26,Ready or Not,0.009,458,false
twitch,2026-09-26,Blue Protocol: Star Resonance,0.009,41,false
twitch,2026-09-26,Red Dead Redemption,0.009,168,false
twitch,2026-09-26,Mortal Kombat 1,0.009,413,false
twitch,2026-09-26,Resident Evil 2,0.009,335,false
twitch,2026-09-26,Pokémon Brilliant Diamond/Shining Pearl,0.009,47,false
twitch,2026-09-26,Cozy Farm: Tidy Up!,0.009,25,false
twitch,2026-09-26,Endacopia,0.009,83,false
twitch,2026-09-26,Fate/Grand Order,0.009,58,false
twitch,2026-09-26,Metal Gear Solid V: The Phantom Pain,0.009,113,false
twitch,2026-09-26,NBA 2K26,0.009,468,false
twitch,2026-09-26,Pokémon Sword/Shield,0.009,106,false
twitch,2026-09-26,Granblue Fantasy Versus: Rising,0.009,74,false
twitch,2026-09-26,God of War Ragnarök,0.008,400,false
twitch,2026-09-26,Tournament Poker,0.008,15,false
twitch,2026-09-26,Arena of Valor,0.008,55,false
twitch,2026-09-26,Disciples II: Rise of the Elves,0.008,23,false
twitch,2026-09-26,Mortal Kombat 11,0.008,250,false
twitch,2026-09-26,Blue Prince,0.008,97,false
twitch,2026-09-26,Gartic Show,0.008,53,false
twitch,2026-09-26,Kerbal Space Program,0.008,50,false
twitch,2026-09-26,Star Wars: The Old Republic,0.008,121,false
twitch,2026-09-26,007 First Light,0.008,272,false
twitch,2026-09-26,Fitness & Health,0.008,128,false
twitch,2026-09-26,Call of Duty: Black Ops IIII,0.008,250,false
twitch,2026-09-26,DOOM Eternal,0.008,124,false
twitch,2026-09-26,Metal Gear Solid 4: Guns of the Patriots - Master Collection Version,0.008,113,false
twitch,2026-09-26,Hero Siege,0.008,43,false
twitch,2026-09-26,The Walking Dead,0.008,150,false
twitch,2026-09-26,Gears of War 2,0.008,79,false
twitch,2026-09-26,Destiny,0.007,90,false
twitch,2026-09-26,Age of Mythology,0.007,60,false
twitch,2026-09-26,Subnautica 2,0.007,172,false
twitch,2026-09-26,MARVEL Strike Force,0.007,29,false
twitch,2026-09-26,Pokémon Mystery Dungeon: Rescue Team DX,0.007,8,false
twitch,2026-09-26,Assassin's Creed IV Black Flag,0.007,77,false
twitch,2026-09-26,The Legend of Zelda: The Wind Waker,0.007,81,false
twitch,2026-09-26,I Know a Guy,0.007,82,false
twitch,2026-09-26,RavenQuest,0.007,28,false
twitch,2026-09-26,Grand Theft Auto: San Andreas - The Definitive Edition,0.007,115,false
twitch,2026-09-26,Halo: Campaign Evolved,0.007,277,false
twitch,2026-09-26,The Sims 3,0.007,23,false
twitch,2026-09-26,Castlevania: Symphony of the Night,0.007,51,false
twitch,2026-09-26,Grounded,0.007,239,false
twitch,2026-09-26,Super Mario Party Jamboree,0.007,61,false
twitch,2026-09-26,TORMENTED SOULS II,0.007,17,false
twitch,2026-09-26,Space Engineers,0.007,50,false
twitch,2026-09-26,Kingdom Hearts III,0.007,136,false
twitch,2026-09-26,Agefield High: Rock the School,0.006,37,false
twitch,2026-09-26,FINAL FANTASY TACTICS - The Ivalice Chronicles,0.006,50,false
twitch,2026-09-26,Heavy Rain,0.006,57,false
twitch,2026-09-26,Magical Girl Witch Trials,0.006,48,false
twitch,2026-09-26,God of War II,0.006,26,false
twitch,2026-09-26,The Long Dark,0.006,115,false
twitch,2026-09-26,FINAL FANTASY TACTICS,0.006,7,false
twitch,2026-09-26,Fatal Fury: City of the Wolves,0.006,97,false
twitch,2026-09-26,The Legend of Zelda: The Minish Cap,0.006,33,false
twitch,2026-09-26,Kingdom Come: Deliverance,0.006,153,false
twitch,2026-09-26,Portal 2,0.006,150,false
twitch,2026-09-26,Dying Light 2: Stay Human,0.006,279,false
twitch,2026-09-26,Dispatch,0.006,111,false
twitch,2026-09-26,Pokémon Crystal Version,0.006,43,false
twitch,2026-09-26,GTA: La Heist,0.006,449,false
twitch,2026-09-26,Dead Space 2,0.006,50,false
twitch,2026-09-26,Moonlighter 2: The Endless Vault,0.006,66,false
twitch,2026-09-26,The Legend of Zelda: Ocarina of Time,0.006,47,false
twitch,2026-09-26,The Dark Pictures Anthology: The Devil in Me,0.006,46,false
twitch,2026-09-26,Windrose,0.006,90,false
twitch,2026-09-26,Pokémon Trading Card Game Pocket,0.006,72,false
twitch,2026-09-26,Call of Duty: Modern Warfare II,0.006,147,false
twitch,2026-09-26,Conan Exiles,0.006,108,false
twitch,2026-09-26,Grand Theft Auto: Vice City,0.006,113,false
twitch,2026-09-26,Days Gone,0.006,208,false
twitch,2026-09-26,Diablo III,0.005,69,false
twitch,2026-09-26,The Sinking City 2,0.005,39,false
twitch,2026-09-26,Stumble Guys,0.005,170,false
twitch,2026-09-26,Sort Them Ducks,0.005,59,false
twitch,2026-09-26,Servant of the Lake,0.005,9,false
twitch,2026-09-26,Guild Wars: Reforged,0.005,54,false
twitch,2026-09-26,Star Wars Jedi: Survivor,0.005,139,false
twitch,2026-09-26,Path of Titans,0.005,251,false
twitch,2026-09-26,Danganronpa 2: Goodbye Despair,0.005,39,false
twitch,2026-09-26,KovaaK's Aim Trainer,0.005,104,false
twitch,2026-09-26,DIGIMON STORY: TIME STRANGER,0.005,97,false
twitch,2026-09-26,Dungeons & Dragons Online,0.005,51,false
twitch,2026-09-26,Pokémon Gold Version,0.005,11,false
twitch,2026-09-26,Assassin's Creed Valhalla,0.005,227,false
twitch,2026-09-26,Out of the Park Baseball 27,0.005,9,false
twitch,2026-09-26,Age of Empires III,0.005,59,false
twitch,2026-09-26,EA Sports College Football 26,0.005,347,false
twitch,2026-09-26,Sky: Children of the Light,0.005,118,false
twitch,2026-09-26,Life Is Strange,0.005,90,false
twitch,2026-09-26,TERA,0.005,40,false
twitch,2026-09-26,Guildrun,0.005,19,false
twitch,2026-09-26,The Legend of Zelda: Skyward Sword,0.005,26,false
twitch,2026-09-26,Waterpark Simulator,0.005,62,false
twitch,2026-09-26,The Legend of Zelda,0.005,57,false
twitch,2026-09-26,Metal Gear Solid,0.005,45,false
twitch,2026-09-26,Backpack Battles,0.005,24,false
twitch,2026-09-26,The Legend of Zelda: Ocarina of Time 3D,0.005,15,false
twitch,2026-09-26,Gears of War: Reloaded,0.005,157,false
twitch,2026-09-26,Fire Emblem: Three Houses,0.005,63,false
twitch,2026-09-26,Sonic Adventure DX: Director's Cut,0.005,18,false
twitch,2026-09-26,PowerWash Simulator,0.005,68,false
twitch,2026-09-26,DCS World,0.005,72,false
twitch,2026-09-26,Phantasy Star Online 2 New Genesis,0.005,69,false
twitch,2026-09-26,Gothic 1 Remake,0.005,81,false
twitch,2026-09-26,EA Sports UFC 6,0.005,375,false
twitch,2026-09-26,Police Chief Simulator,0.005,48,false
twitch,2026-09-26,Call of Duty: Black Ops Cold War,0.005,342,false
twitch,2026-09-26,SMITE,0.005,107,false
twitch,2026-09-26,Outlast II,0.005,119,false
twitch,2026-09-26,Star Trek Online,0.005,52,false
twitch,2026-09-26,Metal Gear Rising: Revengeance,0.005,55,false
twitch,2026-09-26,Final Fantasy VI,0.005,58,false
twitch,2026-09-26,Horse Magnifier: The Full Horse,0.005,9,false
twitch,2026-09-26,HλLF-LIFE²,0.005,55,false
twitch,2026-09-26,Resident Evil 0,0.005,98,false
twitch,2026-09-26,Disco Elysium,0.004,54,false
twitch,2026-09-26,Counter-Strike 1.6,0.004,125,false
twitch,2026-09-26,Crossout,0.004,89,false
twitch,2026-09-26,World War Z: Aftermath,0.004,141,false
twitch,2026-09-26,PGA TOUR 2K25,0.004,172,false
twitch,2026-09-26,IdleOn,0.004,26,false
twitch,2026-09-26,Monster Hunter 3 Ultimate,0.004,13,false
twitch,2026-09-26,Batman: Arkham Knight,0.004,286,false
twitch,2026-09-26,DRAGON BALL: Sparking! ZERO,0.004,381,false
twitch,2026-09-26,The Walking Dead: Season Two,0.004,63,false
twitch,2026-09-26,Zelda II: The Adventure of Link,0.004,44,false
twitch,2026-09-26,F-Zero 99,0.004,27,false
twitch,2026-09-26,Space Station 13,0.004,11,false
twitch,2026-09-26,Arena Breakout,0.004,74,false
twitch,2026-09-26,The Lord of the Rings Online,0.004,70,false
twitch,2026-09-26,Silent Hill 2,0.004,313,false
twitch,2026-09-26,Cities: Skylines II,0.004,60,false
twitch,2026-09-26,EverQuest Legends,0.004,30,false
twitch,2026-09-26,The Evil Within,0.004,111,false
twitch,2026-09-26,Donkey Kong Country 2: Diddy's Kong-Quest,0.004,20,false
twitch,2026-09-26,Quiz Show,0.004,5,false
twitch,2026-09-26,Touhou Koumakyou: New Classic - The Embodiment of Scarlet Devil,0.004,31,false
twitch,2026-09-26,Honor of Kings,0.004,127,false
twitch,2026-09-26,Sonic Adventure 2: Battle,0.004,32,false
twitch,2026-09-26,Grand Chase Classic,0.004,31,false
twitch,2026-09-26,Marvel's Guardians of the Galaxy,0.004,60,false
twitch,2026-09-26,FTL: Faster Than Light,0.004,25,false
twitch,2026-09-26,Battle Brothers,0.004,15,false
twitch,2026-09-26,Crash Bandicoot,0.004,54,false
twitch,2026-09-26,Mario Kart 64,0.004,38,false
twitch,2026-09-26,Marvel's Spider-Man Remastered,0.004,303,false
twitch,2026-09-26,Beyond: Two Souls,0.004,66,false
twitch,2026-09-26,The Sims 2,0.004,42,false
twitch,2026-09-26,Resident Evil,0.004,76,false
twitch,2026-09-26,FINAL FANTASY X-2,0.004,23,false
twitch,2026-09-26,Forza Horizon 5,0.004,428,false
twitch,2026-09-26,The Elder Scrolls II: Daggerfall,0.004,14,false
twitch,2026-09-26,X-Plane 12,0.004,38,false
twitch,2026-09-26,The Elder Scrolls IV: Oblivion,0.004,30,false
twitch,2026-09-26,Ultra Street Fighter IV,0.004,33,false
twitch,2026-09-26,Pokemon Auto Chess,0.004,31,false
twitch,2026-09-26,Dark Souls II,0.004,57,false
twitch,2026-09-26,Casino Jackpot,0.004,5,false
twitch,2026-09-26,At Dead of Night,0.004,10,false
twitch,2026-09-26,Call of Duty: Modern Warfare 4,0.004,162,false
twitch,2026-09-26,Pokémon Legends: Arceus,0.004,58,false
twitch,2026-09-26,Librarian: Tidy Up the Arcane Library!,0.004,74,false
twitch,2026-09-26,The Legend of Zelda: Skyward Sword HD,0.004,54,false
twitch,2026-09-26,The Dark Pictures Anthology: House of Ashes,0.004,39,false
twitch,2026-09-26,Jump Space,0.003,102,false
twitch,2026-09-26,House Flipper 2,0.003,78,false
twitch,2026-09-26,Spyro the Dragon,0.003,31,false
twitch,2026-09-26,Dragon Ball Legends,0.003,52,false
twitch,2026-09-26,First Class Trouble,0.003,25,false
twitch,2026-09-26,Stellaris,0.003,52,false
twitch,2026-09-26,THE KING OF FIGHTERS XV,0.003,54,false
twitch,2026-09-26,Sonic Unleashed,0.003,20,false
twitch,2026-09-26,DOOM: The Dark Ages,0.003,121,false
twitch,2026-09-26,HATSUNE MIKU: COLORFUL STAGE!,0.003,78,false
twitch,2026-09-26,The Elder Scrolls IV: Oblivion Remastered,0.003,106,false
twitch,2026-09-26,Rain World,0.003,67,false
twitch,2026-09-26,Spirit City: Lofi Sessions,0.003,37,false
twitch,2026-09-26,Metal Gear Solid 2: Sons of Liberty,0.003,34,false
twitch,2026-09-26,GRWM,0.003,36,false
twitch,2026-09-26,FINAL FANTASY XV,0.003,74,false
twitch,2026-09-26,Coral Island,0.003,75,false
twitch,2026-09-26,Madden NFL 26,0.003,517,false
twitch,2026-09-26,Super Mario Galaxy 2,0.003,28,false
twitch,2026-09-26,Farm Together 2,0.003,33,false
twitch,2026-09-26,Fast Food Simulator,0.003,34,false
twitch,2026-09-26,Project Wingman,0.003,14,false
twitch,2026-09-26,Star Wars Battlefront II,0.003,213,false
twitch,2026-09-26,Dragon Age: Inquisition,0.003,42,false
twitch,2026-09-26,With Your Destiny,0.003,15,false
twitch,2026-09-26,Company of Heroes 2,0.003,21,false
twitch,2026-09-26,Street Fighter III: 3rd Strike,0.003,30,false
twitch,2026-09-26,Mina the Hollower,0.003,34,false
twitch,2026-09-26,Stray,0.003,101,false
twitch,2026-09-26,Night Crows,0.003,19,false
twitch,2026-09-26,Relic Arena,0.003,10,false
twitch,2026-09-26,Heroes of Might and Magic V,0.003,14,false
twitch,2026-09-26,Jak and Daxter: The Precursor Legacy,0.003,38,false
twitch,2026-09-26,Dead Island 2,0.003,164,false
twitch,2026-09-26,Pokémon Red Version,0.003,30,false
twitch,2026-09-26,Grand Theft Auto III,0.003,60,false
twitch,2026-09-26,Blade & Soul NEO,0.003,14,false
twitch,2026-09-26,Gears of War 4,0.003,146,false
twitch,2026-09-26,Virtua Fighter 5 R.E.V.O.,0.003,36,false
twitch,2026-09-26,Resident Evil Code: Veronica X HD,0.003,16,false
twitch,2026-09-26,Dragon Age™: Origins,0.003,34,false
twitch,2026-09-26,Microsoft Flight Simulator,0.003,111,false
twitch,2026-09-26,Dragon Quest Builders 2,0.003,14,false
twitch,2026-09-26,Lycans,0.003,10,false
twitch,2026-09-26,Quasimorph,0.003,34,false
twitch,2026-09-26,Bills Must Be Paid,0.003,42,false
twitch,2026-09-26,DOOM II: Hell on Earth,0.003,49,false
twitch,2026-09-26,Farm Frenzy,0.003,7,false
twitch,2026-09-26,Gears of War 3,0.003,126,false
twitch,2026-09-26,Artifact,0.003,20,false
twitch,2026-09-26,Dragon Age: The Veilguard,0.003,47,false
twitch,2026-09-26,Skull and Bones,0.003,53,false
twitch,2026-09-26,Batman: Arkham City,0.003,40,false
twitch,2026-09-26,Crash Bash,0.003,16,false
twitch,2026-09-26,FIFA Mobile,0.003,34,false
twitch,2026-09-26,Retro Rewind: Video Store Simulator,0.003,61,false
twitch,2026-09-26,Rush Royale,0.002,27,false
twitch,2026-09-26,Mu: Dark Epoch,0.002,46,false
twitch,2026-09-26,TBH: Task Bar Hero,0.002,14,false
twitch,2026-09-26,The Elder Scrolls III: Morrowind,0.002,43,false
twitch,2026-09-26,Placid Plastic Duck Simulator,0.002,32,false
twitch,2026-09-26,Slay the Spire,0.002,55,false
twitch,2026-09-26,Sonic Rumble Party,0.002,40,false
twitch,2026-09-26,Rhythm Heaven Groove,0.002,31,false
twitch,2026-09-26,Darkest Dungeon II,0.002,26,false
twitch,2026-09-26,Magic Chess: Go Go,0.002,31,false
twitch,2026-09-26,Watch_Dogs,0.002,117,false
twitch,2026-09-26,Grand Theft Auto: Vice City - The Definitive Edition,0.002,67,false
twitch,2026-09-26,Fright Train,0.002,25,false
twitch,2026-09-26,Company of Heroes 3,0.002,36,false
twitch,2026-09-26,Dungeon Settlers,0.002,15,false
twitch,2026-09-26,Metal Gear Solid: Peace Walker - Master Collection Version,0.002,72,false
twitch,2026-09-26,FINAL FANTASY VIII,0.002,35,false
twitch,2026-09-26,Karaoke Joysound for Streamer,0.002,19,false
twitch,2026-09-26,The Legend of Zelda: The Wind Waker HD,0.002,30,false
twitch,2026-09-26,Scapewatch,0.002,6,false
twitch,2026-09-26,Whatsamusic,0.002,19,false
twitch,2026-09-26,Golf It!,0.002,37,false
twitch,2026-09-26,Omega Strikers,0.002,23,false
twitch,2026-09-26,Wobbly Life,0.002,244,false
twitch,2026-09-26,CarX Street,0.002,125,false
twitch,2026-09-26,Scam Line,0.002,33,false
twitch,2026-09-26,Horsey Game,0.002,13,false
twitch,2026-09-26,Final Fantasy Resonance,0.002,54,false
twitch,2026-09-26,The Legend of Zelda: Twilight Princess HD,0.002,17,false
twitch,2026-09-26,Killer Klowns from Outer Space: The Game,0.002,15,false
twitch,2026-09-26,Pokémon Infinite Fusion,0.002,39,false
twitch,2026-09-26,Crash Bandicoot: Warped,0.002,26,false
twitch,2026-09-26,STAR WARS Jedi: Fallen Order™,0.002,95,false
twitch,2026-09-26,Mortal Online 2,0.002,7,false
twitch,2026-09-26,Yakuza: Like a Dragon,0.002,57,false
twitch,2026-09-26,Pokémon X/Y,0.002,30,false
twitch,2026-09-26,CURE - A Hospital Simulator,0.002,39,false
twitch,2026-09-26,Kingdom Hearts Dream Drop Distance HD,0.002,30,false
twitch,2026-09-26,Last Train Outta' Wormtown,0.002,9,false
twitch,2026-09-26,Dragon Warrior IV,0.002,8,false
twitch,2026-09-26,Dragon Quest III HD-2D Remake,0.002,22,false
twitch,2026-09-26,Kingdom Hearts II Final Mix,0.002,26,false
twitch,2026-09-26,Architect: Land of Exiles,0.002,11,false
twitch,2026-09-26,Like a Dragon: Infinite Wealth,0.002,71,false
twitch,2026-09-26,Star Trucker,0.002,10,false
twitch,2026-09-26,Halo Wars 2,0.002,41,false
twitch,2026-09-26,Star Wars Outlaws,0.002,116,false
twitch,2026-09-26,War Robots,0.002,32,false
twitch,2026-09-26,Tiny Eden,0.002,37,false
twitch,2026-09-26,Pokémon Mystery Dungeon: Blue/Red Rescue Team,0.002,7,false
twitch,2026-09-26,Tomb Raider II,0.002,9,false
twitch,2026-09-26,Diablo,0.002,23,false
twitch,2026-09-26,The Wolf Among Us,0.002,47,false
twitch,2026-09-26,Call of Duty: Modern Warfare 2,0.002,64,false
twitch,2026-09-26,Call of Duty: Modern Warfare,0.002,161,false
twitch,2026-09-26,DRAGON BALL Z: KAKAROT,0.002,97,false
twitch,2026-09-26,Call of Duty 2,0.002,29,false
twitch,2026-09-26,Cronos: The New Dawn,0.002,42,false
twitch,2026-09-26,MLB The Show 18,0.002,306,false
twitch,2026-09-26,The Legend of Zelda: Majora's Mask 3D,0.002,6,false
twitch,2026-09-26,DRAGON QUEST MONSTERS: The Dark Prince,0.002,30,false
twitch,2026-09-26,The Legend of Zelda: Echoes of Wisdom,0.002,31,false
twitch,2026-09-26,The Elder Scrolls V: Skyrim - Anniversary Edition,0.002,52,false
twitch,2026-09-26,Call of Duty: WWII,0.002,217,false
twitch,2026-09-26,Devil May Cry 3: Dante's Awakening - Special Edition,0.002,27,false
twitch,2026-09-26,S4 League,0.002,22,false
twitch,2026-09-26,The Walking Dead: Streets of Survival,0.002,7,false
twitch,2026-09-26,Watch Dogs 2,0.002,150,false
twitch,2026-09-26,Crash Bandicoot 4: It's About Time,0.002,89,false
twitch,2026-09-26,Bus Simulator 27,0.002,44,false
twitch,2026-09-26,The Lord of the Rings: The Battle for Middle-earth II,0.002,19,false
twitch,2026-09-26,Worms W.M.D,0.002,27,false
twitch,2026-09-26,GRANBLUE FANTASY Relink,0.002,34,false
twitch,2026-09-26,Dragon Quest X: Mezameshi Itsutsu no Shuzoku Online,0.002,37,false
twitch,2026-09-26,High on Life,0.002,77,false
twitch,2026-09-26,Animal Crossing: City Folk,0.002,8,false
twitch,2026-09-26,Mortal Kombat X,0.002,59,false
twitch,2026-09-26,The Dark Pictures Anthology: Man of Medan,0.002,30,false
twitch,2026-09-26,DIRECTIVE 8020,0.002,30,false
twitch,2026-09-26,Mortal Kombat: Shaolin Monks,0.002,14,false
twitch,2026-09-26,Sun Haven,0.002,36,false
twitch,2026-09-26,Kingdom Hearts II,0.002,43,false
twitch,2026-09-26,Cash Cleaner Simulator,0.002,21,false
twitch,2026-09-26,Roblox Studio,0.002,54,false
twitch,2026-09-26,LEGO Fortnite: Odyssey,0.002,36,false
twitch,2026-09-26,Human: Fall Flat,0.002,59,false
twitch,2026-09-26,Age of Empires,0.002,25,false
twitch,2026-09-26,Sonic Heroes,0.002,16,false
twitch,2026-09-26,The Lord of the Rings: Return to Moria,0.002,45,false
twitch,2026-09-26,The Walking Dead: The Final Season,0.002,32,false
twitch,2026-09-26,Quake,0.002,26,false
twitch,2026-09-26,House Flipper,0.002,64,false
twitch,2026-09-26,Silent Hill,0.002,34,false
twitch,2026-09-26,Super Animal Royale,0.002,53,false
twitch,2026-09-26,Life is Strange Remastered,0.002,30,false
twitch,2026-09-26,The Witcher 2: Assassins of Kings,0.002,33,false
twitch,2026-09-26,Resident Evil 3: Nemesis,0.002,29,false
twitch,2026-09-26,Idle Champions of the Forgotten Realms,0.002,5,false
twitch,2026-09-26,Lineage 2M,0.001,15,false
twitch,2026-09-26,MONSTER HUNTER STORIES 3: TWISTED REFLECTION,0.001,36,false
twitch,2026-09-26,Sea of Stars,0.001,33,false
twitch,2026-09-26,2XKO,0.001,58,false
twitch,2026-09-26,"KOTÁMON: My Sis Found A Super-Rare Card In Her Cereal Box, So I Became A Garbage Man To Find The Entire Collection And Earn $1,000,000",0.001,28,false
twitch,2026-09-26,Keep Talking and Nobody Explodes,0.001,22,false
twitch,2026-09-26,New Super Mario Bros.,0.001,11,false
twitch,2026-09-26,F-Zero GX,0.001,5,false
twitch,2026-09-26,Dead Cells,0.001,66,false
twitch,2026-09-26,MOBILE SUIT GUNDAM BATTLE OPERATION 2,0.001,68,false
twitch,2026-09-26,Granblue Fantasy: Relink - Endless Ragnarok,0.001,26,false
twitch,2026-09-26,SpongeBob SquarePants: Battle for Bikini Bottom,0.001,21,false
twitch,2026-09-26,MLB The Show 25,0.001,28,false
twitch,2026-09-26,Counter-Strike Online 2,0.001,89,false
twitch,2026-09-26,Tomb Raider,0.001,50,false
twitch,2026-09-26,The Witcher,0.001,36,false
twitch,2026-09-26,Dragon Quest I & II HD-2D Remake,0.001,31,false
twitch,2026-09-26,Ranch Simulator,0.001,36,false
twitch,2026-09-26,Mega Man X,0.001,31,false
twitch,2026-09-26,Space Station 14,0.001,12,false
twitch,2026-09-26,Soul Chained,0.001,17,false
twitch,2026-09-26,World of Sea Battle,0.001,25,false
twitch,2026-09-26,Snowed Under,0.001,5,false
twitch,2026-09-26,Life Is Strange 2,0.001,47,false
twitch,2026-09-26,Marvel vs. Capcom 2: New Age of Heroes,0.001,26,false
twitch,2026-09-26,The Walking Dead: The Telltale Definitive Series - Protector Pack,0.001,29,false
twitch,2026-09-26,The King of Fighters 2002,0.001,23,false
twitch,2026-09-26,Metal Gear Solid 3: Snake Eater,0.001,23,false
twitch,2026-09-26,Resident Evil: Revelations 2,0.001,39,false
twitch,2026-09-26,Halo 5: Guardians,0.001,57,false
twitch,2026-09-26,High on Life 2,0.001,44,false
twitch,2026-09-26,Batman: The Telltale Series,0.001,27,false
twitch,2026-09-26,Dead as Disco,0.001,53,false
twitch,2026-09-26,Metro 2033 Redux,0.001,88,false
twitch,2026-09-26,Vindictus,0.001,14,false
twitch,2026-09-26,Pokémon Red/Blue,0.001,18,false
twitch,2026-09-26,Hello Kitty Island Adventure,0.001,43,false
twitch,2026-09-26,IRON NEST: Heavy Turret Simulator,0.001,45,false
twitch,2026-09-26,Tainted Grail: The Fall of Avalon,0.001,31,false
twitch,2026-09-26,Guilty Gear Xrd REV 2,0.001,13,false
twitch,2026-09-26,Neverwinter,0.001,57,false
twitch,2026-09-26,Dragon Ball FighterZ,0.001,80,false
twitch,2026-09-26,Skill Legends Royale,0.001,21,false
twitch,2026-09-26,X4: Foundations,0.001,31,false
twitch,2026-09-26,Heroes & Generals,0.001,15,false
twitch,2026-09-26,Watcher of Realms,0.001,24,false
twitch,2026-09-26,Pokémon Black/White Version 2,0.001,37,false
twitch,2026-09-26,Marvel's Avengers,0.001,43,false
twitch,2026-09-26,The Dark Pictures Anthology: Little Hope,0.001,26,false
twitch,2026-09-26,Slay the Princess,0.001,28,false
twitch,2026-09-26,South Park: The Fractured But Whole,0.001,95,false
twitch,2026-09-26,Ragnarok Origin: Classic,0.001,12,false
twitch,2026-09-26,Space Engineers 2,0.001,19,false
twitch,2026-09-26,ENDER LILIES: Quietus of the Knights,0.001,21,false
twitch,2026-09-26,Titan Quest II,0.001,9,false
twitch,2026-09-26,Make it Meme,0.001,39,false
twitch,2026-09-26,Diablo Immortal,0.001,34,false
twitch,2026-09-26,TopSpin 2K25,0.001,29,false
twitch,2026-09-26,Grand Theft Auto III: The Definitive Edition,0.001,40,false
twitch,2026-09-26,Spiritfarer,0.001,23,false
twitch,2026-09-26,RoboCop: Rogue City,0.001,35,false
twitch,2026-09-26,Train Sim World 7,0.001,60,false
twitch,2026-09-26,Cities: Skylines,0.001,33,false
twitch,2026-09-26,Call of Duty: Infinite Warfare,0.001,113,false
twitch,2026-09-26,Among Us 3D: VR,0.001,20,false
twitch,2026-09-26,Blair Witch,0.001,27,false
twitch,2026-09-26,The Witness,0.001,14,false
twitch,2026-09-26,Portal,0.001,32,false
twitch,2026-09-26,Dead Space 3,0.001,35,false
twitch,2026-09-26,Life is Strange: Reunion,0.001,26,false
twitch,2026-09-26,Sonic the Hedgehog 3 & Knuckles,0.001,7,false
twitch,2026-09-26,Banishers: Ghosts of New Eden,0.001,33,false
twitch,2026-09-26,METAL GEAR SOLID Δ: SNAKE EATER,0.001,62,false
twitch,2026-09-26,Silent Hill 4: The Room,0.001,14,false
twitch,2026-09-26,FC MOBILE,0.001,128,false
twitch,2026-09-26,Star Wars: Knights of the Old Republic II - The Sith Lords,0.001,6,false
twitch,2026-09-26,Sally Face,0.001,40,false
twitch,2026-09-26,Command & Conquer: Generals,0.001,12,false
twitch,2026-09-26,Yet Another Zombie Survivors,0.001,22,false
twitch,2026-09-26,Grand Theft Auto,0.001,28,false
twitch,2026-09-26,City of Heroes,0.001,9,false
twitch,2026-09-26,Ghost Watchers,0.001,33,false
twitch,2026-09-26,Soulmask,0.001,29,false
twitch,2026-09-26,The Walking Dead: A New Frontier,0.001,26,false
twitch,2026-09-26,Powerful Pro Yakyuu 2026-2027,0.001,13,false
twitch,2026-09-26,Fire Emblem: Path of Radiance,0.001,15,false
twitch,2026-09-26,Counter-Strike: Source,0.001,22,false
twitch,2026-09-26,Streets of Rage 4,0.001,27,false
twitch,2026-09-26,The Lord of the Rings: War in the North,0.001,17,false
twitch,2026-09-26,Fran Bow,0.001,31,false
twitch,2026-09-26,Table Tennis,0.001,10,false
twitch,2026-09-26,Far Cry New Dawn,0.001,34,false
twitch,2026-09-26,Halo 3,0.001,42,false
twitch,2026-09-26,Metal Gear Solid: Peace Walker,0.001,23,false
twitch,2026-09-26,Titan Quest Anniversary Edition,0.001,10,false
twitch,2026-09-26,Sonic The Hedgehog,0.001,8,false
twitch,2026-09-26,Infestation: The New Z,0.001,21,false
twitch,2026-09-26,Yakuza 0: Director's Cut,0.001,26,false
twitch,2026-09-26,Saint Seiya: Awakening,0.001,13,false
twitch,2026-09-26,Streamer Life Simulator 2,0.001,15,false
twitch,2026-09-26,Berserk Heroes Online,0.001,6,false
twitch,2026-09-26,Plants vs. Zombies: Garden Warfare 2,0.001,94,false
twitch,2026-09-26,FreeStyle Street Basketball,0.001,7,false
twitch,2026-09-26,Crash Bandicoot 2: Cortex Strikes Back,0.001,25,false
twitch,2026-09-26,Seafarer: The Ship Sim,0.001,43,false
twitch,2026-09-26,The Legend of Zelda: Oracle of Seasons,0.001,14,false
twitch,2026-09-26,OneState,0.001,225,false
twitch,2026-09-26,LEGO Star Wars: The Complete Saga,0.001,18,false
twitch,2026-09-26,Sonic Frontiers,0.001,38,false
twitch,2026-09-26,Sonic and the Secret Rings,0.001,8,false
twitch,2026-09-26,Dark Hours,0.001,49,false
twitch,2026-09-26,Little Witch in the Woods,0.001,20,false
twitch,2026-09-26,Dragon's Dogma,0.001,5,false
twitch,2026-09-26,Road to Jukai,0.001,23,false
twitch,2026-09-26,Monster Hunter Freedom Unite,0.001,13,false
twitch,2026-09-26,Crimson Moon,0.001,41,false
twitch,2026-09-26,Battle Teams,0.001,13,false
twitch,2026-09-26,Call of Duty: World at War,0.001,76,false
twitch,2026-09-26,Five Nights at Freddy's 2,0.001,32,false
twitch,2026-09-26,Kingdom Hearts Birth by Sleep,0.001,22,false
twitch,2026-09-26,Ratchet & Clank: Going Commando,0.001,20,false
twitch,2026-09-26,Phantasy Star Online Blue Burst,0.001,14,false
twitch,2026-09-26,Wolfenstein: The New Order,0.001,38,false
twitch,2026-09-26,Welcome to the Game III,0.001,10,false
twitch,2026-09-26,Tom Clancy's Rainbow Six,0.001,43,false
twitch,2026-09-26,Mario Superstar Baseball,0.001,7,false
twitch,2026-09-26,Blossom: The Seed of Life,0.001,6,false
twitch,2026-09-26,Kingdom Hearts 358/2 Days,0.001,15,false
twitch,2026-09-26,Potion Craft,0.001,18,false
twitch,2026-09-26,Yo-kai Watch,0.001,26,false
twitch,2026-09-26,Captain Tsubasa II: World Fighters,0.001,30,false
twitch,2026-09-26,Echoes of Aincrad,0.001,51,false
twitch,2026-09-26,The Legend of Zelda: Tears of the Kingdom - Nintendo Switch 2 Edition,0.001,29,false
twitch,2026-09-26,LEGO Star Wars: The Skywalker Saga,0.001,36,false
twitch,2026-09-26,Guilty Gear XX Accent Core Plus R,0.001,8,false
twitch,2026-09-26,Just Dance,0.001,16,false
twitch,2026-09-26,Halo: Combat Evolved,0.001,31,false
twitch,2026-09-26,Twisted Party,0.001,6,false
twitch,2026-09-26,Grand Theft Auto: Vice City Stories,0.001,8,false
twitch,2026-09-26,BLEACH Rebirth of Souls,0.001,56,false
twitch,2026-09-26,Blood Dungeon,0.001,10,false
twitch,2026-09-26,Pokémon Mystery Dungeon: Explorers of Sky,0.001,10,false
twitch,2026-09-26,Hatsune Miku: Project DIVA Mega Mix+,0.001,29,false
twitch,2026-09-26,Modern Warships,0.001,17,false
twitch,2026-09-26,Samson,0.001,31,false
twitch,2026-09-26,The Legend of Zelda: Link's Awakening,0.001,9,false
twitch,2026-09-26,Coffee Talk: Tokyo,0.001,11,false
twitch,2026-09-26,Persona 4 Arena Ultimax,0.001,10,false
twitch,2026-09-26,Bleach: Brave Souls,0.001,28,false
twitch,2026-09-26,Call of Duty: Black Ops - Zombies,0.001,23,false
twitch,2026-09-26,Dokapon Kingdom: Connect,0.001,13,false
twitch,2026-09-26,Star Wars: Knights of the Old Republic,0.001,22,false
twitch,2026-09-26,FINAL FANTASY VIII Remastered,0.001,15,false
twitch,2026-09-26,Super Mario RPG: Legend of the Seven Stars,0.001,7,false
twitch,2026-09-26,Shelves and Sorcery: Tidy Up the Enchanted Shop,0.001,16,false
twitch,2026-09-26,Fortune Street,0.001,5,false
twitch,2026-09-26,Iron Blight,0.001,13,false
twitch,2026-09-26,Train Simulator Classic,0.001,9,false
twitch,2026-09-26,Spyro: Year of the Dragon,0.001,15,false
twitch,2026-09-26,Contraband Police,0.001,19,false
twitch,2026-09-26,DEAD OR ALIVE 6 Last Round,0.001,28,false
twitch,2026-09-26,Sonic Mania,0.001,20,false
twitch,2026-09-26,Pokémon XD: Gale of Darkness,0.001,20,false
twitch,2026-09-26,Love and Deepspace,0.001,21,false
twitch,2026-09-26,Call of Duty 4: Modern Warfare,0.001,36,false
twitch,2026-09-26,Pizza House Simulator,0.001,16,false
twitch,2026-09-26,Dragon Quest VI: Maboroshi no Daichi,0.001,5,false
twitch,2026-09-26,Monster Hunter 4 Ultimate,0.001,15,false
twitch,2026-09-26,Legend of Mortal,0.001,7,false
twitch,2026-09-26,Kingdom Hearts Final Mix,0.001,22,false
twitch,2026-09-26,Corsair Cove,0.001,9,false
twitch,2026-09-26,Devil May Cry 4: Special Edition,0.001,38,false
twitch,2026-09-26,RPG Maker,0.001,10,false
twitch,2026-09-26,Gotham Knights,0.001,41,false
twitch,2026-09-26,Tales of Fear: Episode Zero,0.001,9,false
twitch,2026-09-26,Police Simulator: Patrol Officers,0.001,68,false
twitch,2026-09-26,SAROS,0.001,39,false
twitch,2026-09-26,Football,0.001,7,false
twitch,2026-09-26,Wii Sports,0.001,11,false
twitch,2026-09-26,The Death Game Report,0.001,15,false
twitch,2026-09-26,ZeroSpace,0.001,9,false
twitch,2026-09-26,Dragon Quest XI: Echoes of an Elusive Age,0.001,11,false
twitch,2026-09-26,Mortal Kombat: Legacy Kollection,0.001,24,false
twitch,2026-09-26,Secret of Mana,0.001,5,false
twitch,2026-09-26,Momentum Mod,0.001,13,false
twitch,2026-09-26,Dota Underlords,0.001,9,false
twitch,2026-09-26,TV Total Events,0.001,6,false
twitch,2026-09-26,Football Manager 2024,0.001,13,false
twitch,2026-09-26,Yakuza,0.001,7,false
twitch,2026-09-26,Superliminal,0.001,14,false
twitch,2026-09-26,Retro Arcade Shop Simulator,0.001,13,false
twitch,2026-09-26,Ace Combat 5: The Unsung War,0.001,15,false
twitch,2026-09-26,X-Men Origins: Wolverine,0.001,24,false
twitch,2026-09-26,New Super Mario Bros. Wii,0.001,30,false
twitch,2026-09-26,F.E.A.R.,0.001,12,false
twitch,2026-09-26,The Legend of Zelda: Oracle of Ages,0.001,9,false
twitch,2026-09-26,Star Wars: Jedi Knight - Jedi Academy,0.001,8,false
twitch,2026-09-26,WE ARE SO DEAD,0.001,14,false
twitch,2026-09-26,Monster Rancher 2 DX,0.001,6,false
twitch,2026-09-26,Eden Crafters,0.001,6,false
twitch,2026-09-26,ENDER MAGNOLIA: Bloom in the Mist,0.001,8,false
twitch,2026-09-26,Yunyun Syndrome!?: Rhythm Psychosis,0.001,10,false
twitch,2026-09-26,Life is Strange: Double Exposure,0.001,25,false
twitch,2026-09-26,FINAL FANTASY,0.001,17,false
twitch,2026-09-26,Persona 5 Strikers,0.001,7,false
twitch,2026-09-26,Metro: Last Light Redux,0.001,33,false
twitch,2026-09-26,CRSED: F.O.A.D.,0.001,18,false
twitch,2026-09-26,Watch Party,0.001,11,false
twitch,2026-09-26,Realm Royale Reforged,0.001,7,false
twitch,2026-09-26,Metal: Hellsinger,0.001,10,false
twitch,2026-09-26,hololive Dreams,0.001,37,false
twitch,2026-09-26,Watch Dogs: Legion,0.001,50,false
twitch,2026-09-26,The Witcher: Enhanced Edition,0.001,23,false
twitch,2026-09-26,Super Mario World 2: Yoshi's Island,0.001,11,false
twitch,2026-09-26,Sonic the Hedgehog 2,0.001,9,false
twitch,2026-09-26,Dead Island: Definitive Edition,0.001,31,false
twitch,2026-09-26,STORY OF SEASONS: Grand Bazaar,0.001,15,false
twitch,2026-09-26,Ragnarok: The New World,0.001,11,false
twitch,2026-09-26,Shine Post: Be Your Idol!,0.001,10,false
twitch,2026-09-26,Sonic Origins,0.001,21,false
twitch,2026-09-26,Ultimate Chicken Horse,0.001,16,false
twitch,2026-09-26,"Papers, Please",0.001,25,false
twitch,2026-09-26,Prominence Poker,0.001,54,false
twitch,2026-09-26,Fallout 2,0.001,8,false
twitch,2026-09-26,Unrailed 2: Back on Track,0.001,13,false
twitch,2026-09-26,My Voice Zoo,0.001,13,false
twitch,2026-09-26,Atomfall,0.001,22,false
twitch,2026-09-26,Super Mario Bros. Wonder,0.001,20,false
twitch,2026-09-26,Super Mario Galaxy,0.001,22,false
twitch,2026-09-26,Guns 'n Goblins,0.001,13,false
twitch,2026-09-26,The Sinking City Remastered,0.001,18,false
twitch,2026-09-26,Fushigi no Dungeon: Torneko no Daibouken,0.001,9,false
twitch,2026-09-26,Resident Evil Code: Veronica,0.001,8,false
twitch,2026-09-26,MEGA MAN STAR FORCE: Legacy Collection,0.001,19,false
twitch,2026-09-26,Super Meat Boy,0.000,9,false
twitch,2026-09-26,FINAL FANTASY IV,0.000,21,false
twitch,2026-09-26,Star Stable,0.000,20,false
twitch,2026-09-26,F1 Manager 2024,0.000,22,false
twitch,2026-09-26,NBA 2K24,0.000,17,false
twitch,2026-09-26,Zombie Army 4: Dead War,0.000,47,false
twitch,2026-09-26,Command & Conquer 3: Tiberium Wars,0.000,5,false
twitch,2026-09-26,Dungeon Fighter Online,0.000,12,false
twitch,2026-09-26,Romance Club,0.000,5,false
twitch,2026-09-26,Sonic Adventure 2,0.000,17,false
twitch,2026-09-26,EA Sports College Football 25,0.000,106,false
twitch,2026-09-26,UNBEATABLE,0.000,15,false
twitch,2026-09-26,Soul's Remnant,0.000,9,false
twitch,2026-09-26,Tales of Maj'Eyal,0.000,5,false
twitch,2026-09-26,Sonic X Shadow Generations,0.000,48,false
twitch,2026-09-26,The Seven Deadly Sins: Grand Cross,0.000,19,false
twitch,2026-09-26,Dungeon Defenders II,0.000,6,false
twitch,2026-09-26,WGT Golf,0.000,30,false
twitch,2026-09-26,Nickelodeon All-Star Brawl 2,0.000,11,false
twitch,2026-09-26,The Event,0.000,5,false
twitch,2026-09-26,Dragonheir: Silent Gods,0.000,14,false
twitch,2026-09-26,Riichi City,0.000,12,false
twitch,2026-09-26,Starsand Island,0.000,18,false
twitch,2026-09-26,CTR: Crash Team Racing,0.000,23,false
twitch,2026-09-26,Animal Crossing: New Leaf,0.000,8,false
twitch,2026-09-26,Uncharted 2: Among Thieves,0.000,6,false
twitch,2026-09-26,Super Mario Bros.,0.000,25,false
twitch,2026-09-26,Final Fantasy: Mystic Quest,0.000,6,false
twitch,2026-09-26,Gears of War: Judgment,0.000,32,false
twitch,2026-09-26,Holdfast: Nations At War,0.000,39,false
twitch,2026-09-26,New Pokémon Snap,0.000,5,false
twitch,2026-09-26,Monster Strike,0.000,17,false
twitch,2026-09-26,Party Animal,0.000,7,false
twitch,2026-09-26,Monster Hunter Stories 2: Wings of Ruin,0.000,13,false
twitch,2026-09-26,Garden of Witches,0.000,6,false
twitch,2026-09-26,SoulCalibur VI,0.000,23,false
twitch,2026-09-26,Plants vs. Zombies 2: It's About Time,0.000,16,false
twitch,2026-09-26,Basketball,0.000,15,false
twitch,2026-09-26,Luma Island,0.000,6,false
twitch,2026-09-26,Shiren the Wanderer: The Tower of Fortune and the Dice of Fate,0.000,8,false
twitch,2026-09-26,Hollow Cocoon,0.000,5,false
twitch,2026-09-26,Session: Skate Sim,0.000,22,false
twitch,2026-09-26,Into the Dead: Our Darkest Days,0.000,17,false
twitch,2026-09-26,SPLITGATE: Arena Reloaded,0.000,13,false
twitch,2026-09-26,Ratchet & Clank (2002),0.000,10,false
twitch,2026-09-26,Final Fantasy V,0.000,7,false
twitch,2026-09-26,The King of Fighters '98,0.000,9,false
twitch,2026-09-26,Pokémon Yellow Version: Special Pikachu Edition,0.000,17,false
twitch,2026-09-26,Cheap Car Repair,0.000,10,false
twitch,2026-09-26,Grand Theft Auto: Liberty City Stories,0.000,10,false
twitch,2026-09-26,CookieRun: Kingdom,0.000,21,false
twitch,2026-09-26,New Super Mario Bros. U Deluxe,0.000,11,false
twitch,2026-09-26,MLB The Show 24,0.000,35,false
twitch,2026-09-26,Don’t Sleep with the Fishes,0.000,8,false
twitch,2026-09-26,Plants vs. Zombies,0.000,20,false
twitch,2026-09-26,Tormented Souls,0.000,16,false
twitch,2026-09-26,Halo 3: ODST,0.000,9,false
twitch,2026-09-26,Happy's Humble Burger Farm,0.000,8,false
twitch,2026-09-26,The Witcher 2: Assassins of Kings - Enhanced Edition,0.000,11,false
twitch,2026-09-26,Super Auto Pets,0.000,12,false
twitch,2026-09-26,Wolfenstein II: The New Colossus,0.000,20,false
twitch,2026-09-26,Ring Fit Adventure,0.000,27,false
twitch,2026-09-26,Monster Hunter Frontier G,0.000,10,false
twitch,2026-09-26,Eiyuden Chronicle: Hundred Heroes,0.000,10,false
twitch,2026-09-26,Star Wars: Galaxy of Heroes,0.000,13,false
twitch,2026-09-26,Gears of War: E-Day,0.000,16,false
twitch,2026-09-26,Bus Bound,0.000,10,false
twitch,2026-09-26,Call of Duty: Vanguard,0.000,39,false
twitch,2026-09-26,Anime Music Quiz,0.000,9,false
twitch,2026-09-26,Animal Crossing,0.000,9,false
twitch,2026-09-26,Grand Theft Auto Advance,0.000,20,false
twitch,2026-09-26,Totally Accurate Battle Simulator,0.000,37,false
twitch,2026-09-26,Call of the Sea,0.000,5,false
twitch,2026-09-26,The Bus,0.000,15,false
twitch,2026-09-26,Mandragora: Whispers of the Witch Tree,0.000,5,false
twitch,2026-09-26,Nuclear Option,0.000,10,false
twitch,2026-09-26,Tears of Metal,0.000,14,false
twitch,2026-09-26,Tactics Ogre: Reborn,0.000,7,false
twitch,2026-09-26,Digimon Story: Cyber Sleuth - Hacker's Memory,0.000,12,false
twitch,2026-09-26,Trials of Mana,0.000,5,false
twitch,2026-09-26,Stubbs the Zombie in Rebel Without a Pulse,0.000,5,false
twitch,2026-09-26,Human Fall Flat 2,0.000,31,false
twitch,2026-09-26,The Coffin of Andy and Leyley,0.000,8,false
twitch,2026-09-26,Spiral Knights,0.000,5,false
twitch,2026-09-26,ANIMAL WELL,0.000,8,false
twitch,2026-09-26,Metal Gear Solid V: Ground Zeroes,0.000,16,false
twitch,2026-09-26,Tekken 7,0.000,14,false
twitch,2026-09-26,Suicide Squad: Kill the Justice League,0.000,26,false
twitch,2026-09-26,Super Mega Baseball 4,0.000,24,false
twitch,2026-09-26,Metalstorm,0.000,22,false
twitch,2026-09-26,SWORD ART ONLINE Fractured Daydream,0.000,12,false
twitch,2026-09-26,Halo: Reach,0.000,25,false
twitch,2026-09-26,Coffee Talk,0.000,8,false
twitch,2026-09-26,Sword of the Sea,0.000,7,false
twitch,2026-09-26,Warcraft II: Remastered,0.000,5,false
twitch,2026-09-26,The Sinking City,0.000,9,false
twitch,2026-09-26,The Curse of Monkey Island,0.000,5,false
twitch,2026-09-26,Sly 2: Band of Thieves,0.000,11,false
twitch,2026-09-26,Kingdom Hearts,0.000,10,false
twitch,2026-09-26,MapleStory N,0.000,6,false
twitch,2026-09-26,BioShock 2,0.000,7,false
twitch,2026-09-26,Visions of Mana,0.000,10,false
twitch,2026-09-26,Medieval Juice Crafter,0.000,7,false
twitch,2026-09-26,FNaF World,0.000,12,false
twitch,2026-09-26,Religious Idle,0.000,7,false
twitch,2026-09-26,Leafy Corner,0.000,7,false
twitch,2026-09-26,Tales of Graces f Remastered,0.000,11,false
twitch,2026-09-26,Stormworks: Build and Rescue,0.000,13,false
twitch,2026-09-26,Mortal Kombat: Armageddon,0.000,5,false
twitch,2026-09-26,Streets of Rage 2,0.000,9,false
twitch,2026-09-26,Mortal Kombat,0.000,9,false
twitch,2026-09-26,Digimon Story: Cyber Sleuth,0.000,14,false
twitch,2026-09-26,Security 51,0.000,8,false
twitch,2026-09-26,Doom,0.000,31,false
twitch,2026-09-26,Monster Hunter Stories,0.000,5,false
twitch,2026-09-26,The Message From Deep Space,0.000,9,false
twitch,2026-09-26,Rogue Galaxy,0.000,5,false
twitch,2026-09-26,Really Illegal Golf,0.000,13,false
twitch,2026-09-26,House 2,0.000,7,false
twitch,2026-09-26,Halo 4,0.000,9,false
twitch,2026-09-26,Halo Wars,0.000,10,false
twitch,2026-09-26,Half-Life: Alyx,0.000,20,false
twitch,2026-09-26,Dead Space (2008),0.000,10,false
twitch,2026-09-26,L.A. Noire,0.000,28,false
twitch,2026-09-26,Pool Blitz,0.000,32,false
twitch,2026-09-26,Pokémon Black Version 2,0.000,7,false
twitch,2026-09-26,Max Payne 2: The Fall of Max Payne,0.000,10,false
twitch,2026-09-26,Ratchet & Clank,0.000,22,false
twitch,2026-09-26,Mongil: Star Dive,0.000,10,false
twitch,2026-09-26,Strikers Club,0.000,18,false
twitch,2026-09-26,The Lord of the Rings: War in the North - Legacy Edition,0.000,15,false
twitch,2026-09-26,Monster Train 2,0.000,8,false
twitch,2026-09-26,Super Mario 3D World,0.000,7,false
twitch,2026-09-26,Ghost Exile,0.000,8,false
twitch,2026-09-26,The Secret of Monkey Island,0.000,7,false
twitch,2026-09-26,Plants vs. Zombies: Replanted,0.000,15,false
twitch,2026-09-26,City Car Driving,0.000,8,false
twitch,2026-09-26,DRAGON QUEST MONSTERS: The Withered World,0.000,8,false
twitch,2026-09-26,Final Sentence,0.000,5,false
twitch,2026-09-26,Silent Hill: Origins,0.000,7,false
twitch,2026-09-26,Can I Come In?,0.000,7,false
twitch,2026-09-26,As Dusk Falls,0.000,10,false
twitch,2026-09-26,s&box,0.000,5,false
twitch,2026-09-26,LEGO The Lord of the Rings,0.000,5,false
twitch,2026-09-26,Vampire Crawlers: The Turbo Wildcard from Vampire Survivors,0.000,8,false
twitch,2026-09-26,Uncanny Cat Golf,0.000,5,false
twitch,2026-09-26,Just Cause 3,0.000,26,false
twitch,2026-09-26,Mortal Shell,0.000,15,false
twitch,2026-09-26,Pokémon Puzzle League,0.000,7,false
twitch,2026-09-26,Crypt of the NecroDancer,0.000,10,false
twitch,2026-09-26,Tom Clancy's Splinter Cell: Chaos Theory,0.000,9,false
twitch,2026-09-26,Fire Pro Wrestling World,0.000,10,false
twitch,2026-09-26,Witch It,0.000,6,false
twitch,2026-09-26,A.A.U. Black Site,0.000,8,false
twitch,2026-09-26,Pro Evolution Soccer 2013,0.000,7,false
twitch,2026-09-26,Talk To Me,0.000,8,false
twitch,2026-09-26,Lost and Found Co.,0.000,5,false
twitch,2026-09-26,Halo 2,0.000,12,false
twitch,2026-09-26,Ball Guys : Stumble & Fall,0.000,5,false
twitch,2026-09-26,DOOM³,0.000,7,false
twitch,2026-09-26,Walkabout Mini Golf,0.000,7,false
twitch,2026-09-26,Retro Game Challenge,0.000,9,false
twitch,2026-09-26,Life is Strange: Before the Storm,0.000,9,false
twitch,2026-09-26,Mage Arena,0.000,5,false
twitch,2026-09-26,Oxide: Survival Island,0.000,39,false
twitch,2026-09-26,VALORANT Mobile,0.000,24,false
twitch,2026-09-26,Galaxy Burger,0.000,7,false
twitch,2026-09-26,Mortal Kombat XL,0.000,49,false
twitch,2026-09-26,Jujutsu Kaisen: Cursed Clash,0.000,7,false
twitch,2026-09-26,Kebab Chefs!: Restaurant Simulator,0.000,5,false
twitch,2026-09-26,Rust Mobile,0.000,11,false
twitch,2026-09-26,Yo-Kai Watch 2: Psychic Specters,0.000,6,false
twitch,2026-09-26,Mega Man 7,0.000,6,false
twitch,2026-09-26,Dead Island,0.000,11,false
twitch,2026-09-26,Town to City,0.000,6,false
twitch,2026-09-26,Train Sim World 6,0.000,16,false
twitch,2026-09-26,Rhythia,0.000,15,false
twitch,2026-09-26,Just Shapes & Beats,0.000,12,false
twitch,2026-09-26,Minecraft: Story Mode,0.000,20,false
twitch,2026-09-26,Dravo's Twisted Show,0.000,7,false
twitch,2026-09-26,Don't Panic! It Is Just Turbulence,0.000,8,false
twitch,2026-09-26,Kuroko no Basket: Kiseki no Game,0.000,5,false
twitch,2026-09-26,The Prince of Tennis Sweet School Festival ♡-40 and more...,0.000,5,false
twitch,2026-09-26,Hitman 2: Silent Assassin,0.000,15,false
twitch,2026-09-26,Apex,0.000,17,false
twitch,2026-09-26,Cast n Chill,0.000,10,false
twitch,2026-09-26,RollerCoaster Tycoon,0.000,5,false
twitch,2026-09-26,Tekken Tag Tournament 2,0.000,6,false
twitch,2026-09-26,Dofus Retro,0.000,6,false
twitch,2026-09-26,Alone in the Dark,0.000,7,false
twitch,2026-09-26,Dungeon Clawler,0.000,5,false
twitch,2026-09-26,Far Cry,0.000,11,false
twitch,2026-09-26,Star Wars: Empire at War,0.000,7,false
twitch,2026-09-26,Need for Speed Most Wanted U,0.000,7,false
twitch,2026-09-26,Animal Company,0.000,26,false
twitch,2026-09-26,Rocket League Sideswipe,0.000,26,false
twitch,2026-09-26,Super Monkey Ball: Banana Mania,0.000,5,false
twitch,2026-09-26,Ni no Kuni: Wrath of the White Witch Remastered,0.000,8,false
twitch,2026-09-26,Rugby League 26,0.000,17,false
twitch,2026-09-26,inKONBINI: One Store. Many Stories,0.000,8,false
twitch,2026-09-26,The Outer Worlds: Spacer's Choice Edition,0.000,14,false
twitch,2026-09-26,Two Point Hospital,0.000,7,false
twitch,2026-09-26,Gears Tactics,0.000,9,false
twitch,2026-09-26,Zombie Army Trilogy,0.000,5,false
twitch,2026-09-26,Street Fighter X Tekken,0.000,8,false
twitch,2026-09-26,JoJo’s Bizarre Adventure: All-Star Battle R,0.000,19,false
twitch,2026-09-26,Pixel Gun 3D,0.000,6,false
twitch,2026-09-26,Just Cause 4,0.000,13,false
twitch,2026-09-26,Uncanny Tales: The Watcher,0.000,7,false
twitch,2026-09-26,Age of Empires Mobile,0.000,8,false
twitch,2026-09-26,Just Cause 2,0.000,5,false
twitch,2026-09-26,Plants vs. Zombies: Battle for Neighborville,0.000,14,false
twitch,2026-09-26,Fallout Shelter,0.000,20,false
twitch,2026-09-26,Plan B: Terraform,0.000,5,false
twitch,2026-09-26,Super Meat Boy 3D,0.000,10,false
twitch,2026-09-26,Onimusha 2: Samurai's Destiny,0.000,11,false
twitch,2026-09-26,Buckshot Roulette,0.000,12,false
twitch,2026-09-26,Star Ocean: The Second Story R,0.000,6,false
twitch,2026-09-26,Winning Eleven: Pro Evolution Soccer 2007,0.000,8,false
twitch,2026-09-26,Lotsa Slots,0.000,8,false
twitch,2026-09-26,Poker Chase,0.000,5,false
twitch,2026-09-26,Streets of Rage,0.000,5,false
twitch,2026-09-26,Among the Sleep,0.000,8,false
twitch,2026-09-26,Injustice: Gods Among Us,0.000,7,false
twitch,2026-09-26,Ace Combat 04: Shattered Skies,0.000,5,false
twitch,2026-09-26,DOOM 64,0.000,6,false
twitch,2026-09-26,RollerCoaster Tycoon 3,0.000,5,false
twitch,2026-09-26,Mass Effect 3,0.000,5,false
twitch,2026-09-26,Hatsune Miku: Project DIVA Mega Mix,0.000,5,false
twitch,2026-09-26,Apex Legends Mobile,0.000,9,false
twitch,2026-09-26,Shovel Knight,0.000,6,false
twitch,2026-09-26,League Challenge,0.000,7,false
twitch,2026-09-26,Silent Hill: The Short Message,0.000,17,false
twitch,2026-09-26,Robox,0.000,7,false
twitch,2026-09-26,Sonic Adventure,0.000,13,false
twitch,2026-09-26,Mount & Blade: Warband,0.000,6,false
twitch,2026-09-26,BMX Streets,0.000,15,false
twitch,2026-09-26,Block Strike,0.000,8,false
twitch,2026-09-26,Blade & Sorcery,0.000,11,false
twitch,2026-09-26,Plants vs. Zombies: Fusion,0.000,7,false
twitch,2026-09-26,The Sims Medieval,0.000,5,false
twitch,2026-09-26,SD Gundam G Generation Eternal,0.000,9,false
twitch,2026-09-26,art of rally,0.000,5,false
twitch,2026-09-26,Lethal League Blaze,0.000,8,false
twitch,2026-09-26,Mario Golf: Toadstool Tour,0.000,6,false
twitch,2026-09-26,Halo 2: Anniversary,0.000,5,false
twitch,2026-09-26,EVERYBODY'S GOLF: HOT SHOTS,0.000,6,false
twitch,2026-09-26,Plants vs. Zombies: Garden Warfare,0.000,9,false
twitch,2026-09-26,Metro 2033,0.000,6,false
twitch,2026-09-26,The Sims,0.000,7,false
twitch,2026-09-26,FPS Chess,0.000,6,false
twitch,2026-09-26,Tekken 6,0.000,8,false
twitch,2026-09-26,Alaskan Road Truckers,0.000,6,false
twitch,2026-09-26,SimCity,0.000,5,false
twitch,2026-09-26,Train Sim World 5,0.000,9,false
twitch,2026-09-26,Doom 3,0.000,6,false
twitch,2026-09-26,Sly 3: Honor Among Thieves,0.000,5,false
twitch,2026-09-26,The No Jumpscare Show,0.000,5,false
twitch,2026-09-26,Music Maker,0.000,8,false
twitch,2026-09-26,Fitness Boxing 3: Your Personal Trainer,0.000,6,false
twitch,2026-09-26,Bus Simulator,0.000,6,false
twitch,2026-09-26,Euro Truck Simulator,0.000,7,false
twitch,2026-09-26,8-Ball Pool,0.000,5,false
twitch,2026-09-26,Pro Evolution Soccer,0.000,6,false
twitch,2026-09-26,Poker Club,0.000,6,false
twitch,2026-09-26,Tekken 3,0.000,6,false
twitch,2026-09-26,Setting Sun,0.000,5,false
twitch,2026-09-26,PGA TOUR 2K23,0.000,5,false
twitch,2026-09-26,Captain Tsubasa: Rise of New Champions,0.000,5,false
twitch,2026-09-26,Truck & Logistics Simulator,0.000,5,false
twitch,2026-09-26,(other: 669 categories with fewer than 5 channels),0.092,,false
twitch,2026-09-27,Just Chatting,9.564,315,false
twitch,2026-09-27,Fortnite,6.930,249,false
twitch,2026-09-27,Grand Theft Auto V,4.736,189,false
twitch,2026-09-27,IRL,4.242,205,false
twitch,2026-09-27,Dota 2,4.050,227,false
twitch,2026-09-27,League of Legends,3.884,176,false
twitch,2026-09-27,World of Warcraft,3.792,185,false
twitch,2026-09-27,VALORANT,3.411,226,false
twitch,2026-09-27,Rust,3.219,118,false
twitch,2026-09-27,EA Sports FC 27,2.976,217,false
twitch,2026-09-27,Apex Legends,2.937,220,false
twitch,2026-09-27,Counter-Strike,2.628,308,false
twitch,2026-09-27,Special Events,2.391,161,false
twitch,2026-09-27,WARDOGS,1.609,201,false
twitch,2026-09-27,Minecraft,1.410,291,false
twitch,2026-09-27,Slots,1.148,240,true
twitch,2026-09-27,Valheim,0.949,204,false
twitch,2026-09-27,Always On,0.913,79,false
twitch,2026-09-27,Teamfight Tactics,0.889,203,false
twitch,2026-09-27,SILENT HILL: townfall,0.877,233,false
twitch,2026-09-27,Marvel Rivals,0.865,217,false
twitch,2026-09-27,World of Tanks,0.830,210,false
twitch,2026-09-27,Rainbow Six Siege,0.787,282,false
twitch,2026-09-27,Escape from Tarkov: Arena,0.749,152,false
twitch,2026-09-27,ASMR,0.634,207,false
twitch,2026-09-27,Overwatch,0.608,227,false
twitch,2026-09-27,Dead by Daylight,0.599,251,false
twitch,2026-09-27,Escape from Tarkov,0.576,216,false
twitch,2026-09-27,Rocket League,0.566,274,false
twitch,2026-09-27,Among Us,0.541,458,false
twitch,2026-09-27,Pokémon Champions,0.519,317,false
twitch,2026-09-27,I'm Only Sleeping,0.510,160,false
twitch,2026-09-27,Call of Duty: Warzone,0.493,186,false
twitch,2026-09-27,Hearthstone,0.473,212,false
twitch,2026-09-27,Poker,0.440,195,true
twitch,2026-09-27,PUBG: BATTLEGROUNDS,0.434,261,false
twitch,2026-09-27,Diablo IV,0.426,170,false
twitch,2026-09-27,Deadlock,0.395,243,false
twitch,2026-09-27,Fall Guys,0.366,421,false
twitch,2026-09-27,Black Desert,0.360,157,false
twitch,2026-09-27,NBA 2K27,0.357,167,false
twitch,2026-09-27,Z1: Battle Royale,0.348,286,false
twitch,2026-09-27,Aniimo,0.342,225,false
twitch,2026-09-27,Retro,0.335,213,false
twitch,2026-09-27,Street Fighter 6,0.334,317,false
twitch,2026-09-27,Music,0.333,273,false
twitch,2026-09-27,DJs,0.327,274,false
twitch,2026-09-27,Arena Breakout: Infinite,0.318,163,false
twitch,2026-09-27,ELDEN RING,0.315,267,false
twitch,2026-09-27,Sports,0.313,313,false
twitch,2026-09-27,Old School RuneScape,0.309,196,false
twitch,2026-09-27,Total War: WARHAMMER III,0.295,230,false
twitch,2026-09-27,Albion Online,0.293,164,false
twitch,2026-09-27,"Animals, Aquariums, and Zoos",0.293,49,false
twitch,2026-09-27,Tibia,0.285,143,false
twitch,2026-09-27,Pokémon FireRed/LeafGreen,0.283,220,false
twitch,2026-09-27,Delta Force,0.275,214,false
twitch,2026-09-27,Fire Emblem: Fortune's Weave,0.267,206,false
twitch,2026-09-27,Genshin Impact,0.262,270,false
twitch,2026-09-27,Age of Empires II,0.260,261,false
twitch,2026-09-27,ARC Raiders,0.260,198,false
twitch,2026-09-27,Games + Demos,0.258,386,false
twitch,2026-09-27,CONTROL Resonant,0.252,85,false
twitch,2026-09-27,Art,0.249,255,false
twitch,2026-09-27,AION 2,0.248,180,false
twitch,2026-09-27,VRChat,0.245,308,false
twitch,2026-09-27,PEAK,0.236,395,false
twitch,2026-09-27,Crypto,0.230,132,false
twitch,2026-09-27,Chess,0.227,323,false
twitch,2026-09-27,Virtual Casino,0.225,97,true
twitch,2026-09-27,Graveyard Keeper II,0.215,234,false
twitch,2026-09-27,BOMBANANA!,0.213,408,false
twitch,2026-09-27,Heroes of Might and Magic III: The Restoration of Erathia,0.210,128,false
twitch,2026-09-27,FINAL FANTASY XIV ONLINE,0.197,246,false
twitch,2026-09-27,Warframe,0.194,212,false
twitch,2026-09-27,The Blood of Dawnwalker,0.191,263,false
twitch,2026-09-27,DayZ,0.189,233,false
twitch,2026-09-27,Mimic Party,0.188,268,false
twitch,2026-09-27,Watch Your Plastic Duck,0.186,13,false
twitch,2026-09-27,Project Zomboid,0.185,243,false
twitch,2026-09-27,Talk Shows & Podcasts,0.179,299,false
twitch,2026-09-27,MECCHA CHAMELEON,0.171,431,false
twitch,2026-09-27,Terraria,0.171,350,false
twitch,2026-09-27,Pokémon Trading Card Game,0.167,252,false
twitch,2026-09-27,Path of Exile 2,0.163,179,false
twitch,2026-09-27,Mobile Legends: Bang Bang,0.162,285,false
twitch,2026-09-27,Tom Clancy's The Division 2,0.162,189,false
twitch,2026-09-27,ARK: Survival Ascended,0.158,203,false
twitch,2026-09-27,Call of Duty: Black Ops 7,0.156,273,false
twitch,2026-09-27,ROBLOX,0.154,450,false
twitch,2026-09-27,Halloween: The Game,0.154,325,false
twitch,2026-09-27,Super Mario 64,0.146,250,false
twitch,2026-09-27,Destiny 2,0.144,203,false
twitch,2026-09-27,Star Citizen,0.144,186,false
twitch,2026-09-27,Hollow Knight: Silksong,0.140,346,false
twitch,2026-09-27,Geometry Dash,0.140,464,false
twitch,2026-09-27,Trackmania,0.136,229,false
twitch,2026-09-27,nanos world,0.136,83,false
twitch,2026-09-27,Romancing SaGa 3,0.133,5,false
twitch,2026-09-27,Phasmophobia,0.133,406,false
twitch,2026-09-27,F1 25,0.131,528,false
twitch,2026-09-27,Marbles on Stream,0.130,289,false
twitch,2026-09-27,Hunt: Showdown 1896,0.129,239,false
twitch,2026-09-27,Warcraft III,0.129,242,false
twitch,2026-09-27,Dungeons & Dragons,0.127,266,false
twitch,2026-09-27,Clash Royale,0.126,441,false
twitch,2026-09-27,Slay the Spire II,0.124,351,false
twitch,2026-09-27,RuneScape: Dragonwilds,0.117,241,false
twitch,2026-09-27,Dark Souls: Remastered,0.113,331,false
twitch,2026-09-27,Mario Kart World,0.113,335,false
twitch,2026-09-27,Baldur's Gate 3,0.108,299,false
twitch,2026-09-27,Red Dead Redemption II,0.106,280,false
twitch,2026-09-27,Magic: The Gathering,0.105,237,false
twitch,2026-09-27,The Binding of Isaac: Repentance,0.104,415,false
twitch,2026-09-27,Riftbound,0.103,67,false
twitch,2026-09-27,Sort Them Ducks,0.102,68,false
twitch,2026-09-27,Where Winds Meet,0.099,238,false
twitch,2026-09-27,MapleStory,0.098,189,false
twitch,2026-09-27,The Elder Scrolls V: Skyrim - Special Edition,0.098,222,false
twitch,2026-09-27,Madden NFL 27,0.097,517,false
twitch,2026-09-27,Knight Online,0.097,166,false
twitch,2026-09-27,TEKKEN 8,0.095,310,false
twitch,2026-09-27,Pokémon HeartGold/SoulSilver,0.095,115,false
twitch,2026-09-27,Dune: Awakening,0.095,156,false
twitch,2026-09-27,Pokémon GO,0.094,182,false
twitch,2026-09-27,Food & Drink,0.093,214,false
twitch,2026-09-27,SMITE 2,0.092,264,false
twitch,2026-09-27,Gakuen iDOLM@STER,0.092,9,false
twitch,2026-09-27,Sea of Thieves,0.091,235,false
twitch,2026-09-27,Software and Game Development,0.089,262,false
twitch,2026-09-27,EVE Online,0.088,113,false
twitch,2026-09-27,Happy Wheels,0.088,115,false
twitch,2026-09-27,League of Legends: Wild Rift,0.086,282,false
twitch,2026-09-27,Super Smash Bros. Ultimate,0.085,285,false
twitch,2026-09-27,Dofus,0.085,187,false
twitch,2026-09-27,Heroes of the Storm,0.085,228,false
twitch,2026-09-27,"Pools, Hot Tubs, and Beaches",0.084,127,false
twitch,2026-09-27,Once Human,0.079,213,false
twitch,2026-09-27,Halo Infinite,0.078,325,false
twitch,2026-09-27,War Thunder,0.077,314,false
twitch,2026-09-27,iRacing,0.075,288,false
twitch,2026-09-27,Farming Simulator 25,0.075,293,false
twitch,2026-09-27,Lost Ark,0.075,149,false
twitch,2026-09-27,Battlefield 6,0.075,298,false
twitch,2026-09-27,Fate/Grand Order,0.073,55,false
twitch,2026-09-27,The Sims 4,0.071,316,false
twitch,2026-09-27,Yu-Gi-Oh! Master Duel,0.071,317,false
twitch,2026-09-27,The Choicer Voicer,0.071,114,false
twitch,2026-09-27,DRAGON QUEST VII Reimagined,0.069,38,false
twitch,2026-09-27,Brawl Stars,0.068,446,false
twitch,2026-09-27,DARK SOULS III,0.066,324,false
twitch,2026-09-27,Big Walk,0.066,290,false
twitch,2026-09-27,The Isle,0.065,264,false
twitch,2026-09-27,Eternal Return,0.065,179,false
twitch,2026-09-27,R.E.P.O.,0.065,382,false
twitch,2026-09-27,RimWorld,0.064,213,false
twitch,2026-09-27,007 First Light,0.062,292,false
twitch,2026-09-27,Makers & Crafting,0.061,259,false
twitch,2026-09-27,osu!,0.061,493,false
twitch,2026-09-27,Grand Theft Auto: San Andreas,0.061,322,false
twitch,2026-09-27,Shakes and Fidget,0.060,48,false
twitch,2026-09-27,Euro Truck Simulator 2,0.058,340,false
twitch,2026-09-27,Co-working & Studying,0.057,218,false
twitch,2026-09-27,Persona 5 Royal,0.057,280,false
twitch,2026-09-27,Zenless Zone Zero,0.057,450,false
twitch,2026-09-27,ELDEN RING NIGHTREIGN,0.055,258,false
twitch,2026-09-27,Anime Squad,0.055,79,false
twitch,2026-09-27,Dragon's Dogma II,0.054,197,false
twitch,2026-09-27,Jackbox Party Packs,0.054,289,false
twitch,2026-09-27,THE FINALS,0.054,301,false
twitch,2026-09-27,The Legend of Zelda: The Wind Waker HD,0.052,66,false
twitch,2026-09-27,Cyberpunk 2077,0.052,340,false
twitch,2026-09-27,Pokémon Community Game,0.051,126,false
twitch,2026-09-27,Rise Online,0.051,55,false
twitch,2026-09-27,DARK SOULS II: Scholar of the First Sin,0.051,267,false
twitch,2026-09-27,RESIDENT EVIL: requiem,0.049,356,false
twitch,2026-09-27,Clair Obscur: Expedition 33,0.049,292,false
twitch,2026-09-27,HELLDIVERS 2,0.048,303,false
twitch,2026-09-27,Microsoft Flight Simulator 2024,0.048,281,false
twitch,2026-09-27,RESIDENT EVIL 7 biohazard,0.047,369,false
twitch,2026-09-27,Stardew Valley,0.047,349,false
twitch,2026-09-27,Summoners War: Sky Arena,0.046,69,false
twitch,2026-09-27,GeoGuessr,0.046,353,false
twitch,2026-09-27,WarCraft II: Tides of Darkness,0.045,5,false
twitch,2026-09-27,Diablo II: Resurrected,0.045,212,false
twitch,2026-09-27,Honkai: Star Rail,0.044,388,false
twitch,2026-09-27,Grand Theft Auto IV,0.044,329,false
twitch,2026-09-27,Normal Golf Game,0.043,44,false
twitch,2026-09-27,EA Sports FC 26,0.042,449,false
twitch,2026-09-27,Shift at Midnight,0.042,352,false
twitch,2026-09-27,Animal Crossing: New Horizons,0.041,179,false
twitch,2026-09-27,REMATCH,0.041,421,false
twitch,2026-09-27,Age of Empires IV,0.041,166,false
twitch,2026-09-27,FTL: Faster Than Light,0.040,26,false
twitch,2026-09-27,Le Mans Ultimate,0.040,302,false
twitch,2026-09-27,LEGO Batman: Legacy of the Dark Knight,0.039,160,false
twitch,2026-09-27,Guild Wars 2,0.039,265,false
twitch,2026-09-27,WWE 2K26,0.039,382,false
twitch,2026-09-27,The Legend of Zelda: Breath of the Wild,0.039,217,false
twitch,2026-09-27,Science & Technology,0.039,136,false
twitch,2026-09-27,Metaphor: ReFantazio,0.038,122,false
twitch,2026-09-27,FINAL FANTASY VII,0.038,121,false
twitch,2026-09-27,American Truck Simulator,0.038,350,false
twitch,2026-09-27,How to Fish,0.038,400,false
twitch,2026-09-27,MARVEL TŌKON: Fighting Souls,0.037,208,false
twitch,2026-09-27,Casino Simulator 2024,0.037,28,false
twitch,2026-09-27,Palworld,0.037,323,false
twitch,2026-09-27,No Man's Sky,0.037,280,false
twitch,2026-09-27,Dark and Darker,0.036,189,false
twitch,2026-09-27,Lies of P,0.036,273,false
twitch,2026-09-27,STALZONE,0.036,282,false
twitch,2026-09-27,God of War,0.036,296,false
twitch,2026-09-27,Super Mario World,0.036,164,false
twitch,2026-09-27,Lego & Brickbuilding,0.036,133,false
twitch,2026-09-27,Politics,0.035,84,false
twitch,2026-09-27,Palia,0.035,225,false
twitch,2026-09-27,Call of Duty,0.034,512,false
twitch,2026-09-27,Resonance: A Plague Tale Legacy,0.034,295,false
twitch,2026-09-27,Mortal Shell II,0.034,302,false
twitch,2026-09-27,Kings League,0.034,13,false
twitch,2026-09-27,The Legend of Zelda: Majora's Mask,0.033,163,false
twitch,2026-09-27,Path of Exile,0.033,180,false
twitch,2026-09-27,Shadowverse: Worlds Beyond,0.033,143,false
twitch,2026-09-27,Marathon,0.033,256,false
twitch,2026-09-27,Kingdom Hearts HD 1.5 + 2.5 ReMIX,0.033,295,false
twitch,2026-09-27,Miniatures & Models,0.033,230,false
twitch,2026-09-27,MLB The Show 26,0.033,431,false
twitch,2026-09-27,Call of Duty: Black Ops,0.032,339,false
twitch,2026-09-27,Super Mario Odyssey,0.032,120,false
twitch,2026-09-27,Fallout 76,0.031,305,false
twitch,2026-09-27,Hollow Knight,0.031,373,false
twitch,2026-09-27,Pogostuck: Rage With Your Friends,0.031,55,false
twitch,2026-09-27,Heroes of Might & Magic: Olden Era,0.030,53,false
twitch,2026-09-27,Star Fox Adventures,0.030,33,false
twitch,2026-09-27,Garry's Mod,0.030,201,false
twitch,2026-09-27,The Elder Scrolls Online,0.029,310,false
twitch,2026-09-27,TCG Card Shop Simulator,0.029,312,false
twitch,2026-09-27,Black Russia,0.028,77,false
twitch,2026-09-27,Pokémon,0.028,244,false
twitch,2026-09-27,Fallout 4,0.028,324,false
twitch,2026-09-27,eFootball,0.028,516,false
twitch,2026-09-27,NARAKA: BLADEPOINT,0.027,208,false
twitch,2026-09-27,Gartic Phone,0.027,361,false
twitch,2026-09-27,Clash of Clans,0.027,164,false
twitch,2026-09-27,Call of Duty: Black Ops II,0.026,482,false
twitch,2026-09-27,For Honor,0.025,391,false
twitch,2026-09-27,Football Manager 26,0.025,139,false
twitch,2026-09-27,Halo: The Master Chief Collection,0.025,265,false
twitch,2026-09-27,Dragon Quest Heroes: Torneko's Mystery Dungeon Classic HD,0.024,103,false
twitch,2026-09-27,Super Smash Bros. Melee,0.024,144,false
twitch,2026-09-27,Forza Horizon 6,0.024,417,false
twitch,2026-09-27,the cabin game,0.024,94,false
twitch,2026-09-27,Dark Souls,0.024,59,false
twitch,2026-09-27,The Witcher 3: Wild Hunt,0.024,281,false
twitch,2026-09-27,FINAL FANTASY XI ONLINE,0.023,104,false
twitch,2026-09-27,The Last of Us Part II Remastered,0.023,406,false
twitch,2026-09-27,Pokémon UNITE,0.023,252,false
twitch,2026-09-27,The Walking Dead: The Final Season,0.023,34,false
twitch,2026-09-27,Kingdom Come: Deliverance II,0.022,259,false
twitch,2026-09-27,The Elder Scrolls V: Skyrim,0.022,366,false
twitch,2026-09-27,Super Mario Maker 2,0.022,126,false
twitch,2026-09-27,Resident Evil 6,0.022,280,false
twitch,2026-09-27,Garden of Witches,0.022,7,false
twitch,2026-09-27,NTE: Neverness to Everness,0.022,427,false
twitch,2026-09-27,Left 4 Dead 2,0.022,413,false
twitch,2026-09-27,Minecraft Dungeons,0.022,276,false
twitch,2026-09-27,Lethal Company,0.022,345,false
twitch,2026-09-27,Control,0.021,281,false
twitch,2026-09-27,The Outlast Trials,0.021,395,false
twitch,2026-09-27,Resident Evil 3,0.021,316,false
twitch,2026-09-27,The Bazaar,0.021,46,false
twitch,2026-09-27,The Last of Us Part I,0.021,362,false
twitch,2026-09-27,Tomb Raider I•II•III Remastered,0.021,96,false
twitch,2026-09-27,EA Sports College Football 27,0.021,835,false
twitch,2026-09-27,"Warhammer 40,000: Space Marine II",0.020,377,false
twitch,2026-09-27,HλLF-LIFE,0.020,66,false
twitch,2026-09-27,Europa Universalis V,0.020,27,false
twitch,2026-09-27,RavenQuest,0.020,20,false
twitch,2026-09-27,Call of Duty: Modern Warfare III,0.020,496,false
twitch,2026-09-27,Kukoro: Stream Chat Games,0.020,53,false
twitch,2026-09-27,FPS Chess,0.020,5,false
twitch,2026-09-27,The Legend of Zelda: A Link to the Past,0.019,222,false
twitch,2026-09-27,SHINOBI: Art of Vengeance,0.019,20,false
twitch,2026-09-27,Mahjong Soul,0.019,176,false
twitch,2026-09-27,RuneScape,0.019,141,false
twitch,2026-09-27,Jinro Metropolis,0.019,22,false
twitch,2026-09-27,Magic Chess: Go Go,0.018,32,false
twitch,2026-09-27,Pokémon Legends: Z-A,0.018,205,false
twitch,2026-09-27,Mario Kart 8 Deluxe,0.018,243,false
twitch,2026-09-27,Sid Meier's Civilization VI,0.018,96,false
twitch,2026-09-27,Magical Girl Witch Trials,0.018,42,false
twitch,2026-09-27,BanG Dream! Our Notes,0.018,39,false
twitch,2026-09-27,Dead Space,0.018,239,false
twitch,2026-09-27,Pokémon Pokopia,0.018,189,false
twitch,2026-09-27,Gran Turismo 7,0.018,475,false
twitch,2026-09-27,The Legend of Zelda: Twilight Princess,0.018,211,false
twitch,2026-09-27,Shelves and Sorcery: Tidy Up the Enchanted Shop,0.017,20,false
twitch,2026-09-27,My Hero Ultra Rumble,0.017,336,false
twitch,2026-09-27,FINAL FANTASY XVI,0.017,228,false
twitch,2026-09-27,Beat Saber,0.017,244,false
twitch,2026-09-27,The Message From Deep Space,0.017,8,false
twitch,2026-09-27,Golf With Your Friends,0.017,225,false
twitch,2026-09-27,Vintage Story,0.017,133,false
twitch,2026-09-27,Star Wars Zero Company,0.017,265,false
twitch,2026-09-27,Danganronpa: Trigger Happy Havoc,0.016,75,false
twitch,2026-09-27,Pokémon Brilliant Diamond/Shining Pearl,0.016,58,false
twitch,2026-09-27,Mistfall Hunter,0.016,172,false
twitch,2026-09-27,Resident Evil Village,0.016,404,false
twitch,2026-09-27,Endacopia,0.016,93,false
twitch,2026-09-27,Board Games,0.016,56,false
twitch,2026-09-27,Metro 2033 Redux,0.016,88,false
twitch,2026-09-27,Super Battle Golf,0.016,201,false
twitch,2026-09-27,Raft,0.016,241,false
twitch,2026-09-27,FINAL FANTASY X,0.016,110,false
twitch,2026-09-27,They Are Billions,0.016,27,false
twitch,2026-09-27,The Legend of Zelda: Tears of the Kingdom,0.016,199,false
twitch,2026-09-27,Balatro,0.016,228,false
twitch,2026-09-27,New World: Aeternum,0.016,56,false
twitch,2026-09-27,Tomodachi Life: Living the Dream,0.015,240,false
twitch,2026-09-27,DRAGON BALL GEKISHIN SQUADRA,0.015,258,false
twitch,2026-09-27,Team Fortress 2,0.015,345,false
twitch,2026-09-27,Pokémon Emerald Version,0.015,192,false
twitch,2026-09-27,Subnautica,0.015,206,false
twitch,2026-09-27,"KOTÁMON: My Sis Found A Super-Rare Card In Her Cereal Box, So I Became A Garbage Man To Find The Entire Collection And Earn $1,000,000",0.015,28,false
twitch,2026-09-27,Deltarune,0.015,297,false
twitch,2026-09-27,The Legend of Zelda: Skyward Sword HD,0.015,65,false
twitch,2026-09-27,After-H: Battle Arena,0.015,7,false
twitch,2026-09-27,FINAL FANTASY VII REMAKE,0.015,276,false
twitch,2026-09-27,Super Metroid,0.015,91,false
twitch,2026-09-27,The Quarry,0.015,169,false
twitch,2026-09-27,Free Fire,0.015,432,false
twitch,2026-09-27,Heroes of Newerth Reborn,0.015,38,false
twitch,2026-09-27,Writing & Reading,0.014,137,false
twitch,2026-09-27,Call of Duty: Black Ops 6,0.014,295,false
twitch,2026-09-27,God of War Ragnarök,0.014,379,false
twitch,2026-09-27,Metro Exodus,0.014,157,false
twitch,2026-09-27,Party Animals,0.014,230,false
twitch,2026-09-27,Gothic 1 Remake,0.014,105,false
twitch,2026-09-27,Casino Jackpot,0.014,10,false
twitch,2026-09-27,Super Mario Bros. 3,0.014,26,false
twitch,2026-09-27,Mario Kart Wii,0.013,169,false
twitch,2026-09-27,Resident Evil 4,0.013,447,false
twitch,2026-09-27,Portal 2,0.013,117,false
twitch,2026-09-27,Assassin's Creed Black Flag Resynced,0.013,322,false
twitch,2026-09-27,Escape the Backrooms,0.013,418,false
twitch,2026-09-27,SILENT HILL ƒ,0.013,249,false
twitch,2026-09-27,Microscape,0.013,17,false
twitch,2026-09-27,HλLF-LIFE²,0.013,62,false
twitch,2026-09-27,Diablo II,0.013,51,false
twitch,2026-09-27,Mortal Kombat 1,0.013,396,false
twitch,2026-09-27,Pokémon Infinite Fusion,0.013,51,false
twitch,2026-09-27,Granblue Fantasy,0.012,75,false
twitch,2026-09-27,theHunter: Call of the Wild,0.012,327,false
twitch,2026-09-27,Legend of YMIR,0.012,25,false
twitch,2026-09-27,Out of the Park Baseball 27,0.012,11,false
twitch,2026-09-27,Call of Duty: Black Ops III,0.012,423,false
twitch,2026-09-27,Raid: Shadow Legends,0.012,75,false
twitch,2026-09-27,FINAL FANTASY VII REBIRTH,0.012,261,false
twitch,2026-09-27,Heavy Rain,0.012,73,false
twitch,2026-09-27,Resident Evil 5,0.012,246,false
twitch,2026-09-27,Umamusume: Pretty Derby,0.012,157,false
twitch,2026-09-27,Schedule I,0.011,307,false
twitch,2026-09-27,GUILTY GEAR -STRIVE-,0.011,210,false
twitch,2026-09-27,Avatar Legends: The Fighting Game,0.011,105,false
twitch,2026-09-27,Metal Gear Solid 4: Guns of the Patriots - Master Collection Version,0.011,99,false
twitch,2026-09-27,Dragon Ball Legends,0.011,57,false
twitch,2026-09-27,Gwent: The Witcher Card Game,0.011,34,false
twitch,2026-09-27,Clone Hero,0.011,184,false
twitch,2026-09-27,Crimson Desert,0.011,284,false
twitch,2026-09-27,Gears 5,0.010,329,false
twitch,2026-09-27,Sonic Racing: CrossWorlds,0.010,173,false
twitch,2026-09-27,Resident Evil 2,0.010,333,false
twitch,2026-09-27,Darkest Dungeon,0.010,98,false
twitch,2026-09-27,The Witcher 2: Assassins of Kings,0.010,32,false
twitch,2026-09-27,Blue Protocol: Star Resonance,0.010,37,false
twitch,2026-09-27,ARK: Survival Evolved,0.010,253,false
twitch,2026-09-27,Kingdom Come: Deliverance,0.010,170,false
twitch,2026-09-27,Dragon Ball Z: Dokkan Battle,0.010,55,false
twitch,2026-09-27,Ready or Not,0.010,479,false
twitch,2026-09-27,Sid Meier's Civilization V,0.010,48,false
twitch,2026-09-27,Planet Crafter,0.010,159,false
twitch,2026-09-27,Marvel's Spider-Man Remastered,0.010,286,false
twitch,2026-09-27,The Walking Dead,0.009,123,false
twitch,2026-09-27,PlateUp!,0.009,120,false
twitch,2026-09-27,Pokémon Scarlet/Violet,0.009,149,false
twitch,2026-09-27,Battle Brothers,0.009,20,false
twitch,2026-09-27,Dying Light,0.009,306,false
twitch,2026-09-27,Cozy Farm: Tidy Up!,0.009,20,false
twitch,2026-09-27,Dying Light: The Beast,0.009,278,false
twitch,2026-09-27,Pokémon Gold Version,0.009,13,false
twitch,2026-09-27,FINAL FANTASY IX,0.009,71,false
twitch,2026-09-27,Demon's Souls,0.009,76,false
twitch,2026-09-27,I Know a Guy,0.009,90,false
twitch,2026-09-27,Mage Arena,0.009,12,false
twitch,2026-09-27,Metal Gear Solid 4: Guns of the Patriots,0.009,84,false
twitch,2026-09-27,Assetto Corsa,0.009,314,false
twitch,2026-09-27,Retro Rewind: Video Store Simulator,0.009,53,false
twitch,2026-09-27,Disciples II: Rise of the Elves,0.009,26,false
twitch,2026-09-27,Hero Siege,0.009,39,false
twitch,2026-09-27,DRAGON QUEST XI S: Echoes of an Elusive Age,0.009,48,false
twitch,2026-09-27,The Sims 2,0.008,43,false
twitch,2026-09-27,Mina the Hollower,0.008,43,false
twitch,2026-09-27,Gears of War: Reloaded,0.008,169,false
twitch,2026-09-27,Conan Exiles,0.008,125,false
twitch,2026-09-27,Pokémon Sword/Shield,0.008,117,false
twitch,2026-09-27,Silent Hill 2,0.008,325,false
twitch,2026-09-27,Horse Magnifier: The Full Horse,0.008,7,false
twitch,2026-09-27,Age of Mythology,0.008,63,false
twitch,2026-09-27,MARVEL SNAP,0.008,57,false
twitch,2026-09-27,Metal Gear Rising: Revengeance,0.008,43,false
twitch,2026-09-27,DOOM Eternal,0.008,134,false
twitch,2026-09-27,Blue Prince,0.008,112,false
twitch,2026-09-27,NBA 2K26,0.008,477,false
twitch,2026-09-27,EarthBound,0.008,24,false
twitch,2026-09-27,Subnautica 2,0.007,186,false
twitch,2026-09-27,Grounded,0.007,248,false
twitch,2026-09-27,The Legend of Zelda: Tears of the Kingdom - Nintendo Switch 2 Edition,0.007,29,false
twitch,2026-09-27,The Legend of Zelda: The Wind Waker,0.007,86,false
twitch,2026-09-27,Pokémon Trading Card Game Live,0.007,70,false
twitch,2026-09-27,Granblue Fantasy Versus: Rising,0.007,75,false
twitch,2026-09-27,Metro: Last Light Redux,0.007,55,false
twitch,2026-09-27,Path of Titans,0.007,252,false
twitch,2026-09-27,Street Fighter V,0.007,15,false
twitch,2026-09-27,Tournament Poker,0.007,19,false
twitch,2026-09-27,EA Sports College Football 26,0.007,378,false
twitch,2026-09-27,Call of Duty: Mobile,0.007,468,false
twitch,2026-09-27,Dark Souls II,0.007,51,false
twitch,2026-09-27,Star Wars: The Old Republic,0.007,155,false
twitch,2026-09-27,Graveyard Keeper,0.007,159,false
twitch,2026-09-27,Mortal Kombat 11,0.007,231,false
twitch,2026-09-27,Fallout: New Vegas,0.007,150,false
twitch,2026-09-27,Chained Together,0.007,123,false
twitch,2026-09-27,Final Fantasy VI,0.007,64,false
twitch,2026-09-27,The Long Dark,0.007,108,false
twitch,2026-09-27,lily's world XD,0.007,42,false
twitch,2026-09-27,Pokémon Trading Card Game Pocket,0.007,79,false
twitch,2026-09-27,Fatal Fury: City of the Wolves,0.007,109,false
twitch,2026-09-27,Crash Bandicoot 2: Cortex Strikes Back,0.006,25,false
twitch,2026-09-27,Halo: Campaign Evolved,0.006,306,false
twitch,2026-09-27,Danganronpa 2: Goodbye Despair,0.006,46,false
twitch,2026-09-27,Super Mario Party Jamboree,0.006,64,false
twitch,2026-09-27,The Lord of the Rings Online,0.006,69,false
twitch,2026-09-27,Police Chief Simulator,0.006,47,false
twitch,2026-09-27,GTA: La Heist,0.006,499,false
twitch,2026-09-27,Risk of Rain 2,0.006,235,false
twitch,2026-09-27,Sonic Adventure 2: Battle,0.006,44,false
twitch,2026-09-27,Call of Duty: Modern Warfare II,0.006,158,false
twitch,2026-09-27,DCS World,0.006,64,false
twitch,2026-09-27,Red Dead Redemption,0.006,181,false
twitch,2026-09-27,Auto Chess,0.006,27,false
twitch,2026-09-27,GRWM,0.006,32,false
twitch,2026-09-27,Anime Shop Simulator ✨,0.006,114,false
twitch,2026-09-27,Super Mario Sunshine,0.006,66,false
twitch,2026-09-27,Pummel Party,0.006,117,false
twitch,2026-09-27,Machine Party,0.006,146,false
twitch,2026-09-27,Quasimorph,0.006,27,false
twitch,2026-09-27,Outlast II,0.006,132,false
twitch,2026-09-27,GRAIN ROT,0.006,100,false
twitch,2026-09-27,FINAL FANTASY TACTICS,0.006,9,false
twitch,2026-09-27,Pokémon Platinum Version,0.006,111,false
twitch,2026-09-27,Assassin's Creed Valhalla,0.005,233,false
twitch,2026-09-27,House Flipper 2,0.005,94,false
twitch,2026-09-27,Just Dance 2026 Edition,0.005,40,false
twitch,2026-09-27,Star Trek Fleet Command,0.005,29,false
twitch,2026-09-27,Dying Light 2: Stay Human,0.005,289,false
twitch,2026-09-27,Pokémon Crystal Version,0.005,45,false
twitch,2026-09-27,Kingdom Hearts III,0.005,136,false
twitch,2026-09-27,Age of Empires III,0.005,50,false
twitch,2026-09-27,Placid Plastic Duck Simulator,0.005,36,false
twitch,2026-09-27,SMITE,0.005,103,false
twitch,2026-09-27,Animaly Bar: NO HUMANITY!,0.005,36,false
twitch,2026-09-27,Windrose,0.005,99,false
twitch,2026-09-27,Dungeons & Dragons Online,0.005,55,false
twitch,2026-09-27,Gears of War 4,0.005,151,false
twitch,2026-09-27,Poppy Playtime,0.005,139,false
twitch,2026-09-27,Final Fantasy Resonance,0.005,49,false
twitch,2026-09-27,Super Mario World 2: Yoshi's Island,0.005,13,false
twitch,2026-09-27,EA Sports UFC 6,0.005,372,false
twitch,2026-09-27,Days Gone,0.005,205,false
twitch,2026-09-27,Stray,0.005,123,false
twitch,2026-09-27,Metal Gear Solid V: The Phantom Pain,0.005,126,false
twitch,2026-09-27,Disco Elysium,0.005,48,false
twitch,2026-09-27,Fitness & Health,0.005,105,false
twitch,2026-09-27,FINAL FANTASY TACTICS - The Ivalice Chronicles,0.005,54,false
twitch,2026-09-27,Dispatch,0.005,95,false
twitch,2026-09-27,Rehaunted,0.005,51,false
twitch,2026-09-27,DRAGON BALL: Sparking! ZERO,0.005,390,false
twitch,2026-09-27,Call of Duty: Black Ops IIII,0.005,241,false
twitch,2026-09-27,PGA TOUR 2K25,0.005,194,false
twitch,2026-09-27,Star Trek Online,0.005,48,false
twitch,2026-09-27,Pokémon X/Y,0.005,35,false
twitch,2026-09-27,Grand Theft Auto III,0.005,58,false
twitch,2026-09-27,Crash Bandicoot: Warped,0.005,18,false
twitch,2026-09-27,Call of Duty: Black Ops Cold War,0.005,349,false
twitch,2026-09-27,Call of Duty: Modern Warfare 4,0.005,153,false
twitch,2026-09-27,Guildrun,0.005,14,false
twitch,2026-09-27,Stumble Guys,0.004,161,false
twitch,2026-09-27,Getting Over It with Bennett Foddy,0.004,48,false
twitch,2026-09-27,Guild Wars: Reforged,0.004,48,false
twitch,2026-09-27,MARVEL Strike Force,0.004,23,false
twitch,2026-09-27,KovaaK's Aim Trainer,0.004,99,false
twitch,2026-09-27,Crash Bandicoot,0.004,50,false
twitch,2026-09-27,Pokémon Legends: Arceus,0.004,56,false
twitch,2026-09-27,Phantasy Star Online 2 New Genesis,0.004,76,false
twitch,2026-09-27,THE KING OF FIGHTERS XV,0.004,49,false
twitch,2026-09-27,Quiz Show,0.004,7,false
twitch,2026-09-27,Resident Evil,0.004,113,false
twitch,2026-09-27,Batman: Arkham Knight,0.004,281,false
twitch,2026-09-27,Forza Horizon 5,0.004,454,false
twitch,2026-09-27,Star Wars Jedi: Survivor,0.004,144,false
twitch,2026-09-27,The Elder Scrolls III: Morrowind,0.004,46,false
twitch,2026-09-27,Call of Duty: Vanguard,0.004,69,false
twitch,2026-09-27,Counter-Strike 1.6,0.004,108,false
twitch,2026-09-27,Spirit City: Lofi Sessions,0.004,40,false
twitch,2026-09-27,Rush Royale,0.004,32,false
twitch,2026-09-27,Monster Hunter 3 Ultimate,0.004,11,false
twitch,2026-09-27,Grand Theft Auto: Vice City,0.004,104,false
twitch,2026-09-27,TERA,0.004,44,false
twitch,2026-09-27,Ratchet & Clank (2002),0.004,16,false
twitch,2026-09-27,Professor Layton and the Unwound Future,0.004,8,false
twitch,2026-09-27,Zelda II: The Adventure of Link,0.004,38,false
twitch,2026-09-27,Life Is Strange,0.004,78,false
twitch,2026-09-27,Librarian: Tidy Up the Arcane Library!,0.004,84,false
twitch,2026-09-27,FIFA Mobile,0.004,49,false
twitch,2026-09-27,The Sims 3,0.004,27,false
twitch,2026-09-27,Shiren the Wanderer: The Mystery Dungeon of Serpentcoil Island,0.004,53,false
twitch,2026-09-27,World War Z: Aftermath,0.004,138,false
twitch,2026-09-27,FINAL FANTASY VIII,0.004,42,false
twitch,2026-09-27,Liar's Bar,0.004,58,false
twitch,2026-09-27,Madden NFL 26,0.004,495,false
twitch,2026-09-27,The Sinking City 2,0.004,42,false
twitch,2026-09-27,IdleOn,0.004,22,false
twitch,2026-09-27,Mario Kart 64,0.004,25,false
twitch,2026-09-27,Life Is Strange 2,0.003,70,false
twitch,2026-09-27,Slay the Princess,0.003,20,false
twitch,2026-09-27,Honor of Kings,0.003,114,false
twitch,2026-09-27,Ultra Street Fighter IV,0.003,33,false
twitch,2026-09-27,Mu: Dark Epoch,0.003,41,false
twitch,2026-09-27,L.A. Noire,0.003,21,false
twitch,2026-09-27,FINAL FANTASY X-2,0.003,15,false
twitch,2026-09-27,Football,0.003,9,false
twitch,2026-09-27,Gears of War 3,0.003,104,false
twitch,2026-09-27,FC MOBILE,0.003,130,false
twitch,2026-09-27,Resident Evil 0,0.003,103,false
twitch,2026-09-27,Super Mario Galaxy 2,0.003,23,false
twitch,2026-09-27,The Evil Within,0.003,107,false
twitch,2026-09-27,Coral Island,0.003,69,false
twitch,2026-09-27,Dragon Ball FighterZ,0.003,91,false
twitch,2026-09-27,The Dark Pictures Anthology: Man of Medan,0.003,45,false
twitch,2026-09-27,Fallout 3,0.003,74,false
twitch,2026-09-27,CURE - A Hospital Simulator,0.003,37,false
twitch,2026-09-27,Backpack Battles,0.003,22,false
twitch,2026-09-27,DIGIMON STORY: TIME STRANGER,0.003,106,false
twitch,2026-09-27,Fears to Fathom - Scratch Creek,0.003,74,false
twitch,2026-09-27,Arena Breakout,0.003,76,false
twitch,2026-09-27,Grand Theft Auto: San Andreas - The Definitive Edition,0.003,122,false
twitch,2026-09-27,Relic Arena,0.003,13,false
twitch,2026-09-27,Crossout,0.003,72,false
twitch,2026-09-27,Metal Gear Solid,0.003,49,false
twitch,2026-09-27,EverQuest Legends,0.003,39,false
twitch,2026-09-27,Dead Island 2,0.003,189,false
twitch,2026-09-27,Sky: Children of the Light,0.003,107,false
twitch,2026-09-27,Diablo III,0.003,70,false
twitch,2026-09-27,Sonic Unleashed,0.003,32,false
twitch,2026-09-27,The Walking Dead: A New Frontier,0.003,26,false
twitch,2026-09-27,Pokémon Mystery Dungeon: Explorers of Sky,0.003,13,false
twitch,2026-09-27,Call of Duty 2,0.003,43,false
twitch,2026-09-27,Resident Evil Code: Veronica X HD,0.003,10,false
twitch,2026-09-27,The Elder Scrolls IV: Oblivion Remastered,0.003,114,false
twitch,2026-09-27,DOOM II: Hell on Earth,0.003,42,false
twitch,2026-09-27,Space Engineers,0.003,54,false
twitch,2026-09-27,Dungeon Settlers,0.003,15,false
twitch,2026-09-27,Golf It!,0.003,37,false
twitch,2026-09-27,Animal Crossing: City Folk,0.003,7,false
twitch,2026-09-27,With Your Destiny,0.003,22,false
twitch,2026-09-27,Jump Space,0.003,81,false
twitch,2026-09-27,Moonlighter 2: The Endless Vault,0.003,51,false
twitch,2026-09-27,CTR: Crash Team Racing,0.003,22,false
twitch,2026-09-27,ANIMAL WELL,0.003,11,false
twitch,2026-09-27,The Legend of Zelda: Ocarina of Time 3D,0.003,24,false
twitch,2026-09-27,Starsand Island,0.003,23,false
twitch,2026-09-27,Whatsamusic,0.003,17,false
twitch,2026-09-27,Grand Chase Classic,0.003,32,false
twitch,2026-09-27,Super Mario Galaxy,0.003,23,false
twitch,2026-09-27,The Lord of the Rings: Gollum,0.003,6,false
twitch,2026-09-27,Mega Man X,0.003,26,false
twitch,2026-09-27,Dragon Age: The Veilguard,0.003,42,false
twitch,2026-09-27,The Witcher: Enhanced Edition,0.003,29,false
twitch,2026-09-27,Waterpark Simulator,0.003,57,false
twitch,2026-09-27,Dragon Age™: Origins,0.003,40,false
twitch,2026-09-27,Night Crows,0.003,25,false
twitch,2026-09-27,Cronos: The New Dawn,0.003,51,false
twitch,2026-09-27,Star Wars Battlefront II,0.003,196,false
twitch,2026-09-27,Fire Emblem: Three Houses,0.003,56,false
twitch,2026-09-27,DRAGON BALL Z: KAKAROT,0.003,117,false
twitch,2026-09-27,Spyro: Year of the Dragon,0.003,22,false
twitch,2026-09-27,Dragon Quest III HD-2D Remake,0.003,24,false
twitch,2026-09-27,Metal Gear Solid: Peace Walker - Master Collection Version,0.003,83,false
twitch,2026-09-27,Star Wars: Galaxy of Heroes,0.002,34,false
twitch,2026-09-27,XCOM: Enemy Unknown,0.002,20,false
twitch,2026-09-27,DOOM: The Dark Ages,0.002,118,false
twitch,2026-09-27,Dragon Age: Inquisition,0.002,44,false
twitch,2026-09-27,Wobbly Life,0.002,244,false
twitch,2026-09-27,Tiny Eden,0.002,32,false
twitch,2026-09-27,Tomb Raider II,0.002,10,false
twitch,2026-09-27,Kingdom Hearts II Final Mix,0.002,22,false
twitch,2026-09-27,CarX Street,0.002,142,false
twitch,2026-09-27,The Legend of Zelda: The Minish Cap,0.002,31,false
twitch,2026-09-27,FINAL FANTASY XV,0.002,70,false
twitch,2026-09-27,Five Nights at Freddy's 2,0.002,43,false
twitch,2026-09-27,The Legend of Zelda: Twilight Princess HD,0.002,15,false
twitch,2026-09-27,Skull and Bones,0.002,55,false
twitch,2026-09-27,Gartic Show,0.002,43,false
twitch,2026-09-27,Arena of Valor,0.002,45,false
twitch,2026-09-27,Super Mario Bros. Wonder,0.002,19,false
twitch,2026-09-27,Watch Dogs 2,0.002,175,false
twitch,2026-09-27,FINAL FANTASY XIII,0.002,48,false
twitch,2026-09-27,Counter-Strike Online 2,0.002,86,false
twitch,2026-09-27,PowerWash Simulator,0.002,60,false
twitch,2026-09-27,Rain World,0.002,67,false
twitch,2026-09-27,Call of Duty: World at War,0.002,67,false
twitch,2026-09-27,Sonic Rumble Party,0.002,36,false
twitch,2026-09-27,Roblox Studio,0.002,56,false
twitch,2026-09-27,Pokémon Black/White,0.002,44,false
twitch,2026-09-27,F-Zero 99,0.002,14,false
twitch,2026-09-27,War Robots,0.002,32,false
twitch,2026-09-27,Call of Duty: Modern Warfare 2,0.002,63,false
twitch,2026-09-27,Artifact,0.002,17,false
twitch,2026-09-27,House Flipper,0.002,71,false
twitch,2026-09-27,The Legend of Zelda: Skyward Sword,0.002,22,false
twitch,2026-09-27,Kingdom Hearts II,0.002,48,false
twitch,2026-09-27,Ring Fit Adventure,0.002,20,false
twitch,2026-09-27,Microsoft Flight Simulator,0.002,108,false
twitch,2026-09-27,X4: Foundations,0.002,26,false
twitch,2026-09-27,Crash Bandicoot 4: It's About Time,0.002,77,false
twitch,2026-09-27,Soulmask,0.002,23,false
twitch,2026-09-27,Call of Duty 4: Modern Warfare,0.002,50,false
twitch,2026-09-27,Human: Fall Flat,0.002,59,false
twitch,2026-09-27,Spyro the Dragon,0.002,32,false
twitch,2026-09-27,Resident Evil: Revelations 2,0.002,45,false
twitch,2026-09-27,The Legend of Zelda: Oracle of Ages,0.002,11,false
twitch,2026-09-27,TBH: Task Bar Hero,0.002,11,false
twitch,2026-09-27,City of Heroes,0.002,10,false
twitch,2026-09-27,Dragon Quest X: Mezameshi Itsutsu no Shuzoku Online,0.002,31,false
twitch,2026-09-27,Street Fighter III: 3rd Strike,0.002,29,false
twitch,2026-09-27,Company of Heroes 2,0.002,19,false
twitch,2026-09-27,Beyond: Two Souls,0.002,55,false
twitch,2026-09-27,Pokemon Auto Chess,0.002,18,false
twitch,2026-09-27,Silent Hill,0.002,39,false
twitch,2026-09-27,Grand Theft Auto III: The Definitive Edition,0.002,38,false
twitch,2026-09-27,Yakuza: Like a Dragon,0.002,56,false
twitch,2026-09-27,Space Station 13,0.002,6,false
twitch,2026-09-27,Mortal Kombat X,0.002,56,false
twitch,2026-09-27,Cities: Skylines II,0.002,48,false
twitch,2026-09-27,Ragnarok Origin: Classic,0.002,12,false
twitch,2026-09-27,Like a Dragon: Infinite Wealth,0.002,64,false
twitch,2026-09-27,High on Life 2,0.002,50,false
twitch,2026-09-27,MLB The Show 18,0.002,295,false
twitch,2026-09-27,Sonic Frontiers,0.002,45,false
twitch,2026-09-27,Life is Strange: Reunion,0.002,29,false
twitch,2026-09-27,Grand Theft Auto: Vice City - The Definitive Edition,0.002,62,false
twitch,2026-09-27,South Park: The Fractured But Whole,0.002,97,false
twitch,2026-09-27,Kerbal Space Program,0.002,45,false
twitch,2026-09-27,Sea of Stars,0.002,39,false
twitch,2026-09-27,Slay the Spire,0.002,57,false
twitch,2026-09-27,Destiny,0.002,98,false
twitch,2026-09-27,Pokémon Black/White Version 2,0.002,49,false
twitch,2026-09-27,STAR WARS Jedi: Fallen Order™,0.002,105,false
twitch,2026-09-27,The Lord of the Rings: Return to Moria,0.002,48,false
twitch,2026-09-27,Call of Duty: WWII,0.002,230,false
twitch,2026-09-27,Diablo,0.002,20,false
twitch,2026-09-27,Farm Together 2,0.002,32,false
twitch,2026-09-27,Call of Duty: Modern Warfare,0.002,159,false
twitch,2026-09-27,HATSUNE MIKU: COLORFUL STAGE!,0.002,64,false
twitch,2026-09-27,Gears of War 2,0.002,75,false
twitch,2026-09-27,Pokémon Red Version,0.002,15,false
twitch,2026-09-27,Metal Gear Solid: Peace Walker,0.002,15,false
twitch,2026-09-27,Tainted Grail: The Fall of Avalon,0.002,32,false
twitch,2026-09-27,Stellaris,0.002,48,false
twitch,2026-09-27,Mortal Online 2,0.002,11,false
twitch,2026-09-27,The Legend of Zelda,0.002,48,false
twitch,2026-09-27,Road to Jukai,0.002,30,false
twitch,2026-09-27,The Legend of Zelda: Echoes of Wisdom,0.002,26,false
twitch,2026-09-27,Hello Kitty Island Adventure,0.002,56,false
twitch,2026-09-27,Star Wars Outlaws,0.002,124,false
twitch,2026-09-27,BLEACH Rebirth of Souls,0.002,54,false
twitch,2026-09-27,Company of Heroes 3,0.002,34,false
twitch,2026-09-27,Castlevania: Symphony of the Night,0.002,33,false
twitch,2026-09-27,The Elder Scrolls IV: Oblivion,0.002,26,false
twitch,2026-09-27,SoulCalibur VI,0.002,30,false
twitch,2026-09-27,Vindictus,0.002,18,false
twitch,2026-09-27,Worms W.M.D,0.002,33,false
twitch,2026-09-27,House 2,0.002,9,false
twitch,2026-09-27,LEGO Fortnite: Odyssey,0.002,28,false
twitch,2026-09-27,DIRECTIVE 8020,0.002,33,false
twitch,2026-09-27,Sally Face,0.002,43,false
twitch,2026-09-27,Dead Cells,0.002,73,false
twitch,2026-09-27,Keep Talking and Nobody Explodes,0.002,29,false
twitch,2026-09-27,S4 League,0.001,18,false
twitch,2026-09-27,METAL GEAR SOLID Δ: SNAKE EATER,0.001,80,false
twitch,2026-09-27,Dead Space 3,0.001,33,false
twitch,2026-09-27,hololive Dreams,0.001,41,false
twitch,2026-09-27,The Lord of the Rings: The Battle for Middle-earth II,0.001,22,false
twitch,2026-09-27,RollerCoaster Tycoon,0.001,7,false
twitch,2026-09-27,Banishers: Ghosts of New Eden,0.001,39,false
twitch,2026-09-27,Super Animal Royale,0.001,58,false
twitch,2026-09-27,Animal Crossing,0.001,12,false
twitch,2026-09-27,Servant of the Lake,0.001,9,false
twitch,2026-09-27,Life is Strange Remastered,0.001,36,false
twitch,2026-09-27,At Dead of Night,0.001,12,false
twitch,2026-09-27,The Dark Pictures Anthology: House of Ashes,0.001,36,false
twitch,2026-09-27,2XKO,0.001,51,false
twitch,2026-09-27,Architect: Land of Exiles,0.001,9,false
twitch,2026-09-27,Sonic Adventure DX: Director's Cut,0.001,19,false
twitch,2026-09-27,Don't Drop The Cake,0.001,21,false
twitch,2026-09-27,Touhou Koumakyou: New Classic - The Embodiment of Scarlet Devil,0.001,39,false
twitch,2026-09-27,My Voice Zoo,0.001,20,false
twitch,2026-09-27,Watcher of Realms,0.001,25,false
twitch,2026-09-27,Dead as Disco,0.001,39,false
twitch,2026-09-27,The Legend of Zelda: Link's Awakening,0.001,7,false
twitch,2026-09-27,Bus Simulator 27,0.001,43,false
twitch,2026-09-27,Echoes of Aincrad,0.001,61,false
twitch,2026-09-27,Sonic The Hedgehog,0.001,13,false
twitch,2026-09-27,Blade & Soul NEO,0.001,15,false
twitch,2026-09-27,X-Plane 12,0.001,20,false
twitch,2026-09-27,Metal Gear Solid 2: Sons of Liberty,0.001,27,false
twitch,2026-09-27,Heroes of Might and Magic V,0.001,16,false
twitch,2026-09-27,Witch It,0.001,8,false
twitch,2026-09-27,The Dark Pictures Anthology: The Devil in Me,0.001,32,false
twitch,2026-09-27,Tales of Fear: Episode Zero,0.001,8,false
twitch,2026-09-27,Marvel's Avengers,0.001,54,false
twitch,2026-09-27,The King of Fighters 2002,0.001,18,false
twitch,2026-09-27,Watch_Dogs,0.001,115,false
twitch,2026-09-27,Soul Chained,0.001,10,false
twitch,2026-09-27,Command & Conquer: Generals,0.001,17,false
twitch,2026-09-27,OneState,0.001,228,false
twitch,2026-09-27,Fright Train,0.001,21,false
twitch,2026-09-27,Devil May Cry 3: Dante's Awakening - Special Edition,0.001,32,false
twitch,2026-09-27,GRANBLUE FANTASY Relink,0.001,30,false
twitch,2026-09-27,Scapewatch,0.001,9,false
twitch,2026-09-27,Neverwinter,0.001,58,false
twitch,2026-09-27,RollerCoaster Tycoon 2,0.001,6,false
twitch,2026-09-27,Sonic Adventure,0.001,12,false
twitch,2026-09-27,MOBILE SUIT GUNDAM BATTLE OPERATION 2,0.001,53,false
twitch,2026-09-27,Yet Another Zombie Survivors,0.001,23,false
twitch,2026-09-27,Blair Witch,0.001,18,false
twitch,2026-09-27,Super Mario RPG: Legend of the Seven Stars,0.001,14,false
twitch,2026-09-27,Grand Theft Auto: Vice City Stories,0.001,15,false
twitch,2026-09-27,Sonic Heroes,0.001,12,false
twitch,2026-09-27,Superliminal,0.001,9,false
twitch,2026-09-27,Tomb Raider,0.001,47,false
twitch,2026-09-27,Crash Bash,0.001,11,false
twitch,2026-09-27,Guilty Gear XX Accent Core Plus R,0.001,14,false
twitch,2026-09-27,Dead Space 2,0.001,40,false
twitch,2026-09-27,Gotham Knights,0.001,60,false
twitch,2026-09-27,Omega Strikers,0.001,22,false
twitch,2026-09-27,Age of Empires,0.001,31,false
twitch,2026-09-27,IRON NEST: Heavy Turret Simulator,0.001,45,false
twitch,2026-09-27,Darkest Dungeon II,0.001,22,false
twitch,2026-09-27,The Wolf Among Us,0.001,42,false
twitch,2026-09-27,Karaoke Joysound for Streamer,0.001,20,false
twitch,2026-09-27,Pokémon Red/Blue,0.001,26,false
twitch,2026-09-27,The Witcher,0.001,37,false
twitch,2026-09-27,Scam Line,0.001,19,false
twitch,2026-09-27,MONSTER HUNTER STORIES 3: TWISTED REFLECTION,0.001,32,false
twitch,2026-09-27,The Prince of Tennis Doki Doki Survival ~eternal passion! Tie break ♡ game,0.001,5,false
twitch,2026-09-27,Donkey Kong Country 2: Diddy's Kong-Quest,0.001,16,false
twitch,2026-09-27,The Legend of Zelda: Ocarina of Time,0.001,39,false
twitch,2026-09-27,Kingdom Hearts Dream Drop Distance HD,0.001,26,false
twitch,2026-09-27,Contraband Police,0.001,32,false
twitch,2026-09-27,Train Simulator Classic,0.001,6,false
twitch,2026-09-27,Halo 3,0.001,33,false
twitch,2026-09-27,"Pokémon: Let's Go, Pikachu!/Eevee!",0.001,30,false
twitch,2026-09-27,LEGO Star Wars: The Skywalker Saga,0.001,50,false
twitch,2026-09-27,God of War II,0.001,27,false
twitch,2026-09-27,Kingdom Hearts Final Mix,0.001,29,false
twitch,2026-09-27,High on Life,0.001,80,false
twitch,2026-09-27,Sonic Adventure 2,0.001,18,false
twitch,2026-09-27,Killer Klowns from Outer Space: The Game,0.001,16,false
twitch,2026-09-27,Plants vs. Zombies: Garden Warfare 2,0.001,87,false
twitch,2026-09-27,Assassin's Creed IV Black Flag,0.001,62,false
twitch,2026-09-27,Life is Strange: Double Exposure,0.001,34,false
twitch,2026-09-27,World of Sea Battle,0.001,20,false
twitch,2026-09-27,STORY OF SEASONS: Grand Bazaar,0.001,20,false
twitch,2026-09-27,Marvel's Guardians of the Galaxy,0.001,79,false
twitch,2026-09-27,Crimson Moon,0.001,43,false
twitch,2026-09-27,Lineage 2M,0.001,11,false
twitch,2026-09-27,Metal Gear Solid 3: Snake Eater,0.001,15,false
twitch,2026-09-27,Watch Party,0.001,14,false
twitch,2026-09-27,Potion Craft,0.001,22,false
twitch,2026-09-27,The Walking Dead: Season Two,0.001,38,false
twitch,2026-09-27,Virtua Fighter 5 R.E.V.O.,0.001,23,false
twitch,2026-09-27,Yakuza 0: Director's Cut,0.001,27,false
twitch,2026-09-27,F-Zero GX,0.001,7,false
twitch,2026-09-27,Call of Duty: Infinite Warfare,0.001,118,false
twitch,2026-09-27,The Lord of the Rings: War in the North,0.001,20,false
twitch,2026-09-27,Kingdom Hearts Birth by Sleep,0.001,18,false
twitch,2026-09-27,Cheap Car Repair,0.001,9,false
twitch,2026-09-27,Horsey Game,0.001,7,false
twitch,2026-09-27,Corsair Cove,0.001,14,false
twitch,2026-09-27,Seafarer: The Ship Sim,0.001,32,false
twitch,2026-09-27,Coffee Talk: Tokyo,0.001,6,false
twitch,2026-09-27,Table Tennis,0.001,9,false
twitch,2026-09-27,Pokémon XD: Gale of Darkness,0.001,16,false
twitch,2026-09-27,Dragon Quest I & II HD-2D Remake,0.001,32,false
twitch,2026-09-27,Skill Legends Royale,0.001,16,false
twitch,2026-09-27,FINAL FANTASY,0.001,31,false
twitch,2026-09-27,Ragnarok: The New World,0.001,23,false
twitch,2026-09-27,Counter-Strike: Source,0.001,27,false
twitch,2026-09-27,Donkey Kong Country 3: Dixie Kong's Double Trouble!,0.001,7,false
twitch,2026-09-27,Bills Must Be Paid,0.001,31,false
twitch,2026-09-27,Yo-kai Watch,0.001,24,false
twitch,2026-09-27,Trail & Error,0.001,5,false
twitch,2026-09-27,Halo Wars 2,0.001,51,false
twitch,2026-09-27,Fast Food Simulator,0.001,26,false
twitch,2026-09-27,Love and Deepspace,0.001,20,false
twitch,2026-09-27,Modern Warships,0.001,17,false
twitch,2026-09-27,Far Cry New Dawn,0.001,31,false
twitch,2026-09-27,High Times,0.001,8,false
twitch,2026-09-27,Bleach: Brave Souls,0.001,21,false
twitch,2026-09-27,DRAGON QUEST MONSTERS: The Dark Prince,0.001,26,false
twitch,2026-09-27,Batman: Arkham City,0.001,38,false
twitch,2026-09-27,Ratchet & Clank: Going Commando,0.001,14,false
twitch,2026-09-27,RoboCop: Rogue City,0.001,37,false
twitch,2026-09-27,Watch Dogs: Legion,0.001,41,false
twitch,2026-09-27,The Elder Scrolls V: Skyrim - Anniversary Edition,0.001,49,false
twitch,2026-09-27,Marvel vs. Capcom 2: New Age of Heroes,0.001,12,false
twitch,2026-09-27,Fire Emblem: Path of Radiance,0.001,15,false
twitch,2026-09-27,Wolfenstein: The New Order,0.001,38,false
twitch,2026-09-27,Sun Haven,0.001,16,false
twitch,2026-09-27,The Witness,0.001,16,false
twitch,2026-09-27,Guilty Gear Xrd REV 2,0.001,11,false
twitch,2026-09-27,ENDER MAGNOLIA: Bloom in the Mist,0.001,8,false
twitch,2026-09-27,CRSED: F.O.A.D.,0.001,32,false
twitch,2026-09-27,Dravo's Twisted Show,0.001,13,false
twitch,2026-09-27,Cities: Skylines,0.001,37,false
twitch,2026-09-27,Police Simulator: Patrol Officers,0.001,78,false
twitch,2026-09-27,Tom Clancy's Splinter Cell: Chaos Theory,0.001,9,false
twitch,2026-09-27,Heroes & Generals,0.001,10,false
twitch,2026-09-27,Halo: Combat Evolved,0.001,32,false
twitch,2026-09-27,ZeroSpace,0.001,10,false
twitch,2026-09-27,POOL LOOP,0.001,5,false
twitch,2026-09-27,Samson,0.001,37,false
twitch,2026-09-27,Tormented Souls,0.001,13,false
twitch,2026-09-27,Cash Cleaner Simulator,0.001,19,false
twitch,2026-09-27,Granblue Fantasy: Relink - Endless Ragnarok,0.001,20,false
twitch,2026-09-27,Little Witch in the Woods,0.001,19,false
twitch,2026-09-27,The Dark Pictures Anthology: Little Hope,0.001,19,false
twitch,2026-09-27,Fallout: A Post Nuclear Role Playing Game,0.001,10,false
twitch,2026-09-27,Diablo Immortal,0.001,36,false
twitch,2026-09-27,Battle Teams,0.001,8,false
twitch,2026-09-27,Leafy Corner,0.001,14,false
twitch,2026-09-27,The Walking Dead: The Telltale Definitive Series - Protector Pack,0.001,32,false
twitch,2026-09-27,Legend of Mortal,0.001,6,false
twitch,2026-09-27,Titan Quest Anniversary Edition,0.001,12,false
twitch,2026-09-27,Kingdom Hearts 358/2 Days,0.001,12,false
twitch,2026-09-27,Jak and Daxter: The Precursor Legacy,0.001,22,false
twitch,2026-09-27,The Elder Scrolls II: Daggerfall,0.001,9,false
twitch,2026-09-27,Infestation: The New Z,0.001,12,false
twitch,2026-09-27,TORMENTED SOULS II,0.001,11,false
twitch,2026-09-27,X-Men Origins: Wolverine,0.001,23,false
twitch,2026-09-27,Counter-Strike Nexon,0.001,5,false
twitch,2026-09-27,Train Sim World 7,0.001,60,false
twitch,2026-09-27,Dragonheir: Silent Gods,0.001,12,false
twitch,2026-09-27,Cyber Hunter,0.001,11,false
twitch,2026-09-27,Town to City,0.001,7,false
twitch,2026-09-27,Yakuza,0.001,9,false
twitch,2026-09-27,The Sinking City Remastered,0.001,19,false
twitch,2026-09-27,Batman: The Telltale Series,0.001,21,false
twitch,2026-09-27,Call of Duty: Black Ops - Zombies,0.001,20,false
twitch,2026-09-27,New Super Mario Bros. Wii,0.001,32,false
twitch,2026-09-27,Portal,0.001,27,false
twitch,2026-09-27,Pro Evolution Soccer,0.001,10,false
twitch,2026-09-27,The Coffin of Andy and Leyley,0.001,14,false
twitch,2026-09-27,SpongeBob SquarePants: Battle for Bikini Bottom,0.001,16,false
twitch,2026-09-27,First Class Trouble,0.001,22,false
twitch,2026-09-27,Quake,0.001,20,false
twitch,2026-09-27,Holdfast: Nations At War,0.001,32,false
twitch,2026-09-27,Silent Hill 4: The Room,0.001,12,false
twitch,2026-09-27,DEAD OR ALIVE 6 Last Round,0.001,30,false
twitch,2026-09-27,FreeStyle Street Basketball,0.001,6,false
twitch,2026-09-27,The Lord of the Rings: The Battle for Middle-earth,0.001,6,false
twitch,2026-09-27,Space Engineers 2,0.001,11,false
twitch,2026-09-27,Dokapon Kingdom: Connect,0.001,8,false
twitch,2026-09-27,Life is Strange: Before the Storm,0.001,6,false
twitch,2026-09-27,Anime Music Quiz,0.001,11,false
twitch,2026-09-27,The Lord of the Rings: War in the North - Legacy Edition,0.001,18,false
twitch,2026-09-27,Devil May Cry 4: Special Edition,0.001,42,false
twitch,2026-09-27,Scarlet Hollow,0.001,6,false
twitch,2026-09-27,Pokémon Mystery Dungeon: Blue/Red Rescue Team,0.001,8,false
twitch,2026-09-27,Dead Island: Definitive Edition,0.001,28,false
twitch,2026-09-27,Wolfenstein II: The New Colossus,0.001,31,false
twitch,2026-09-27,Resident Evil 3: Nemesis,0.001,26,false
twitch,2026-09-27,Make it Meme,0.001,15,false
twitch,2026-09-27,Hatsune Miku: Project DIVA Mega Mix+,0.001,28,false
twitch,2026-09-27,Coin maker simulator,0.001,13,false
twitch,2026-09-27,Mount & Blade: Warband,0.001,9,false
twitch,2026-09-27,Japan Stigmatized Property 3,0.001,16,false
twitch,2026-09-27,Ghost Exile,0.001,11,false
twitch,2026-09-27,F1 Manager 2024,0.001,22,false
twitch,2026-09-27,Gears of War: E-Day,0.001,21,false
twitch,2026-09-27,New Super Mario Bros.,0.001,10,false
twitch,2026-09-27,Insurgency: Sandstorm,0.001,81,false
twitch,2026-09-27,The Legend of Zelda: Oracle of Seasons,0.001,9,false
twitch,2026-09-27,FINAL FANTASY IV,0.001,30,false
twitch,2026-09-27,Mortal Kombat: Legacy Kollection,0.001,18,false
twitch,2026-09-27,Mortal Shell,0.001,25,false
twitch,2026-09-27,Sonic X Shadow Generations,0.001,45,false
twitch,2026-09-27,Pizza House Simulator,0.001,16,false
twitch,2026-09-27,Prominence Poker,0.001,52,false
twitch,2026-09-27,Sonic the Hedgehog 3 & Knuckles,0.001,7,false
twitch,2026-09-27,Berserk Heroes Online,0.001,7,false
twitch,2026-09-27,Into the Dead: Our Darkest Days,0.001,12,false
twitch,2026-09-27,Ghost Watchers,0.001,23,false
twitch,2026-09-27,Streets of Rage 2,0.001,7,false
twitch,2026-09-27,Tomodachi Life,0.001,8,false
twitch,2026-09-27,Halo 5: Guardians,0.000,43,false
twitch,2026-09-27,Nickelodeon All-Star Brawl 2,0.000,9,false
twitch,2026-09-27,F.E.A.R.,0.000,11,false
twitch,2026-09-27,Grand Theft Auto,0.000,27,false
twitch,2026-09-27,Rhythm Heaven Groove,0.000,17,false
twitch,2026-09-27,Star Wars: Knights of the Old Republic II - The Sith Lords,0.000,7,false
twitch,2026-09-27,Religious Idle,0.000,13,false
twitch,2026-09-27,Spiritfarer,0.000,24,false
twitch,2026-09-27,Super Street Fighter II Turbo,0.000,6,false
twitch,2026-09-27,NBA 2K24,0.000,23,false
twitch,2026-09-27,Ultimate Chicken Horse,0.000,23,false
twitch,2026-09-27,Dragon Quest III: The Seeds of Salvation,0.000,10,false
twitch,2026-09-27,Dark Hours,0.000,44,false
twitch,2026-09-27,Star Stable,0.000,19,false
twitch,2026-09-27,Streets of Rage 4,0.000,32,false
twitch,2026-09-27,Animal Crossing: New Leaf,0.000,10,false
twitch,2026-09-27,Basketball,0.000,24,false
twitch,2026-09-27,Crypt of the NecroDancer,0.000,22,false
twitch,2026-09-27,Phantasy Star Online Blue Burst,0.000,10,false
twitch,2026-09-27,The Seven Deadly Sins: Grand Cross,0.000,19,false
twitch,2026-09-27,The Sinking City,0.000,12,false
twitch,2026-09-27,Dota Underlords,0.000,10,false
twitch,2026-09-27,Just Dance,0.000,10,false
twitch,2026-09-27,The Death Game Report,0.000,11,false
twitch,2026-09-27,RPG Maker,0.000,8,false
twitch,2026-09-27,Momentum Mod,0.000,13,false
twitch,2026-09-27,Atomfall,0.000,24,false
twitch,2026-09-27,Monster Hunter 4 Ultimate,0.000,10,false
twitch,2026-09-27,Lunar: Silver Star Story Complete,0.000,5,false
twitch,2026-09-27,Saint Seiya: Awakening,0.000,7,false
twitch,2026-09-27,Eiyuden Chronicle: Hundred Heroes,0.000,12,false
twitch,2026-09-27,WE ARE SO DEAD,0.000,15,false
twitch,2026-09-27,Ni no Kuni: Wrath of the White Witch Remastered,0.000,5,false
twitch,2026-09-27,Warcraft I: Remastered,0.000,7,false
twitch,2026-09-27,Star Trucker,0.000,10,false
twitch,2026-09-27,Agefield High: Rock the School,0.000,35,false
twitch,2026-09-27,WGT Golf,0.000,38,false
twitch,2026-09-27,Sonic Mania,0.000,22,false
twitch,2026-09-27,Star Wars: Knights of the Old Republic,0.000,12,false
twitch,2026-09-27,Metal: Hellsinger,0.000,9,false
twitch,2026-09-27,Super Auto Pets,0.000,10,false
twitch,2026-09-27,TV Total Events,0.000,5,false
twitch,2026-09-27,LEGO Star Wars: The Complete Saga,0.000,19,false
twitch,2026-09-27,Uncharted 2: Among Thieves,0.000,9,false
twitch,2026-09-27,Command & Conquer 3: Tiberium Wars,0.000,5,false
twitch,2026-09-27,Riichi City,0.000,16,false
twitch,2026-09-27,Monster Hunter Frontier G,0.000,14,false
twitch,2026-09-27,Halo: Reach,0.000,18,false
twitch,2026-09-27,Fallout 2,0.000,10,false
twitch,2026-09-27,Fushigi no Dungeon: Torneko no Daibouken,0.000,6,false
twitch,2026-09-27,Dungeon Clawler,0.000,9,false
twitch,2026-09-27,Ranch Simulator,0.000,18,false
twitch,2026-09-27,Winning Eleven: Pro Evolution Soccer 2007,0.000,14,false
twitch,2026-09-27,Fallout Shelter,0.000,28,false
twitch,2026-09-27,Football Manager 2024,0.000,12,false
twitch,2026-09-27,Sly Cooper: Thieves in Time,0.000,5,false
twitch,2026-09-27,Don’t Sleep with the Fishes,0.000,8,false
twitch,2026-09-27,Captain Tsubasa II: World Fighters,0.000,25,false
twitch,2026-09-27,Minecraft: Story Mode,0.000,20,false
twitch,2026-09-27,Onimusha 2: Samurai's Destiny,0.000,10,false
twitch,2026-09-27,Fran Bow,0.000,16,false
twitch,2026-09-27,Project Wingman,0.000,15,false
twitch,2026-09-27,Halo Wars,0.000,9,false
twitch,2026-09-27,Sonic Origins,0.000,20,false
twitch,2026-09-27,EA Sports College Football 25,0.000,106,false
twitch,2026-09-27,Dragon Warrior Monsters,0.000,5,false
twitch,2026-09-27,Kingdom Hearts,0.000,12,false
twitch,2026-09-27,Pokémon Mystery Dungeon: Rescue Team DX,0.000,7,false
twitch,2026-09-27,Tom Clancy's Rainbow Six,0.000,32,false
twitch,2026-09-27,SPLITGATE: Arena Reloaded,0.000,10,false
twitch,2026-09-27,Persona 4 Arena Ultimax,0.000,6,false
twitch,2026-09-27,Zombie Army 4: Dead War,0.000,27,false
twitch,2026-09-27,Monster Strike,0.000,15,false
twitch,2026-09-27,inKONBINI: One Store. Many Stories,0.000,9,false
twitch,2026-09-27,Iron Blight,0.000,5,false
twitch,2026-09-27,Ace Combat 5: The Unsung War,0.000,12,false
twitch,2026-09-27,s&box,0.000,7,false
twitch,2026-09-27,Persona 5 Strikers,0.000,15,false
twitch,2026-09-27,Forbidden Solitaire,0.000,5,false
twitch,2026-09-27,Luma Island,0.000,9,false
twitch,2026-09-27,Guns 'n Goblins,0.000,8,false
twitch,2026-09-27,Visions of Mana,0.000,10,false
twitch,2026-09-27,Lethal League Blaze,0.000,5,false
twitch,2026-09-27,Dark Pals,0.000,5,false
twitch,2026-09-27,Gears of War: Judgment,0.000,23,false
twitch,2026-09-27,Idle Champions of the Forgotten Realms,0.000,6,false
twitch,2026-09-27,Spiral Knights,0.000,7,false
twitch,2026-09-27,Sonic and the Secret Rings,0.000,11,false
twitch,2026-09-27,SWORD ART ONLINE Fractured Daydream,0.000,8,false
twitch,2026-09-27,Soul's Remnant,0.000,7,false
twitch,2026-09-27,As Dusk Falls,0.000,17,false
twitch,2026-09-27,Pokémon Yellow Version: Special Pikachu Edition,0.000,16,false
twitch,2026-09-27,MapleStory N,0.000,6,false
twitch,2026-09-27,JoJo’s Bizarre Adventure: All-Star Battle R,0.000,16,false
twitch,2026-09-27,Super Mario Bros.,0.000,22,false
twitch,2026-09-27,A.A.U. Black Site,0.000,11,false
twitch,2026-09-27,ENDER LILIES: Quietus of the Knights,0.000,13,false
twitch,2026-09-27,Cast n Chill,0.000,8,false
twitch,2026-09-27,Grand Theft Auto: Liberty City Stories,0.000,13,false
twitch,2026-09-27,Halo 2,0.000,10,false
twitch,2026-09-27,Farm Frenzy,0.000,6,false
twitch,2026-09-27,Dungeon Fighter Online,0.000,8,false
twitch,2026-09-27,Session: Skate Sim,0.000,27,false
twitch,2026-09-27,Digimon Story: Cyber Sleuth - Hacker's Memory,0.000,24,false
twitch,2026-09-27,Wii Sports,0.000,11,false
twitch,2026-09-27,Far Cry,0.000,14,false
twitch,2026-09-27,Star Wars Galaxies: An Empire Divided,0.000,5,false
twitch,2026-09-27,UNBEATABLE,0.000,16,false
twitch,2026-09-27,Monster Hunter Freedom Unite,0.000,12,false
twitch,2026-09-27,Doom,0.000,35,false
twitch,2026-09-27,Dragon Quest Builders 2,0.000,6,false
twitch,2026-09-27,Totally Accurate Battle Simulator,0.000,35,false
twitch,2026-09-27,LEGO The Lord of the Rings,0.000,9,false
twitch,2026-09-27,Music Maker,0.000,12,false
twitch,2026-09-27,Plan B: Terraform,0.000,6,false
twitch,2026-09-27,Shine Post: Be Your Idol!,0.000,7,false
twitch,2026-09-27,Kebab Chefs!: Restaurant Simulator,0.000,7,false
twitch,2026-09-27,SAROS,0.000,37,false
twitch,2026-09-27,Twisted Party,0.000,7,false
twitch,2026-09-27,Plants vs. Zombies: Replanted,0.000,14,false
twitch,2026-09-27,Can I Come In?,0.000,5,false
twitch,2026-09-27,"Papers, Please",0.000,9,false
twitch,2026-09-27,TopSpin 2K25,0.000,30,false
twitch,2026-09-27,Dead Space (2008),0.000,14,false
twitch,2026-09-27,Star Wars: Jedi Knight II - Jedi Outcast,0.000,5,false
twitch,2026-09-27,Dungeon Defenders II,0.000,8,false
twitch,2026-09-27,Half-Life: Alyx,0.000,17,false
twitch,2026-09-27,Just Cause 3,0.000,28,false
twitch,2026-09-27,Trials of Mana,0.000,6,false
twitch,2026-09-27,Halo 3: ODST,0.000,7,false
twitch,2026-09-27,Final Fantasy V,0.000,6,false
twitch,2026-09-27,Kuroko no Basket: Kiseki no Game,0.000,5,false
twitch,2026-09-27,My Candy Love,0.000,5,false
twitch,2026-09-27,VALORANT Mobile,0.000,18,false
twitch,2026-09-27,Pool Blitz,0.000,34,false
twitch,2026-09-27,MLB The Show 24,0.000,25,false
twitch,2026-09-27,Digimon Story: Cyber Sleuth,0.000,9,false
twitch,2026-09-27,Rhythia,0.000,12,false
twitch,2026-09-27,Two Point Hospital,0.000,9,false
twitch,2026-09-27,The Legend of Zelda: Majora's Mask 3D,0.000,14,false
twitch,2026-09-27,Tekken 7,0.000,25,false
twitch,2026-09-27,Tears of Metal,0.000,14,false
twitch,2026-09-27,Grand Theft Auto Advance,0.000,19,false
twitch,2026-09-27,The Witcher 2: Assassins of Kings - Enhanced Edition,0.000,7,false
twitch,2026-09-27,Retro Game Challenge,0.000,11,false
twitch,2026-09-27,Star Wars: Jedi Knight - Jedi Academy,0.000,7,false
twitch,2026-09-27,Strikers Club,0.000,21,false
twitch,2026-09-27,Gears Tactics,0.000,9,false
twitch,2026-09-27,Vampire Crawlers: The Turbo Wildcard from Vampire Survivors,0.000,12,false
twitch,2026-09-27,Apex,0.000,14,false
twitch,2026-09-27,Restore Your Island,0.000,5,false
twitch,2026-09-27,Metalstorm,0.000,18,false
twitch,2026-09-27,Silent Hill: Origins,0.000,5,false
twitch,2026-09-27,Yunyun Syndrome!?: Rhythm Psychosis,0.000,5,false
twitch,2026-09-27,Pokémon Puzzle League,0.000,9,false
twitch,2026-09-27,Buckshot Roulette,0.000,15,false
twitch,2026-09-27,Welcome to the Game III,0.000,9,false
twitch,2026-09-27,Oxide: Survival Island,0.000,38,false
twitch,2026-09-27,Monster Hunter Stories 2: Wings of Ruin,0.000,13,false
twitch,2026-09-27,Coffee Talk,0.000,11,false
twitch,2026-09-27,Secret of Mana,0.000,6,false
twitch,2026-09-27,Space Station 14,0.000,11,false
twitch,2026-09-27,Super Mario 3D World,0.000,11,false
twitch,2026-09-27,Dead Island,0.000,13,false
twitch,2026-09-27,Destiny: Rising,0.000,9,false
twitch,2026-09-27,Age of Empires Mobile,0.000,9,false
twitch,2026-09-27,Halo 4,0.000,11,false
twitch,2026-09-27,Dragon Quest XI: Echoes of an Elusive Age,0.000,8,false
twitch,2026-09-27,DRAGON QUEST MONSTERS: The Withered World,0.000,11,false
twitch,2026-09-27,Resident Evil Code: Veronica,0.000,5,false
twitch,2026-09-27,Stormworks: Build and Rescue,0.000,7,false
twitch,2026-09-27,Silent Hill: Homecoming,0.000,5,false
twitch,2026-09-27,MEGA MAN STAR FORCE: Legacy Collection,0.000,12,false
twitch,2026-09-27,Among the Sleep,0.000,6,false
twitch,2026-09-27,Romance Club,0.000,6,false
twitch,2026-09-27,Tekken 5: Dark Resurrection,0.000,5,false
twitch,2026-09-27,Titan Quest II,0.000,9,false
twitch,2026-09-27,Farm Simulator 2025,0.000,6,false
twitch,2026-09-27,Rust Mobile,0.000,13,false
twitch,2026-09-27,Fallout 4: Anniversary Edition,0.000,5,false
twitch,2026-09-27,Suicide Squad: Kill the Justice League,0.000,23,false
twitch,2026-09-27,Halo 2: Anniversary,0.000,5,false
twitch,2026-09-27,Final Fantasy: Mystic Quest,0.000,7,false
twitch,2026-09-27,Super Mega Baseball 4,0.000,25,false
twitch,2026-09-27,Mongil: Star Dive,0.000,15,false
twitch,2026-09-27,"Below, Rusted Gods",0.000,5,false
twitch,2026-09-27,Monster Hunter Stories,0.000,6,false
twitch,2026-09-27,Tactics Ogre: Reborn,0.000,5,false
twitch,2026-09-27,Need for Speed: ProStreet,0.000,6,false
twitch,2026-09-27,Tekken Tag Tournament 2,0.000,7,false
twitch,2026-09-27,Uncharted 2: Among Thieves Remastered,0.000,7,false
twitch,2026-09-27,The King of Fighters '98,0.000,5,false
twitch,2026-09-27,Tales of Graces f Remastered,0.000,11,false
twitch,2026-09-27,The Outer Worlds: Spacer's Choice Edition,0.000,11,false
twitch,2026-09-27,Blood Dungeon,0.000,13,false
twitch,2026-09-27,Star Wars: Empire at War,0.000,10,false
twitch,2026-09-27,Mega Man 7,0.000,7,false
twitch,2026-09-27,Plants vs. Zombies 2: It's About Time,0.000,11,false
twitch,2026-09-27,Call of the Elder Gods,0.000,8,false
twitch,2026-09-27,F.E.A.R. 2: Project Origin,0.000,8,false
twitch,2026-09-27,Human Fall Flat 2,0.000,24,false
twitch,2026-09-27,Plants vs. Zombies: Battle for Neighborville,0.000,15,false
twitch,2026-09-27,Train Sim World 6,0.000,21,false
twitch,2026-09-27,Lycans,0.000,7,false
twitch,2026-09-27,Powerful Pro Yakyuu 2026-2027,0.000,8,false
twitch,2026-09-27,Animal Company,0.000,30,false
twitch,2026-09-27,Silent Hill: The Short Message,0.000,27,false
twitch,2026-09-27,Realm Royale Reforged,0.000,9,false
twitch,2026-09-27,Talk To Me,0.000,9,false
twitch,2026-09-27,Mortal Kombat,0.000,8,false
twitch,2026-09-27,Hitman 2: Silent Assassin,0.000,14,false
twitch,2026-09-27,Just Cause 2,0.000,9,false
twitch,2026-09-27,Backrooms: Code Yellow,0.000,14,false
twitch,2026-09-27,Mortal Kombat XL,0.000,43,false
twitch,2026-09-27,Max Payne 2: The Fall of Max Payne,0.000,6,false
twitch,2026-09-27,DOOM 64,0.000,7,false
twitch,2026-09-27,Super Meat Boy 3D,0.000,6,false
twitch,2026-09-27,SimCity,0.000,6,false
twitch,2026-09-27,Medieval Juice Crafter,0.000,5,false
twitch,2026-09-27,Star Ocean: The Second Story R,0.000,6,false
twitch,2026-09-27,The Bus,0.000,16,false
twitch,2026-09-27,Candy Crush Saga,0.000,5,false
twitch,2026-09-27,Rugby League 26,0.000,21,false
twitch,2026-09-27,slot!,0.000,6,false
twitch,2026-09-27,Ratchet & Clank,0.000,26,false
twitch,2026-09-27,Mortal Kombat: Shaolin Monks,0.000,12,false
twitch,2026-09-27,Walk of Life,0.000,8,false
twitch,2026-09-27,Bus Bound,0.000,8,false
twitch,2026-09-27,AO Tennis 2,0.000,6,false
twitch,2026-09-27,MLB The Show 25,0.000,25,false
twitch,2026-09-27,The Hollowing,0.000,5,false
twitch,2026-09-27,CookieRun: Kingdom,0.000,13,false
twitch,2026-09-27,Silent Still II,0.000,6,false
twitch,2026-09-27,Retro Arcade Shop Simulator,0.000,11,false
twitch,2026-09-27,Bus Simulator,0.000,5,false
twitch,2026-09-27,Rocket League Sideswipe,0.000,16,false
twitch,2026-09-27,BMX Streets,0.000,19,false
twitch,2026-09-27,Streamer Life Simulator 2,0.000,6,false
twitch,2026-09-27,Will: Follow the Light,0.000,5,false
twitch,2026-09-27,FNaF World,0.000,13,false
twitch,2026-09-27,Euro Truck Simulator,0.000,7,false
twitch,2026-09-27,Metro 2033,0.000,7,false
twitch,2026-09-27,Just Cause 4,0.000,15,false
twitch,2026-09-27,Poker Night at the Inventory,0.000,8,false
twitch,2026-09-27,New Super Mario Bros. U Deluxe,0.000,9,false
twitch,2026-09-27,Really Illegal Golf,0.000,13,false
twitch,2026-09-27,Apex Legends Mobile,0.000,10,false
twitch,2026-09-27,New Super Mario Bros. U,0.000,6,false
twitch,2026-09-27,Persona 5 Tactica,0.000,5,false
twitch,2026-09-27,FINAL FANTASY VIII Remastered,0.000,7,false
twitch,2026-09-27,MINECRAFT: Legends,0.000,7,false
twitch,2026-09-27,Blade & Sorcery,0.000,11,false
twitch,2026-09-27,The No Jumpscare Show,0.000,5,false
twitch,2026-09-27,Transformers: Fall of Cybertron,0.000,5,false
twitch,2026-09-27,Among Us 3D: VR,0.000,15,false
twitch,2026-09-27,Zombie Graveyard Simulator,0.000,6,false
twitch,2026-09-27,Alaskan Road Truckers,0.000,11,false
twitch,2026-09-27,Lotsa Slots,0.000,5,false
twitch,2026-09-27,Plants vs. Zombies: Garden Warfare,0.000,16,false
twitch,2026-09-27,Command & Conquer,0.000,6,false
twitch,2026-09-27,The Four Kings Casino and Slots,0.000,9,false
twitch,2026-09-27,Plants vs. Zombies,0.000,14,false
twitch,2026-09-27,Don't Panic! It Is Just Turbulence,0.000,7,false
twitch,2026-09-27,EZ2ON REBOOT : R,0.000,6,false
twitch,2026-09-27,SD Gundam G Generation Eternal,0.000,8,false
twitch,2026-09-27,Shovel Knight,0.000,6,false
twitch,2026-09-27,Metal Gear Solid: The Twin Snakes,0.000,5,false
twitch,2026-09-27,Football Life 2025,0.000,6,false
twitch,2026-09-27,Pokémon Black Version 2,0.000,5,false
twitch,2026-09-27,Star Trek: Voyager - Across the Unknown,0.000,5,false
twitch,2026-09-27,The Sims,0.000,7,false
twitch,2026-09-27,Sword of the Sea,0.000,6,false
twitch,2026-09-27,Doom 3,0.000,9,false
twitch,2026-09-27,Happy's Humble Burger Farm,0.000,7,false
twitch,2026-09-27,Sly 2: Band of Thieves,0.000,5,false
twitch,2026-09-27,Jujutsu Kaisen: Cursed Clash,0.000,7,false
twitch,2026-09-27,Plants vs. Zombies: Fusion,0.000,6,false
twitch,2026-09-27,Pixel Gun 3D,0.000,7,false
twitch,2026-09-27,Yo-Kai Watch 2: Psychic Specters,0.000,5,false
twitch,2026-09-27,BioShock 2,0.000,7,false
twitch,2026-09-27,Metal Gear Solid V: Ground Zeroes,0.000,5,false
twitch,2026-09-27,8-Ball Pool,0.000,6,false
twitch,2026-09-27,Bus Simulator 21,0.000,5,false
twitch,2026-09-27,FIFA 14,0.000,9,false
twitch,2026-09-27,CS2D,0.000,7,false
twitch,2026-09-27,MLB The Show 23,0.000,5,false
twitch,2026-09-27,Truck & Logistics Simulator,0.000,7,false
twitch,2026-09-27,Tekken 6,0.000,5,false
twitch,2026-09-27,Block Strike,0.000,5,false
twitch,2026-09-27,Metal Slug Awakening,0.000,5,false
twitch,2026-09-27,The Walking Dead: Streets of Survival,0.000,7,false
twitch,2026-09-27,Injustice: Gods Among Us,0.000,8,false
twitch,2026-09-27,Alone in the Dark,0.000,6,false
twitch,2026-09-27,Need for Speed Most Wanted U,0.000,6,false
twitch,2026-09-27,Sly 3: Honor Among Thieves,0.000,6,false
twitch,2026-09-27,Nuclear Option,0.000,5,false
twitch,2026-09-27,Critical Ops,0.000,5,false
twitch,2026-09-27,Fitness Boxing 3: Your Personal Trainer,0.000,5,false
twitch,2026-09-27,Mixtape,0.000,5,false
twitch,2026-09-27,PGA TOUR 2K23,0.000,5,false
twitch,2026-09-27,Train Sim World 5,0.000,7,false
twitch,2026-09-27,F.E.A.R. 3,0.000,5,false
twitch,2026-09-27,Setting Sun,0.000,7,false
twitch,2026-09-27,Poker Club,0.000,5,false
twitch,2026-09-27,(other: 652 categories with fewer than 5 channels),0.076,,false
twitch,2026-09-28,Just Chatting,10.035,332,false
twitch,2026-09-28,Grand Theft Auto V,5.184,210,false
twitch,2026-09-28,EA Sports FC 27,4.269,223,false
twitch,2026-09-28,VALORANT,3.869,247,false
twitch,2026-09-28,World of Warcraft,3.852,180,false
twitch,2026-09-28,League of Legends,3.782,194,false
twitch,2026-09-28,IRL,3.082,208,false
twitch,2026-09-28,Rust,2.972,134,false
twitch,2026-09-28,Counter-Strike,2.577,308,false
twitch,2026-09-28,WARDOGS,2.171,195,false
twitch,2026-09-28,Dota 2,2.078,221,false
twitch,2026-09-28,Minecraft,1.801,308,false
twitch,2026-09-28,Overwatch,1.617,230,false
twitch,2026-09-28,Apex Legends,1.521,226,false
twitch,2026-09-28,Slots,1.376,256,true
twitch,2026-09-28,Fortnite,1.311,288,false
twitch,2026-09-28,Rainbow Six Siege,1.114,304,false
twitch,2026-09-28,Special Events,1.045,171,false
twitch,2026-09-28,Valheim,0.995,195,false
twitch,2026-09-28,Always On,0.974,79,false
twitch,2026-09-28,Teamfight Tactics,0.934,237,false
twitch,2026-09-28,CONTROL Resonant,0.882,208,false
twitch,2026-09-28,Grand Theft Auto: San Andreas,0.862,335,false
twitch,2026-09-28,Call of Duty: Warzone,0.785,203,false
twitch,2026-09-28,SILENT HILL: townfall,0.776,260,false
twitch,2026-09-28,Escape from Tarkov,0.767,238,false
twitch,2026-09-28,ASMR,0.697,212,false
twitch,2026-09-28,Hearthstone,0.694,231,false
twitch,2026-09-28,World of Tanks,0.671,239,false
twitch,2026-09-28,Marvel Rivals,0.665,219,false
twitch,2026-09-28,Dead by Daylight,0.657,259,false
twitch,2026-09-28,Games + Demos,0.612,370,false
twitch,2026-09-28,Big Walk,0.576,285,false
twitch,2026-09-28,I'm Only Sleeping,0.575,137,false
twitch,2026-09-28,PUBG: BATTLEGROUNDS,0.561,295,false
twitch,2026-09-28,Rocket League,0.556,342,false
twitch,2026-09-28,Delta Force,0.549,227,false
twitch,2026-09-28,Aniimo,0.527,213,false
twitch,2026-09-28,Deadlock,0.524,226,false
twitch,2026-09-28,Sports,0.467,286,false
twitch,2026-09-28,DJs,0.450,295,false
twitch,2026-09-28,NBA 2K27,0.437,184,false
twitch,2026-09-28,Street Fighter 6,0.437,314,false
twitch,2026-09-28,Talk Shows & Podcasts,0.427,278,false
twitch,2026-09-28,Honkai: Star Rail,0.422,284,false
twitch,2026-09-28,Arena Breakout: Infinite,0.415,190,false
twitch,2026-09-28,Z1: Battle Royale,0.407,256,false
twitch,2026-09-28,Black Desert,0.401,164,false
twitch,2026-09-28,Heroes of the Storm,0.398,228,false
twitch,2026-09-28,Graveyard Keeper II,0.392,262,false
twitch,2026-09-28,Poker,0.387,211,true
twitch,2026-09-28,Diablo IV,0.381,198,false
twitch,2026-09-28,Escape from Tarkov: Arena,0.379,229,false
twitch,2026-09-28,Old School RuneScape,0.370,211,false
twitch,2026-09-28,"Animals, Aquariums, and Zoos",0.369,47,false
twitch,2026-09-28,Fire Emblem: Fortune's Weave,0.365,233,false
twitch,2026-09-28,ELDEN RING,0.356,247,false
twitch,2026-09-28,Tibia,0.354,187,false
twitch,2026-09-28,Albion Online,0.352,179,false
twitch,2026-09-28,Retro,0.352,220,false
twitch,2026-09-28,Crypto,0.349,148,false
twitch,2026-09-28,ARC Raiders,0.346,210,false
twitch,2026-09-28,Art,0.332,285,false
twitch,2026-09-28,AION 2,0.331,187,false
twitch,2026-09-28,Total War: WARHAMMER III,0.327,249,false
twitch,2026-09-28,Music,0.321,295,false
twitch,2026-09-28,VRChat,0.311,316,false
twitch,2026-09-28,Super Mario Maker 2,0.307,109,false
twitch,2026-09-28,The Witcher 3: Wild Hunt Remastered,0.299,57,false
twitch,2026-09-28,Pokémon FireRed/LeafGreen,0.296,250,false
twitch,2026-09-28,Virtual Casino,0.286,118,true
twitch,2026-09-28,Romancing SaGa 3,0.267,6,false
twitch,2026-09-28,DayZ,0.256,234,false
twitch,2026-09-28,Heroes of Might and Magic III: The Restoration of Erathia,0.253,130,false
twitch,2026-09-28,Tom Clancy's The Division 2,0.233,210,false
twitch,2026-09-28,Genshin Impact,0.225,324,false
twitch,2026-09-28,ARK: Survival Ascended,0.218,214,false
twitch,2026-09-28,Watch Your Plastic Duck,0.214,15,false
twitch,2026-09-28,Software and Game Development,0.206,252,false
twitch,2026-09-28,Project Zomboid,0.204,235,false
twitch,2026-09-28,FINAL FANTASY XIV ONLINE,0.202,268,false
twitch,2026-09-28,Terraria,0.199,358,false
twitch,2026-09-28,Warframe,0.196,231,false
twitch,2026-09-28,Phasmophobia,0.193,377,false
twitch,2026-09-28,Path of Exile 2,0.186,183,false
twitch,2026-09-28,Mobile Legends: Bang Bang,0.186,277,false
twitch,2026-09-28,ROBLOX,0.182,467,false
twitch,2026-09-28,Hunt: Showdown 1896,0.180,245,false
twitch,2026-09-28,DRAGON QUEST VII Reimagined,0.175,29,false
twitch,2026-09-28,Age of Empires II,0.174,243,false
twitch,2026-09-28,Clash Royale,0.172,394,false
twitch,2026-09-28,"Pools, Hot Tubs, and Beaches",0.171,130,false
twitch,2026-09-28,Red Dead Redemption II,0.167,268,false
twitch,2026-09-28,Marbles on Stream,0.166,250,false
twitch,2026-09-28,Halloween: The Game,0.166,308,false
twitch,2026-09-28,Trackmania,0.166,196,false
twitch,2026-09-28,Slay the Spire II,0.160,353,false
twitch,2026-09-28,RuneScape: Dragonwilds,0.157,272,false
twitch,2026-09-28,The Blood of Dawnwalker,0.156,281,false
twitch,2026-09-28,Destiny 2,0.146,233,false
twitch,2026-09-28,Dark Souls: Remastered,0.146,311,false
twitch,2026-09-28,Magic: The Gathering,0.142,276,false
twitch,2026-09-28,Streamer Life Simulator 2,0.140,13,false
twitch,2026-09-28,Star Citizen,0.137,187,false
twitch,2026-09-28,Heavy Rain,0.136,68,false
twitch,2026-09-28,Call of Duty: Black Ops 7,0.133,291,false
twitch,2026-09-28,Chess,0.132,317,false
twitch,2026-09-28,Dune: Awakening,0.129,239,false
twitch,2026-09-28,PEAK,0.126,456,false
twitch,2026-09-28,The Isle,0.121,260,false
twitch,2026-09-28,The Binding of Isaac: Repentance,0.117,436,false
twitch,2026-09-28,Science & Technology,0.117,139,false
twitch,2026-09-28,Madden NFL 27,0.116,410,false
twitch,2026-09-28,Sea of Thieves,0.116,249,false
twitch,2026-09-28,Pokémon Champions,0.115,349,false
twitch,2026-09-28,Sort Them Ducks,0.113,76,false
twitch,2026-09-28,SMITE 2,0.112,262,false
twitch,2026-09-28,RuneScape,0.111,152,false
twitch,2026-09-28,The Elder Scrolls V: Skyrim - Special Edition,0.110,239,false
twitch,2026-09-28,Baldur's Gate 3,0.108,306,false
twitch,2026-09-28,theHunter: Call of the Wild,0.103,304,false
twitch,2026-09-28,How to Fish,0.100,403,false
twitch,2026-09-28,Co-working & Studying,0.098,243,false
twitch,2026-09-28,Dofus,0.097,198,false
twitch,2026-09-28,League of Legends: Wild Rift,0.096,267,false
twitch,2026-09-28,Geometry Dash,0.096,510,false
twitch,2026-09-28,Call of Duty: Black Ops II,0.096,463,false
twitch,2026-09-28,Yu-Gi-Oh! Master Duel,0.094,332,false
twitch,2026-09-28,MARVEL SNAP,0.092,95,false
twitch,2026-09-28,No Man's Sky,0.091,311,false
twitch,2026-09-28,Mimic Party,0.091,205,false
twitch,2026-09-28,DARK SOULS II: Scholar of the First Sin,0.090,273,false
twitch,2026-09-28,Clair Obscur: Expedition 33,0.089,310,false
twitch,2026-09-28,Knight Online,0.089,154,false
twitch,2026-09-28,Pokémon HeartGold/SoulSilver,0.087,134,false
twitch,2026-09-28,Warcraft III,0.087,250,false
twitch,2026-09-28,nanos world,0.084,76,false
twitch,2026-09-28,EVE Online,0.084,105,false
twitch,2026-09-28,Eternal Return,0.083,169,false
twitch,2026-09-28,DARK SOULS III,0.083,312,false
twitch,2026-09-28,MECCHA CHAMELEON,0.082,346,false
twitch,2026-09-28,Battlefield 6,0.081,323,false
twitch,2026-09-28,HELLDIVERS 2,0.080,313,false
twitch,2026-09-28,Pokémon Trading Card Game,0.080,214,false
twitch,2026-09-28,Fallout 76,0.079,317,false
twitch,2026-09-28,Once Human,0.078,292,false
twitch,2026-09-28,TEKKEN 8,0.078,358,false
twitch,2026-09-28,Kingdom Hearts HD 1.5 + 2.5 ReMIX,0.077,309,false
twitch,2026-09-28,Super Mario 64,0.077,238,false
twitch,2026-09-28,Grand Theft Auto IV,0.075,316,false
twitch,2026-09-28,Guild Wars 2,0.074,262,false
twitch,2026-09-28,Path of Exile,0.073,184,false
twitch,2026-09-28,Riftbound,0.073,73,false
twitch,2026-09-28,Diablo II: Resurrected,0.072,210,false
twitch,2026-09-28,Dungeons & Dragons,0.072,240,false
twitch,2026-09-28,Persona 5 Royal,0.071,258,false
twitch,2026-09-28,Rise Online,0.070,73,false
twitch,2026-09-28,MapleStory,0.067,180,false
twitch,2026-09-28,ELDEN RING NIGHTREIGN,0.066,288,false
twitch,2026-09-28,Food & Drink,0.065,176,false
twitch,2026-09-28,The Sims 4,0.065,341,false
twitch,2026-09-28,Miniatures & Models,0.064,254,false
twitch,2026-09-28,Farming Simulator 25,0.064,326,false
twitch,2026-09-28,Lost Ark,0.063,114,false
twitch,2026-09-28,The Legend of Zelda: Twilight Princess,0.063,189,false
twitch,2026-09-28,Microsoft Flight Simulator 2024,0.062,261,false
twitch,2026-09-28,Pokémon Community Game,0.061,117,false
twitch,2026-09-28,The Legend of Zelda: Majora's Mask,0.059,154,false
twitch,2026-09-28,F1 25,0.059,499,false
twitch,2026-09-28,Where Winds Meet,0.058,284,false
twitch,2026-09-28,GeoGuessr,0.058,315,false
twitch,2026-09-28,Shakes and Fidget,0.058,29,false
twitch,2026-09-28,Pokémon,0.058,232,false
twitch,2026-09-28,iRacing,0.058,343,false
twitch,2026-09-28,Brawl Stars,0.057,457,false
twitch,2026-09-28,STALZONE,0.057,264,false
twitch,2026-09-28,Mortal Shell II,0.057,297,false
twitch,2026-09-28,Fate/Grand Order,0.057,49,false
twitch,2026-09-28,I Know a Guy,0.056,74,false
twitch,2026-09-28,War Thunder,0.056,380,false
twitch,2026-09-28,Balatro,0.056,221,false
twitch,2026-09-28,EA Sports FC 26,0.055,400,false
twitch,2026-09-28,osu!,0.055,555,false
twitch,2026-09-28,RimWorld,0.055,196,false
twitch,2026-09-28,Golf With Your Friends,0.055,146,false
twitch,2026-09-28,ACE COMBAT 8: WINGS OF THEVE,0.055,80,false
twitch,2026-09-28,BOMBANANA!,0.055,332,false
twitch,2026-09-28,THE FINALS,0.054,333,false
twitch,2026-09-28,Pokémon GO,0.053,167,false
twitch,2026-09-28,RESIDENT EVIL 7 biohazard,0.051,345,false
twitch,2026-09-28,Kings League,0.051,13,false
twitch,2026-09-28,FTL: Faster Than Light,0.051,26,false
twitch,2026-09-28,Resident Evil Village,0.050,367,false
twitch,2026-09-28,The Last of Us Part II Remastered,0.049,377,false
twitch,2026-09-28,Pokémon Emerald Version,0.049,187,false
twitch,2026-09-28,Palworld,0.049,342,false
twitch,2026-09-28,LEGO Batman: Legacy of the Dark Knight,0.047,159,false
twitch,2026-09-28,Scam Line,0.047,15,false
twitch,2026-09-28,Zenless Zone Zero,0.047,480,false
twitch,2026-09-28,Animal Crossing: New Horizons,0.047,174,false
twitch,2026-09-28,Le Mans Ultimate,0.046,273,false
twitch,2026-09-28,Cyberpunk 2077,0.045,327,false
twitch,2026-09-28,Super Smash Bros. Ultimate,0.045,305,false
twitch,2026-09-28,Hollow Knight: Silksong,0.045,325,false
twitch,2026-09-28,WWE 2K26,0.045,417,false
twitch,2026-09-28,RESIDENT EVIL: requiem,0.045,372,false
twitch,2026-09-28,TCG Card Shop Simulator,0.045,315,false
twitch,2026-09-28,The Elder Scrolls Online,0.045,221,false
twitch,2026-09-28,Casino Simulator 2024,0.044,47,false
twitch,2026-09-28,Star Wars Zero Company,0.044,233,false
twitch,2026-09-28,Makers & Crafting,0.043,267,false
twitch,2026-09-28,Liar's Bar,0.043,35,false
twitch,2026-09-28,Stardew Valley,0.043,365,false
twitch,2026-09-28,The Witcher 3: Wild Hunt,0.043,319,false
twitch,2026-09-28,Palia,0.043,250,false
twitch,2026-09-28,Politics,0.042,118,false
twitch,2026-09-28,Normal Golf Game,0.041,38,false
twitch,2026-09-28,Mario Kart World,0.041,317,false
twitch,2026-09-28,MLB The Show 26,0.041,413,false
twitch,2026-09-28,Dark Souls II,0.041,48,false
twitch,2026-09-28,Halo Infinite,0.040,311,false
twitch,2026-09-28,Among Us,0.039,360,false
twitch,2026-09-28,R.E.P.O.,0.039,456,false
twitch,2026-09-28,Machine Party,0.038,109,false
twitch,2026-09-28,Fall Guys,0.037,428,false
twitch,2026-09-28,Pokémon UNITE,0.036,258,false
twitch,2026-09-28,Anime Squad,0.036,67,false
twitch,2026-09-28,Euro Truck Simulator 2,0.036,350,false
twitch,2026-09-28,Kingdom Come: Deliverance II,0.036,269,false
twitch,2026-09-28,Marathon,0.036,240,false
twitch,2026-09-28,NARAKA: BLADEPOINT,0.035,195,false
twitch,2026-09-28,eFootball,0.035,508,false
twitch,2026-09-28,Dark and Darker,0.035,171,false
twitch,2026-09-28,The Elder Scrolls V: Skyrim,0.034,371,false
twitch,2026-09-28,Shelves and Sorcery: Tidy Up the Enchanted Shop,0.034,21,false
twitch,2026-09-28,The Legend of Zelda: Breath of the Wild,0.034,213,false
twitch,2026-09-28,Football Manager 26,0.034,139,false
twitch,2026-09-28,Call of Duty,0.034,511,false
twitch,2026-09-28,Summoners War: Sky Arena,0.034,72,false
twitch,2026-09-28,Darkest Dungeon,0.033,98,false
twitch,2026-09-28,The Legend of Zelda: A Link to the Past,0.033,177,false
twitch,2026-09-28,Lies of P,0.033,292,false
twitch,2026-09-28,FINAL FANTASY XI ONLINE,0.033,91,false
twitch,2026-09-28,Super Mario Odyssey,0.033,106,false
twitch,2026-09-28,Shadowverse: Worlds Beyond,0.032,125,false
twitch,2026-09-28,REMATCH,0.032,421,false
twitch,2026-09-28,Metaphor: ReFantazio,0.032,122,false
twitch,2026-09-28,American Truck Simulator,0.032,323,false
twitch,2026-09-28,NTE: Neverness to Everness,0.031,448,false
twitch,2026-09-28,Hollow Knight,0.031,364,false
twitch,2026-09-28,New World: Aeternum,0.031,60,false
twitch,2026-09-28,The Walking Dead,0.030,127,false
twitch,2026-09-28,Age of Empires IV,0.029,141,false
twitch,2026-09-28,FINAL FANTASY X,0.029,115,false
twitch,2026-09-28,Call of Duty: Modern Warfare 2,0.029,50,false
twitch,2026-09-28,For Honor,0.028,369,false
twitch,2026-09-28,Control,0.028,268,false
twitch,2026-09-28,Mistfall Hunter,0.027,165,false
twitch,2026-09-28,God of War Ragnarök,0.027,369,false
twitch,2026-09-28,Pokémon Pokopia,0.027,194,false
twitch,2026-09-28,Blue Protocol: Star Resonance,0.027,58,false
twitch,2026-09-28,Heroes of Might & Magic: Olden Era,0.027,51,false
twitch,2026-09-28,Garry's Mod,0.026,163,false
twitch,2026-09-28,The Bazaar,0.026,53,false
twitch,2026-09-28,Halo: The Master Chief Collection,0.026,290,false
twitch,2026-09-28,the cabin game,0.026,74,false
twitch,2026-09-28,Black Russia,0.026,64,false
twitch,2026-09-28,Super Mario World,0.025,146,false
twitch,2026-09-28,GRAIN ROT,0.025,115,false
twitch,2026-09-28,Super Mario Party Jamboree,0.025,45,false
twitch,2026-09-28,"Warhammer 40,000: Space Marine II",0.024,365,false
twitch,2026-09-28,Super Mario RPG: Legend of the Seven Stars,0.024,11,false
twitch,2026-09-28,EA Sports College Football 27,0.024,788,false
twitch,2026-09-28,Gartic Phone,0.024,244,false
twitch,2026-09-28,Dark Souls,0.023,45,false
twitch,2026-09-28,Ready or Not,0.023,441,false
twitch,2026-09-28,FINAL FANTASY VII,0.023,99,false
twitch,2026-09-28,Jackbox Party Packs,0.023,171,false
twitch,2026-09-28,Shift at Midnight,0.023,315,false
twitch,2026-09-28,Mahjong Soul,0.022,167,false
twitch,2026-09-28,The Legend of Zelda: Tears of the Kingdom,0.022,166,false
twitch,2026-09-28,Super Smash Bros. Melee,0.022,131,false
twitch,2026-09-28,Pokémon Legends: Z-A,0.022,189,false
twitch,2026-09-28,Lego & Brickbuilding,0.022,114,false
twitch,2026-09-28,Walk of Life,0.021,8,false
twitch,2026-09-28,Need for Speed Most Wanted U,0.021,7,false
twitch,2026-09-28,They Are Billions,0.021,28,false
twitch,2026-09-28,Forza Horizon 6,0.021,418,false
twitch,2026-09-28,MARVEL TŌKON: Fighting Souls,0.020,183,false
twitch,2026-09-28,Tomodachi Life: Living the Dream,0.020,210,false
twitch,2026-09-28,SILENT HILL ƒ,0.020,226,false
twitch,2026-09-28,Diablo II,0.020,49,false
twitch,2026-09-28,Europa Universalis V,0.020,26,false
twitch,2026-09-28,Resonance: A Plague Tale Legacy,0.019,276,false
twitch,2026-09-28,Schedule I,0.019,276,false
twitch,2026-09-28,Subnautica,0.019,190,false
twitch,2026-09-28,DOOM Eternal,0.019,97,false
twitch,2026-09-28,Resident Evil 3,0.019,307,false
twitch,2026-09-28,Party Animals,0.018,210,false
twitch,2026-09-28,FINAL FANTASY XVI,0.018,226,false
twitch,2026-09-28,Jinro Metropolis,0.018,22,false
twitch,2026-09-28,Gran Turismo 7,0.018,421,false
twitch,2026-09-28,The Walking Dead: The Final Season,0.018,30,false
twitch,2026-09-28,Grand Theft Auto: Vice City,0.017,98,false
twitch,2026-09-28,Fallout 4,0.017,325,false
twitch,2026-09-28,The Outlast Trials,0.017,384,false
twitch,2026-09-28,Happy Wheels,0.017,106,false
twitch,2026-09-28,lily's world XD,0.017,41,false
twitch,2026-09-28,Grand Theft Auto: Vice City Stories,0.017,13,false
twitch,2026-09-28,Call of Duty: Black Ops,0.017,307,false
twitch,2026-09-28,Free Fire,0.017,443,false
twitch,2026-09-28,Deltarune,0.016,256,false
twitch,2026-09-28,Super Mario Bros. 3,0.016,23,false
twitch,2026-09-28,DRAGON BALL GEKISHIN SQUADRA,0.016,239,false
twitch,2026-09-28,Dragon Quest Heroes: Torneko's Mystery Dungeon Classic HD,0.016,72,false
twitch,2026-09-28,HλLF-LIFE,0.016,58,false
twitch,2026-09-28,Kukoro: Stream Chat Games,0.016,42,false
twitch,2026-09-28,007 First Light,0.016,256,false
twitch,2026-09-28,Escape the Backrooms,0.016,390,false
twitch,2026-09-28,Call of Duty: Modern Warfare III,0.016,528,false
twitch,2026-09-28,Disciples II: Rise of the Elves,0.016,12,false
twitch,2026-09-28,Heroes of Newerth Reborn,0.015,37,false
twitch,2026-09-28,Raid: Shadow Legends,0.015,72,false
twitch,2026-09-28,Vintage Story,0.015,107,false
twitch,2026-09-28,Left 4 Dead 2,0.015,364,false
twitch,2026-09-28,Mario Kart 8 Deluxe,0.015,202,false
twitch,2026-09-28,My Hero Ultra Rumble,0.015,340,false
twitch,2026-09-28,Microscape,0.015,16,false
twitch,2026-09-28,The Legend of Zelda: The Wind Waker,0.015,81,false
twitch,2026-09-28,HλLF-LIFE²,0.015,62,false
twitch,2026-09-28,Gwent: The Witcher Card Game,0.015,27,false
twitch,2026-09-28,FINAL FANTASY VII REMAKE,0.015,263,false
twitch,2026-09-28,Crimson Desert,0.014,280,false
twitch,2026-09-28,Assassin's Creed Black Flag Resynced,0.014,307,false
twitch,2026-09-28,The Last of Us Part I,0.014,381,false
twitch,2026-09-28,Pogostuck: Rage With Your Friends,0.014,58,false
twitch,2026-09-28,Lethal Company,0.014,257,false
twitch,2026-09-28,Shiren the Wanderer: The Mystery Dungeon of Serpentcoil Island,0.014,45,false
twitch,2026-09-28,Team Fortress 2,0.014,302,false
twitch,2026-09-28,Fitness & Health,0.014,184,false
twitch,2026-09-28,Sid Meier's Civilization V,0.014,32,false
twitch,2026-09-28,BanG Dream! Our Notes,0.013,32,false
twitch,2026-09-28,Board Games,0.013,59,false
twitch,2026-09-28,Casino Jackpot,0.013,7,false
twitch,2026-09-28,Rehaunted,0.013,49,false
twitch,2026-09-28,Minecraft Dungeons,0.013,268,false
twitch,2026-09-28,Writing & Reading,0.013,147,false
twitch,2026-09-28,Blue Prince,0.013,100,false
twitch,2026-09-28,Super Mario Sunshine,0.013,60,false
twitch,2026-09-28,God of War,0.013,307,false
twitch,2026-09-28,POOL LOOP,0.013,11,false
twitch,2026-09-28,Dragon Ball Z: Dokkan Battle,0.013,67,false
twitch,2026-09-28,Legend of YMIR,0.013,27,false
twitch,2026-09-28,FINAL FANTASY VII REBIRTH,0.013,275,false
twitch,2026-09-28,Avatar Legends: The Fighting Game,0.013,95,false
twitch,2026-09-28,Pokémon Scarlet/Violet,0.013,116,false
twitch,2026-09-28,F.E.A.R.,0.013,11,false
twitch,2026-09-28,Outlast II,0.013,111,false
twitch,2026-09-28,ARK: Survival Evolved,0.013,226,false
twitch,2026-09-28,The Message From Deep Space,0.012,5,false
twitch,2026-09-28,Anime Shop Simulator ✨,0.012,120,false
twitch,2026-09-28,Resident Evil 4,0.012,421,false
twitch,2026-09-28,Graveyard Keeper,0.012,166,false
twitch,2026-09-28,Super Metroid,0.012,89,false
twitch,2026-09-28,Resident Evil 2,0.012,326,false
twitch,2026-09-28,Animaly Bar: NO HUMANITY!,0.012,37,false
twitch,2026-09-28,Umamusume: Pretty Derby,0.012,151,false
twitch,2026-09-28,Grand Theft Auto III,0.012,52,false
twitch,2026-09-28,Gears 5,0.012,300,false
twitch,2026-09-28,The Death Game Report,0.012,12,false
twitch,2026-09-28,Risk of Rain 2,0.012,216,false
twitch,2026-09-28,Fallout 3,0.011,62,false
twitch,2026-09-28,Pokémon Infinite Fusion,0.011,45,false
twitch,2026-09-28,The Quarry,0.011,163,false
twitch,2026-09-28,Tournament Poker,0.011,11,false
twitch,2026-09-28,Out of the Park Baseball 27,0.011,10,false
twitch,2026-09-28,Super Meat Boy,0.011,6,false
twitch,2026-09-28,Tomb Raider I•II•III Remastered,0.011,84,false
twitch,2026-09-28,Call of Duty: Black Ops 6,0.011,263,false
twitch,2026-09-28,Metro: Last Light Redux,0.011,52,false
twitch,2026-09-28,Sid Meier's Civilization VI,0.011,77,false
twitch,2026-09-28,Call of Duty: Black Ops III,0.011,445,false
twitch,2026-09-28,Pokémon Sword/Shield,0.011,133,false
twitch,2026-09-28,FINAL FANTASY IX,0.011,61,false
twitch,2026-09-28,DRAGON QUEST XI S: Echoes of an Elusive Age,0.010,49,false
twitch,2026-09-28,Resident Evil 6,0.010,242,false
twitch,2026-09-28,Red Dead Redemption,0.010,154,false
twitch,2026-09-28,Silent Hill 2,0.010,299,false
twitch,2026-09-28,Mortal Kombat 11,0.010,194,false
twitch,2026-09-28,Fatal Fury: City of the Wolves,0.010,68,false
twitch,2026-09-28,NBA 2K26,0.010,424,false
twitch,2026-09-28,Chained Together,0.010,92,false
twitch,2026-09-28,MARVEL Strike Force,0.010,29,false
twitch,2026-09-28,Mina the Hollower,0.010,40,false
twitch,2026-09-28,Gothic 1 Remake,0.010,82,false
twitch,2026-09-28,Honor of Kings,0.010,104,false
twitch,2026-09-28,Metro Exodus,0.010,134,false
twitch,2026-09-28,GUILTY GEAR -STRIVE-,0.010,163,false
twitch,2026-09-28,Super Battle Golf,0.009,116,false
twitch,2026-09-28,DIRECTIVE 8020,0.009,34,false
twitch,2026-09-28,Cities: Skylines II,0.009,42,false
twitch,2026-09-28,Planet Crafter,0.009,142,false
twitch,2026-09-28,Call of Duty: Mobile,0.009,443,false
twitch,2026-09-28,Raft,0.009,182,false
twitch,2026-09-28,Mario Kart Wii,0.009,117,false
twitch,2026-09-28,Clash of Clans,0.009,138,false
twitch,2026-09-28,Endacopia,0.009,79,false
twitch,2026-09-28,Mortal Kombat 1,0.009,356,false
twitch,2026-09-28,Pokémon Black/White,0.009,46,false
twitch,2026-09-28,The Legend of Zelda: Tears of the Kingdom - Nintendo Switch 2 Edition,0.009,33,false
twitch,2026-09-28,Pokémon Platinum Version,0.009,103,false
twitch,2026-09-28,Star Trek Fleet Command,0.009,30,false
twitch,2026-09-28,Auto Chess,0.009,16,false
twitch,2026-09-28,Resident Evil 5,0.009,205,false
twitch,2026-09-28,Beat Saber,0.009,202,false
twitch,2026-09-28,Kingdom Come: Deliverance,0.009,142,false
twitch,2026-09-28,Metal Gear Solid 4: Guns of the Patriots,0.009,80,false
twitch,2026-09-28,Age of Mythology,0.008,52,false
twitch,2026-09-28,Call of Duty: WWII,0.008,178,false
twitch,2026-09-28,Pizza House Simulator,0.008,29,false
twitch,2026-09-28,Fast Food Simulator,0.008,17,false
twitch,2026-09-28,The Long Dark,0.008,122,false
twitch,2026-09-28,EarthBound,0.008,23,false
twitch,2026-09-28,Granblue Fantasy Versus: Rising,0.008,61,false
twitch,2026-09-28,Pokémon Gold Version,0.008,8,false
twitch,2026-09-28,Pokémon X/Y,0.008,32,false
twitch,2026-09-28,After-H: Battle Arena,0.008,39,false
twitch,2026-09-28,Mu: Dark Epoch,0.007,61,false
twitch,2026-09-28,Granblue Fantasy,0.007,35,false
twitch,2026-09-28,The Sims 3,0.007,23,false
twitch,2026-09-28,PlateUp!,0.007,89,false
twitch,2026-09-28,EverQuest Legends,0.007,26,false
twitch,2026-09-28,Magic Chess: Go Go,0.007,22,false
twitch,2026-09-28,Dying Light,0.007,249,false
twitch,2026-09-28,Dragon's Dogma II,0.007,172,false
twitch,2026-09-28,Pokémon Trading Card Game Pocket,0.007,78,false
twitch,2026-09-28,Rain World,0.007,65,false
twitch,2026-09-28,Microsoft Flight Simulator,0.007,85,false
twitch,2026-09-28,Days Gone,0.007,195,false
twitch,2026-09-28,Minecraft Dungeons II,0.007,7,false
twitch,2026-09-28,Star Wars: The Old Republic,0.007,131,false
twitch,2026-09-28,Kingdom Hearts III,0.007,144,false
twitch,2026-09-28,Just Dance 2026 Edition,0.007,30,false
twitch,2026-09-28,GTA: La Heist,0.007,487,false
twitch,2026-09-28,Path of Titans,0.007,240,false
twitch,2026-09-28,Metal Gear Solid V: The Phantom Pain,0.007,105,false
twitch,2026-09-28,Clone Hero,0.007,171,false
twitch,2026-09-28,Quiz Show,0.007,5,false
twitch,2026-09-28,Ratchet & Clank (2002),0.007,19,false
twitch,2026-09-28,Placid Plastic Duck Simulator,0.007,43,false
twitch,2026-09-28,Pokémon Crystal Version,0.007,44,false
twitch,2026-09-28,EA Sports College Football 26,0.007,316,false
twitch,2026-09-28,My Voice Zoo,0.006,11,false
twitch,2026-09-28,Assetto Corsa,0.006,234,false
twitch,2026-09-28,Star Fox Adventures,0.006,35,false
twitch,2026-09-28,Fallout: New Vegas,0.006,168,false
twitch,2026-09-28,Call of Duty: Modern Warfare 4,0.006,122,false
twitch,2026-09-28,CURE - A Hospital Simulator,0.006,52,false
twitch,2026-09-28,Resident Evil 0,0.006,110,false
twitch,2026-09-28,Guildrun,0.006,23,false
twitch,2026-09-28,Hero Siege,0.006,28,false
twitch,2026-09-28,Star Wars Jedi: Survivor,0.006,135,false
twitch,2026-09-28,The Legend of Zelda: Skyward Sword HD,0.006,45,false
twitch,2026-09-28,Pokémon Trading Card Game Live,0.006,89,false
twitch,2026-09-28,Call of Duty: Infinite Warfare,0.006,113,false
twitch,2026-09-28,Dying Light: The Beast,0.006,232,false
twitch,2026-09-28,Dead Cells,0.006,74,false
twitch,2026-09-28,Grounded,0.006,219,false
twitch,2026-09-28,South Park: The Fractured But Whole,0.006,85,false
twitch,2026-09-28,Grand Theft Auto: San Andreas - The Definitive Edition,0.005,112,false
twitch,2026-09-28,Pokémon Brilliant Diamond/Shining Pearl,0.005,61,false
twitch,2026-09-28,Shenmue,0.005,8,false
twitch,2026-09-28,World War Z: Aftermath,0.005,126,false
twitch,2026-09-28,Call of Duty: Black Ops IIII,0.005,204,false
twitch,2026-09-28,The Legend of Zelda,0.005,43,false
twitch,2026-09-28,Agefield High: Rock the School,0.005,36,false
twitch,2026-09-28,Dragon Ball Legends,0.005,40,false
twitch,2026-09-28,Arena of Valor,0.005,41,false
twitch,2026-09-28,Guild Wars: Reforged,0.005,37,false
twitch,2026-09-28,DRAGON BALL Z: KAKAROT,0.005,106,false
twitch,2026-09-28,Demon's Souls,0.005,68,false
twitch,2026-09-28,Street Fighter V,0.005,12,false
twitch,2026-09-28,Rush Royale,0.005,32,false
twitch,2026-09-28,PowerWash Simulator,0.005,63,false
twitch,2026-09-28,Batman: Arkham Knight,0.005,231,false
twitch,2026-09-28,Madden NFL 26,0.005,458,false
twitch,2026-09-28,Moonlighter 2: The Endless Vault,0.005,62,false
twitch,2026-09-28,Call of Duty: Modern Warfare II,0.005,131,false
twitch,2026-09-28,Fright Train,0.005,22,false
twitch,2026-09-28,Backpack Battles,0.005,20,false
twitch,2026-09-28,Sonic Racing: CrossWorlds,0.005,121,false
twitch,2026-09-28,Dying Light 2: Stay Human,0.005,260,false
twitch,2026-09-28,Kingdom Hearts II Final Mix,0.005,21,false
twitch,2026-09-28,EA Sports UFC 6,0.005,329,false
twitch,2026-09-28,Final Fantasy VI,0.005,50,false
twitch,2026-09-28,PGA TOUR 2K25,0.005,152,false
twitch,2026-09-28,Resident Evil 3: Nemesis,0.005,79,false
twitch,2026-09-28,Counter-Strike 1.6,0.005,95,false
twitch,2026-09-28,Age of Empires III,0.005,39,false
twitch,2026-09-28,Dungeons & Dragons Online,0.004,42,false
twitch,2026-09-28,Conan Exiles,0.004,111,false
twitch,2026-09-28,The Legend of Zelda: Ocarina of Time 3D,0.004,24,false
twitch,2026-09-28,The Lord of the Rings Online,0.004,61,false
twitch,2026-09-28,Halo: Campaign Evolved,0.004,294,false
twitch,2026-09-28,Metal Gear Solid: Peace Walker,0.004,24,false
twitch,2026-09-28,Resident Evil,0.004,89,false
twitch,2026-09-28,Battle Brothers,0.004,21,false
twitch,2026-09-28,Police Chief Simulator,0.004,33,false
twitch,2026-09-28,DRAGON BALL: Sparking! ZERO,0.004,345,false
twitch,2026-09-28,TERA,0.004,35,false
twitch,2026-09-28,RavenQuest,0.004,26,false
twitch,2026-09-28,Pokémon Legends: Arceus,0.004,59,false
twitch,2026-09-28,Danganronpa: Trigger Happy Havoc,0.004,71,false
twitch,2026-09-28,KovaaK's Aim Trainer,0.004,113,false
twitch,2026-09-28,Zelda II: The Adventure of Link,0.004,29,false
twitch,2026-09-28,The Sims 2,0.004,40,false
twitch,2026-09-28,The Elder Scrolls V: Skyrim - Anniversary Edition,0.004,51,false
twitch,2026-09-28,Call of Duty: Black Ops Cold War,0.004,312,false
twitch,2026-09-28,Forza Horizon 5,0.004,388,false
twitch,2026-09-28,FIFA Mobile,0.004,30,false
twitch,2026-09-28,Gears of War 4,0.004,130,false
twitch,2026-09-28,FINAL FANTASY X-2,0.004,19,false
twitch,2026-09-28,DIGIMON STORY: TIME STRANGER,0.004,93,false
twitch,2026-09-28,City of Heroes,0.004,8,false
twitch,2026-09-28,Dead Island 2,0.004,153,false
twitch,2026-09-28,Spirit City: Lofi Sessions,0.004,50,false
twitch,2026-09-28,Arena Breakout,0.004,71,false
twitch,2026-09-28,Night Crows,0.004,30,false
twitch,2026-09-28,Poppy Playtime,0.004,108,false
twitch,2026-09-28,Dispatch,0.004,79,false
twitch,2026-09-28,FINAL FANTASY VIII,0.004,41,false
twitch,2026-09-28,Assassin's Creed Valhalla,0.004,219,false
twitch,2026-09-28,Sea of Stars,0.004,33,false
twitch,2026-09-28,2XKO,0.004,49,false
twitch,2026-09-28,House Flipper 2,0.004,82,false
twitch,2026-09-28,Sonic Heroes,0.004,15,false
twitch,2026-09-28,Crossout,0.004,64,false
twitch,2026-09-28,The Evil Within,0.004,108,false
twitch,2026-09-28,SMITE,0.004,99,false
twitch,2026-09-28,Metal Gear Solid,0.004,44,false
twitch,2026-09-28,Life Is Strange,0.004,65,false
twitch,2026-09-28,The Choicer Voicer,0.004,66,false
twitch,2026-09-28,Marvel's Spider-Man Remastered,0.004,240,false
twitch,2026-09-28,Retro Rewind: Video Store Simulator,0.004,44,false
twitch,2026-09-28,Disco Elysium,0.004,39,false
twitch,2026-09-28,Metal Gear Solid 4: Guns of the Patriots - Master Collection Version,0.004,84,false
twitch,2026-09-28,Star Trek Online,0.004,47,false
twitch,2026-09-28,"Pokémon: Let's Go, Pikachu!/Eevee!",0.004,32,false
twitch,2026-09-28,Sonic Adventure 2: Battle,0.003,32,false
twitch,2026-09-28,Portal 2,0.003,104,false
twitch,2026-09-28,The Elder Scrolls III: Morrowind,0.003,34,false
twitch,2026-09-28,Gears of War: Reloaded,0.003,170,false
twitch,2026-09-28,IdleOn,0.003,23,false
twitch,2026-09-28,Stumble Guys,0.003,106,false
twitch,2026-09-28,Cities: Skylines,0.003,39,false
twitch,2026-09-28,Final Fantasy Resonance,0.003,40,false
twitch,2026-09-28,Contraband Police,0.003,28,false
twitch,2026-09-28,Ring Fit Adventure,0.003,31,false
twitch,2026-09-28,Heroes of Might and Magic V,0.003,6,false
twitch,2026-09-28,Phantasy Star Online 2 New Genesis,0.003,62,false
twitch,2026-09-28,Dragon Age™: Origins,0.003,37,false
twitch,2026-09-28,Pokémon Mystery Dungeon: Explorers of Sky,0.003,17,false
twitch,2026-09-28,GRWM,0.003,44,false
twitch,2026-09-28,Roblox Studio,0.003,49,false
twitch,2026-09-28,Pokémon Black/White Version 2,0.003,55,false
twitch,2026-09-28,Farm Together 2,0.003,30,false
twitch,2026-09-28,The Legend of Zelda: The Wind Waker HD,0.003,30,false
twitch,2026-09-28,Crash Bandicoot,0.003,54,false
twitch,2026-09-28,Stray,0.003,92,false
twitch,2026-09-28,Ultimate Chicken Horse,0.003,17,false
twitch,2026-09-28,Windrose,0.003,67,false
twitch,2026-09-28,TBH: Task Bar Hero,0.003,14,false
twitch,2026-09-28,Counter-Strike: Source,0.003,27,false
twitch,2026-09-28,Like a Dragon: Infinite Wealth,0.003,64,false
twitch,2026-09-28,FINAL FANTASY IV,0.003,34,false
twitch,2026-09-28,Dragon Ball FighterZ,0.003,76,false
twitch,2026-09-28,Portal,0.003,29,false
twitch,2026-09-28,FINAL FANTASY XV,0.003,62,false
twitch,2026-09-28,Subnautica 2,0.003,127,false
twitch,2026-09-28,Getting Over It with Bennett Foddy,0.003,38,false
twitch,2026-09-28,XCOM: Enemy Unknown,0.003,14,false
twitch,2026-09-28,Sky: Children of the Light,0.003,108,false
twitch,2026-09-28,Castlevania: Symphony of the Night,0.003,27,false
twitch,2026-09-28,Ragnarok Origin: Classic,0.003,22,false
twitch,2026-09-28,Super Mario Galaxy 2,0.003,21,false
twitch,2026-09-28,The Sinking City 2,0.003,47,false
twitch,2026-09-28,Anvil Empires,0.003,11,false
twitch,2026-09-28,Omega Strikers,0.003,25,false
twitch,2026-09-28,Love and Deepspace,0.003,21,false
twitch,2026-09-28,Librarian: Tidy Up the Arcane Library!,0.003,63,false
twitch,2026-09-28,TV Total Events,0.003,6,false
twitch,2026-09-28,Call of Duty 2,0.003,31,false
twitch,2026-09-28,Resident Evil Code: Veronica X HD,0.003,12,false
twitch,2026-09-28,God of War II,0.003,29,false
twitch,2026-09-28,Soulmask,0.003,23,false
twitch,2026-09-28,Star Wars Battlefront II,0.003,163,false
twitch,2026-09-28,DOOM: The Dark Ages,0.003,115,false
twitch,2026-09-28,Magical Girl Witch Trials,0.003,23,false
twitch,2026-09-28,FINAL FANTASY VIII Remastered,0.003,18,false
twitch,2026-09-28,Servant of the Lake,0.003,8,false
twitch,2026-09-28,Artifact,0.003,14,false
twitch,2026-09-28,FINAL FANTASY,0.003,29,false
twitch,2026-09-28,Duet Night Abyss,0.003,21,false
twitch,2026-09-28,Space Engineers,0.003,47,false
twitch,2026-09-28,House Flipper,0.003,55,false
twitch,2026-09-28,Stellaris,0.003,55,false
twitch,2026-09-28,Star Wars Outlaws,0.003,111,false
twitch,2026-09-28,Gears of War 3,0.002,86,false
twitch,2026-09-28,Danganronpa 2: Goodbye Despair,0.002,34,false
twitch,2026-09-28,DOOM II: Hell on Earth,0.002,30,false
twitch,2026-09-28,Pummel Party,0.002,62,false
twitch,2026-09-28,WE ARE FOOTBALL 2027,0.002,5,false
twitch,2026-09-28,Football League 2026,0.002,8,false
twitch,2026-09-28,Wolfenstein II: The New Colossus,0.002,20,false
twitch,2026-09-28,Super Mario Galaxy,0.002,17,false
twitch,2026-09-28,Ultra Street Fighter IV,0.002,32,false
twitch,2026-09-28,Kerbal Space Program,0.002,38,false
twitch,2026-09-28,The Legend of Zelda: Skyward Sword,0.002,24,false
twitch,2026-09-28,Cronos: The New Dawn,0.002,43,false
twitch,2026-09-28,Call of Duty: World at War,0.002,55,false
twitch,2026-09-28,FINAL FANTASY TACTICS - The Ivalice Chronicles,0.002,34,false
twitch,2026-09-28,Sonic Rumble Party,0.002,30,false
twitch,2026-09-28,Company of Heroes 3,0.002,31,false
twitch,2026-09-28,Coral Island,0.002,54,false
twitch,2026-09-28,Fears to Fathom - Scratch Creek,0.002,45,false
twitch,2026-09-28,The Elder Scrolls IV: Oblivion Remastered,0.002,106,false
twitch,2026-09-28,Call of Duty 4: Modern Warfare,0.002,35,false
twitch,2026-09-28,Skull and Bones,0.002,45,false
twitch,2026-09-28,Batman: Arkham City,0.002,34,false
twitch,2026-09-28,Five Nights at Freddy's 2,0.002,37,false
twitch,2026-09-28,X-Plane 12,0.002,20,false
twitch,2026-09-28,Fire Emblem: Three Houses,0.002,41,false
twitch,2026-09-28,Grand Theft Auto: Vice City - The Definitive Edition,0.002,65,false
twitch,2026-09-28,Rhythm Heaven Groove,0.002,22,false
twitch,2026-09-28,Grand Chase Classic,0.002,29,false
twitch,2026-09-28,Company of Heroes 2,0.002,16,false
twitch,2026-09-28,The Dark Pictures Anthology: The Devil in Me,0.002,37,false
twitch,2026-09-28,Crash Bandicoot 4: It's About Time,0.002,82,false
twitch,2026-09-28,Animal Crossing,0.002,13,false
twitch,2026-09-28,Beyond: Two Souls,0.002,51,false
twitch,2026-09-28,Slay the Spire,0.002,47,false
twitch,2026-09-28,Diablo,0.002,19,false
twitch,2026-09-28,Dead Space,0.002,95,false
twitch,2026-09-28,Mario Kart 64,0.002,20,false
twitch,2026-09-28,Backrooms: Code Yellow,0.002,27,false
twitch,2026-09-28,Counter-Strike Online 2,0.002,72,false
twitch,2026-09-28,STAR WARS Jedi: Fallen Order™,0.002,93,false
twitch,2026-09-28,DCS World,0.002,47,false
twitch,2026-09-28,Bus Simulator 27,0.002,39,false
twitch,2026-09-28,Watch_Dogs,0.002,117,false
twitch,2026-09-28,METAL GEAR SOLID Δ: SNAKE EATER,0.002,77,false
twitch,2026-09-28,Dungeon Settlers,0.002,7,false
twitch,2026-09-28,Darkest Dungeon II,0.002,26,false
twitch,2026-09-28,The Walking Dead: Streets of Survival,0.002,5,false
twitch,2026-09-28,Metal Gear Solid 2: Sons of Liberty,0.002,32,false
twitch,2026-09-28,Metal Gear Solid: Peace Walker - Master Collection Version,0.002,68,false
twitch,2026-09-28,Metal Gear Solid 3: Snake Eater,0.002,16,false
twitch,2026-09-28,CarX Street,0.002,100,false
twitch,2026-09-28,Into the Dead: Our Darkest Days,0.002,12,false
twitch,2026-09-28,Blade & Soul NEO,0.002,15,false
twitch,2026-09-28,FINAL FANTASY XIII,0.002,42,false
twitch,2026-09-28,Relic Arena,0.002,8,false
twitch,2026-09-28,Blair Witch,0.002,18,false
twitch,2026-09-28,Kingdom Hearts II,0.002,35,false
twitch,2026-09-28,Resident Evil: Revelations 2,0.002,33,false
twitch,2026-09-28,Farm Frenzy,0.002,7,false
twitch,2026-09-28,LEGO Fortnite: Odyssey,0.002,29,false
twitch,2026-09-28,Call of Duty: Vanguard,0.002,40,false
twitch,2026-09-28,The Lord of the Rings: Return to Moria,0.002,43,false
twitch,2026-09-28,Spyro the Dragon,0.002,26,false
twitch,2026-09-28,The Walking Dead: Season Two,0.002,53,false
twitch,2026-09-28,Hello Kitty Island Adventure,0.002,46,false
twitch,2026-09-28,Jak and Daxter: The Precursor Legacy,0.002,21,false
twitch,2026-09-28,Waterpark Simulator,0.002,41,false
twitch,2026-09-28,Spyro: Year of the Dragon,0.002,21,false
twitch,2026-09-28,Pokemon Auto Chess,0.002,18,false
twitch,2026-09-28,Scapewatch,0.002,12,false
twitch,2026-09-28,The Legend of Zelda: The Minish Cap,0.002,30,false
twitch,2026-09-28,Dead Space 3,0.002,30,false
twitch,2026-09-28,Silent Hill,0.002,35,false
twitch,2026-09-28,"KOTÁMON: My Sis Found A Super-Rare Card In Her Cereal Box, So I Became A Garbage Man To Find The Entire Collection And Earn $1,000,000",0.002,26,false
twitch,2026-09-28,Fran Bow,0.002,27,false
twitch,2026-09-28,Call of Duty: Modern Warfare,0.002,116,false
twitch,2026-09-28,Silent Hill 4: The Room,0.002,19,false
twitch,2026-09-28,Don't Drop The Cake,0.002,16,false
twitch,2026-09-28,The Witness,0.002,15,false
twitch,2026-09-28,Momentum Mod,0.002,19,false
twitch,2026-09-28,Coffee Talk: Episode 2 - Hibiscus & Butterfly,0.002,5,false
twitch,2026-09-28,X4: Foundations,0.002,21,false
twitch,2026-09-28,Mall Rivals,0.002,6,false
twitch,2026-09-28,Pokémon Yellow Version: Special Pikachu Edition,0.002,17,false
twitch,2026-09-28,New Super Mario Bros. Wii,0.002,28,false
twitch,2026-09-28,Twisted Party,0.002,5,false
twitch,2026-09-28,Dragon Age: Inquisition,0.002,41,false
twitch,2026-09-28,Kingdom Hearts,0.002,15,false
twitch,2026-09-28,Jump Space,0.002,50,false
twitch,2026-09-28,Football Manager 2024,0.002,17,false
twitch,2026-09-28,The Witcher: Enhanced Edition,0.002,29,false
twitch,2026-09-28,Whatsamusic,0.002,8,false
twitch,2026-09-28,The Dark Pictures Anthology: House of Ashes,0.002,28,false
twitch,2026-09-28,Can I Come In?,0.002,8,false
twitch,2026-09-28,Star Wars: Galaxy of Heroes,0.002,21,false
twitch,2026-09-28,Yakuza: Like a Dragon,0.001,48,false
twitch,2026-09-28,Diablo III,0.001,36,false
twitch,2026-09-28,Berserk Heroes Online,0.001,8,false
twitch,2026-09-28,The Lord of the Rings: The Battle for Middle-earth II,0.001,18,false
twitch,2026-09-28,The Legend of Zelda: Echoes of Wisdom,0.001,29,false
twitch,2026-09-28,FreeStyle Street Basketball,0.001,5,false
twitch,2026-09-28,Kingdom Hearts Final Mix,0.001,29,false
twitch,2026-09-28,Touhou Koumakyou: New Classic - The Embodiment of Scarlet Devil,0.001,33,false
twitch,2026-09-28,Superliminal,0.001,12,false
twitch,2026-09-28,With Your Destiny,0.001,20,false
twitch,2026-09-28,Asgard's Fall: Viking Survivors,0.001,5,false
twitch,2026-09-28,MOBILE SUIT GUNDAM BATTLE OPERATION 2,0.001,58,false
twitch,2026-09-28,Devil May Cry 3: Dante's Awakening - Special Edition,0.001,30,false
twitch,2026-09-28,Watch Dogs 2,0.001,116,false
twitch,2026-09-28,Bills Must Be Paid,0.001,29,false
twitch,2026-09-28,F-Zero 99,0.001,7,false
twitch,2026-09-28,THE KING OF FIGHTERS XV,0.001,41,false
twitch,2026-09-28,Slots Casino Game,0.001,5,false
twitch,2026-09-28,DRAGON QUEST MONSTERS: The Dark Prince,0.001,25,false
twitch,2026-09-28,GRANBLUE FANTASY Relink,0.001,27,false
twitch,2026-09-28,IRON NEST: Heavy Turret Simulator,0.001,38,false
twitch,2026-09-28,HATSUNE MIKU: COLORFUL STAGE!,0.001,49,false
twitch,2026-09-28,The Legend of Zelda: Oracle of Seasons,0.001,12,false
twitch,2026-09-28,MLB The Show 18,0.001,262,false
twitch,2026-09-28,Super Mario Bros.,0.001,22,false
twitch,2026-09-28,Japan Stigmatized Property 3,0.001,19,false
twitch,2026-09-28,Gears of War 2,0.001,65,false
twitch,2026-09-28,Spiritfarer,0.001,28,false
twitch,2026-09-28,Dragon Warrior IV,0.001,5,false
twitch,2026-09-28,Tomb Raider,0.001,52,false
twitch,2026-09-28,Call of the Sea,0.001,5,false
twitch,2026-09-28,Grand Theft Auto: Liberty City Stories,0.001,17,false
twitch,2026-09-28,Destiny,0.001,85,false
twitch,2026-09-28,Diablo Immortal,0.001,28,false
twitch,2026-09-28,Pokémon XD: Gale of Darkness,0.001,26,false
twitch,2026-09-28,Restore Your Island,0.001,6,false
twitch,2026-09-28,Dead Space 2,0.001,44,false
twitch,2026-09-28,Wobbly Life,0.001,147,false
twitch,2026-09-28,Neverwinter,0.001,37,false
twitch,2026-09-28,UNBEATABLE,0.001,19,false
twitch,2026-09-28,Marvel vs. Capcom 2: New Age of Heroes,0.001,14,false
twitch,2026-09-28,Mortal Online 2,0.001,12,false
twitch,2026-09-28,Metro 2033 Redux,0.001,69,false
twitch,2026-09-28,Sonic The Hedgehog,0.001,15,false
twitch,2026-09-28,Echoes of Aincrad,0.001,47,false
twitch,2026-09-28,CTR: Crash Team Racing,0.001,18,false
twitch,2026-09-28,Yakuza 0: Director's Cut,0.001,27,false
twitch,2026-09-28,BLEACH Rebirth of Souls,0.001,58,false
twitch,2026-09-28,Road to Jukai,0.001,23,false
twitch,2026-09-28,The Wolf Among Us,0.001,41,false
twitch,2026-09-28,High on Life,0.001,77,false
twitch,2026-09-28,Bleach: Brave Souls,0.001,21,false
twitch,2026-09-28,Super Animal Royale,0.001,46,false
twitch,2026-09-28,The Elder Scrolls II: Daggerfall,0.001,14,false
twitch,2026-09-28,Life Is Strange 2,0.001,55,false
twitch,2026-09-28,Vindictus,0.001,17,false
twitch,2026-09-28,Powerful Pro Yakyuu 2026-2027,0.001,11,false
twitch,2026-09-28,SpongeBob SquarePants: Battle for Bikini Bottom,0.001,20,false
twitch,2026-09-28,Gartic Show,0.001,23,false
twitch,2026-09-28,The Sims,0.001,12,false
twitch,2026-09-28,Halo 2,0.001,15,false
twitch,2026-09-28,Dragon Quest XI: Echoes of an Elusive Age,0.001,9,false
twitch,2026-09-28,At Dead of Night,0.001,10,false
twitch,2026-09-28,Quasimorph,0.001,19,false
twitch,2026-09-28,Crash Bandicoot 2: Cortex Strikes Back,0.001,27,false
twitch,2026-09-28,Sonic Adventure 2,0.001,20,false
twitch,2026-09-28,The Walking Dead: The Telltale Definitive Series - Protector Pack,0.001,33,false
twitch,2026-09-28,Pokémon Red/Blue,0.001,20,false
twitch,2026-09-28,FC MOBILE,0.001,102,false
twitch,2026-09-28,The Witcher 2: Assassins of Kings,0.001,30,false
twitch,2026-09-28,Saint Seiya: Awakening,0.001,12,false
twitch,2026-09-28,ENDER LILIES: Quietus of the Knights,0.001,19,false
twitch,2026-09-28,Dragon Quest Builders 2,0.001,5,false
twitch,2026-09-28,The King of Fighters 2002,0.001,16,false
twitch,2026-09-28,Dragon Quest X: Mezameshi Itsutsu no Shuzoku Online,0.001,24,false
twitch,2026-09-28,Heroes & Generals,0.001,13,false
twitch,2026-09-28,Grand Theft Auto III: The Definitive Edition,0.001,30,false
twitch,2026-09-28,DOOM³,0.001,10,false
twitch,2026-09-28,Little Witch in the Woods,0.001,17,false
twitch,2026-09-28,Hitman 2: Silent Assassin,0.001,10,false
twitch,2026-09-28,Jade Empire,0.001,5,false
twitch,2026-09-28,Ratchet & Clank: Going Commando,0.001,16,false
twitch,2026-09-28,Sonic X Shadow Generations,0.001,38,false
twitch,2026-09-28,Command & Conquer 3: Tiberium Wars,0.001,9,false
twitch,2026-09-28,Wolfenstein: The New Order,0.001,30,false
twitch,2026-09-28,Lineage 2M,0.001,11,false
twitch,2026-09-28,Gotham Knights,0.001,43,false
twitch,2026-09-28,Ni no Kuni: Wrath of the White Witch Remastered,0.001,13,false
twitch,2026-09-28,Sonic Adventure DX: Director's Cut,0.001,15,false
twitch,2026-09-28,Space Station 13,0.001,7,false
twitch,2026-09-28,S4 League,0.001,13,false
twitch,2026-09-28,Karaoke Joysound for Streamer,0.001,14,false
twitch,2026-09-28,Architect: Land of Exiles,0.001,6,false
twitch,2026-09-28,Modern Warships,0.001,20,false
twitch,2026-09-28,Super Mario World 2: Yoshi's Island,0.001,13,false
twitch,2026-09-28,Potion Craft,0.001,24,false
twitch,2026-09-28,Legend of Mortal,0.001,7,false
twitch,2026-09-28,MONSTER HUNTER STORIES 3: TWISTED REFLECTION,0.001,31,false
twitch,2026-09-28,Tainted Grail: The Fall of Avalon,0.001,27,false
twitch,2026-09-28,The Coffin of Andy and Leyley,0.001,16,false
twitch,2026-09-28,OneState,0.001,232,false
twitch,2026-09-28,Yet Another Zombie Survivors,0.001,25,false
twitch,2026-09-28,LEGO Star Wars: The Skywalker Saga,0.001,41,false
twitch,2026-09-28,Table Tennis,0.001,8,false
twitch,2026-09-28,Crash Bash,0.001,11,false
twitch,2026-09-28,Life is Strange: Double Exposure,0.001,42,false
twitch,2026-09-28,Train Sim World 7,0.001,54,false
twitch,2026-09-28,Mortal Kombat: Legacy Kollection,0.001,25,false
twitch,2026-09-28,Secret of Mana,0.001,9,false
twitch,2026-09-28,Cheap Car Repair,0.001,11,false
twitch,2026-09-28,Street Fighter III: 3rd Strike,0.001,11,false
twitch,2026-09-28,Titan Quest II,0.001,10,false
twitch,2026-09-28,Life is Strange Remastered,0.001,31,false
twitch,2026-09-28,Hatsune Miku: Project DIVA Mega Mix+,0.001,25,false
twitch,2026-09-28,Dead as Disco,0.001,42,false
twitch,2026-09-28,Dragon Age: The Veilguard,0.001,39,false
twitch,2026-09-28,World of Sea Battle,0.001,16,false
twitch,2026-09-28,Far Cry New Dawn,0.001,29,false
twitch,2026-09-28,LEGO Star Wars: The Complete Saga,0.001,11,false
twitch,2026-09-28,Tiny Eden,0.001,19,false
twitch,2026-09-28,Animal Crossing: New Leaf,0.001,10,false
twitch,2026-09-28,The Seven Deadly Sins: Grand Cross,0.001,19,false
twitch,2026-09-28,Phantasy Star Online Blue Burst,0.001,11,false
twitch,2026-09-28,Life is Strange: Before the Storm,0.001,20,false
twitch,2026-09-28,Dark Hours,0.001,40,false
twitch,2026-09-28,The Elder Scrolls IV: Oblivion,0.001,34,false
twitch,2026-09-28,High Times,0.001,7,false
twitch,2026-09-28,Sally Face,0.001,35,false
twitch,2026-09-28,Marvel's Guardians of the Galaxy,0.001,55,false
twitch,2026-09-28,Traffic Stop Anomaly,0.001,5,false
twitch,2026-09-28,The Lord of the Rings: War in the North - Legacy Edition,0.001,15,false
twitch,2026-09-28,hololive Dreams,0.001,34,false
twitch,2026-09-28,Corsair Cove,0.001,9,false
twitch,2026-09-28,Titan Quest Anniversary Edition,0.001,9,false
twitch,2026-09-28,Mega Man X,0.001,21,false
twitch,2026-09-28,The Legend of Zelda: Ocarina of Time,0.001,24,false
twitch,2026-09-28,Assassin's Creed IV Black Flag,0.001,65,false
twitch,2026-09-28,Virtua Fighter 5 R.E.V.O.,0.001,19,false
twitch,2026-09-28,Banishers: Ghosts of New Eden,0.001,33,false
twitch,2026-09-28,Age of Empires,0.001,20,false
twitch,2026-09-28,Blossom: The Seed of Life,0.001,6,false
twitch,2026-09-28,High on Life 2,0.001,42,false
twitch,2026-09-28,Golf It!,0.001,35,false
twitch,2026-09-28,The Walking Dead: A New Frontier,0.001,28,false
twitch,2026-09-28,Mortal Kombat X,0.001,46,false
twitch,2026-09-28,Cozy Farm: Tidy Up!,0.001,18,false
twitch,2026-09-28,Backpack Brawl,0.001,6,false
twitch,2026-09-28,Dota Underlords,0.001,13,false
twitch,2026-09-28,Seafarer: The Ship Sim,0.001,34,false
twitch,2026-09-28,Fire Emblem: Path of Radiance,0.001,18,false
twitch,2026-09-28,Quake,0.001,22,false
twitch,2026-09-28,Sonic the Hedgehog 3 & Knuckles,0.001,6,false
twitch,2026-09-28,Watch Dogs: Legion,0.001,34,false
twitch,2026-09-28,Sonic Mania,0.001,18,false
twitch,2026-09-28,ENDER MAGNOLIA: Bloom in the Mist,0.001,6,false
twitch,2026-09-28,Tomb Raider II,0.001,10,false
twitch,2026-09-28,Watcher of Realms,0.001,17,false
twitch,2026-09-28,Resident Evil Code: Veronica,0.001,8,false
twitch,2026-09-28,Fallout: A Post Nuclear Role Playing Game,0.001,7,false
twitch,2026-09-28,Pokémon Red Version,0.001,19,false
twitch,2026-09-28,Retro Arcade Shop Simulator,0.001,11,false
twitch,2026-09-28,Dead Space (2008),0.001,20,false
twitch,2026-09-28,Marvel's Avengers,0.001,46,false
twitch,2026-09-28,As Dusk Falls,0.001,16,false
twitch,2026-09-28,Sly Cooper: Thieves in Time,0.001,5,false
twitch,2026-09-28,RPG Maker,0.001,12,false
twitch,2026-09-28,Human: Fall Flat,0.001,37,false
twitch,2026-09-28,Animal Crossing: City Folk,0.001,5,false
twitch,2026-09-28,The Legend of Zelda: Twilight Princess HD,0.001,19,false
twitch,2026-09-28,Keep Talking and Nobody Explodes,0.001,20,false
twitch,2026-09-28,Fire Pro Wrestling World,0.001,10,false
twitch,2026-09-28,Dragon Quest I & II HD-2D Remake,0.001,24,false
twitch,2026-09-28,Don't Panic! It Is Just Turbulence,0.001,11,false
twitch,2026-09-28,Dragonheir: Silent Gods,0.001,15,false
twitch,2026-09-28,Star Wars: Knights of the Old Republic,0.001,20,false
twitch,2026-09-28,Police Simulator: Patrol Officers,0.001,84,false
twitch,2026-09-28,Ghost Watchers,0.001,18,false
twitch,2026-09-28,The Witcher,0.001,30,false
twitch,2026-09-28,Dragon Quest III HD-2D Remake,0.001,15,false
twitch,2026-09-28,Sun Haven,0.001,14,false
twitch,2026-09-28,Halo 3,0.001,26,false
twitch,2026-09-28,CRSED: F.O.A.D.,0.001,16,false
twitch,2026-09-28,Kingdom Hearts 358/2 Days,0.001,17,false
twitch,2026-09-28,Halo 5: Guardians,0.001,42,false
twitch,2026-09-28,MEGA MAN STAR FORCE: Legacy Collection,0.001,22,false
twitch,2026-09-28,Star Wars: Empire at War,0.001,10,false
twitch,2026-09-28,Streets of Rage 4,0.001,24,false
twitch,2026-09-28,Gears of War: Judgment,0.001,27,false
twitch,2026-09-28,The Dark Pictures Anthology: Little Hope,0.001,13,false
twitch,2026-09-28,The Dark Pictures Anthology: Man of Medan,0.001,34,false
twitch,2026-09-28,Slay the Princess,0.001,14,false
twitch,2026-09-28,Unrailed 2: Back on Track,0.001,8,false
twitch,2026-09-28,Digimon Story: Cyber Sleuth - Hacker's Memory,0.001,24,false
twitch,2026-09-28,Plants vs. Zombies: Garden Warfare 2,0.001,73,false
twitch,2026-09-28,Coin maker simulator,0.001,15,false
twitch,2026-09-28,Riichi City,0.001,16,false
twitch,2026-09-28,Monster Hunter 4 Ultimate,0.001,15,false
twitch,2026-09-28,[Stories to Tell]: The Stoneville Incident,0.001,6,false
twitch,2026-09-28,Digimon Story: Cyber Sleuth,0.001,18,false
twitch,2026-09-28,Gakuen iDOLM@STER,0.001,16,false
twitch,2026-09-28,TORMENTED SOULS II,0.001,9,false
twitch,2026-09-28,Dragon Quest III: The Seeds of Salvation,0.001,9,false
twitch,2026-09-28,The Sinking City,0.001,11,false
twitch,2026-09-28,DEAD OR ALIVE 6 Last Round,0.001,22,false
twitch,2026-09-28,Crimson Moon,0.001,35,false
twitch,2026-09-28,The Legend of Zelda: Oracle of Ages,0.001,8,false
twitch,2026-09-28,X-Men Origins: Wolverine,0.001,18,false
twitch,2026-09-28,Mongil: Star Dive,0.001,14,false
twitch,2026-09-28,Call of Duty: Black Ops - Zombies,0.001,12,false
twitch,2026-09-28,Devil May Cry 4: Special Edition,0.001,35,false
twitch,2026-09-28,Halo Wars 2,0.001,45,false
twitch,2026-09-28,War Robots,0.001,21,false
twitch,2026-09-28,BioShock 2,0.001,11,false
twitch,2026-09-28,Donkey Kong Country 2: Diddy's Kong-Quest,0.001,8,false
twitch,2026-09-28,Yakuza,0.001,5,false
twitch,2026-09-28,Skill Legends Royale,0.001,12,false
twitch,2026-09-28,TopSpin 2K25,0.001,22,false
twitch,2026-09-28,Kingdom Hearts Dream Drop Distance HD,0.001,21,false
twitch,2026-09-28,Yo-kai Watch,0.001,23,false
twitch,2026-09-28,Holdfast: Nations At War,0.001,34,false
twitch,2026-09-28,Uncharted 2: Among Thieves,0.001,14,false
twitch,2026-09-28,Granblue Fantasy: Relink - Endless Ragnarok,0.001,21,false
twitch,2026-09-28,Sonic Origins,0.001,18,false
twitch,2026-09-28,SHINOBI: Art of Vengeance,0.001,9,false
twitch,2026-09-28,Trials of Mana,0.001,6,false
twitch,2026-09-28,Dragon Quest VI: Maboroshi no Daichi,0.001,5,false
twitch,2026-09-28,Leafy Corner,0.001,9,false
twitch,2026-09-28,Killer Klowns from Outer Space: The Game,0.001,22,false
twitch,2026-09-28,Project Wingman,0.001,20,false
twitch,2026-09-28,Make it Meme,0.001,16,false
twitch,2026-09-28,Ragnarok: The New World,0.001,11,false
twitch,2026-09-28,Donkey Kong Country 3: Dixie Kong's Double Trouble!,0.001,8,false
twitch,2026-09-28,Final Sentence,0.001,6,false
twitch,2026-09-28,Command & Conquer: Generals,0.001,11,false
twitch,2026-09-28,Ghost Exile,0.001,11,false
twitch,2026-09-28,Onimusha 2: Samurai's Destiny,0.001,13,false
twitch,2026-09-28,Ranch Simulator,0.001,15,false
twitch,2026-09-28,SoulCalibur VI,0.001,23,false
twitch,2026-09-28,Metal Gear Rising: Revengeance,0.001,20,false
twitch,2026-09-28,Tom Clancy's Splinter Cell: Chaos Theory,0.001,11,false
twitch,2026-09-28,Vampire Crawlers: The Turbo Wildcard from Vampire Survivors,0.001,15,false
twitch,2026-09-28,Sonic Frontiers,0.001,29,false
twitch,2026-09-28,Need for Speed: ProStreet,0.001,9,false
twitch,2026-09-28,Cash Cleaner Simulator,0.001,15,false
twitch,2026-09-28,Kingdom Hearts Birth by Sleep,0.001,20,false
twitch,2026-09-28,F1 Manager 2024,0.001,20,false
twitch,2026-09-28,Samson,0.001,35,false
twitch,2026-09-28,RoboCop: Rogue City,0.001,23,false
twitch,2026-09-28,Romance Club,0.001,5,false
twitch,2026-09-28,Tom Clancy's Rainbow Six,0.001,34,false
twitch,2026-09-28,Nuclear Option,0.000,7,false
twitch,2026-09-28,Insurgency: Sandstorm,0.000,84,false
twitch,2026-09-28,Life is Strange: Reunion,0.000,23,false
twitch,2026-09-28,MapleStory N,0.000,9,false
twitch,2026-09-28,Gears of War: E-Day,0.000,12,false
twitch,2026-09-28,"Papers, Please",0.000,17,false
twitch,2026-09-28,Iron Blight,0.000,8,false
twitch,2026-09-28,Crash Bandicoot: Warped,0.000,15,false
twitch,2026-09-28,The Lord of the Rings: The Third Age,0.000,5,false
twitch,2026-09-28,WGT Golf,0.000,30,false
twitch,2026-09-28,Zombie Army 4: Dead War,0.000,42,false
twitch,2026-09-28,Tormented Souls,0.000,16,false
twitch,2026-09-28,STORY OF SEASONS: Grand Bazaar,0.000,11,false
twitch,2026-09-28,Spiral Knights,0.000,5,false
twitch,2026-09-28,Atomfall,0.000,22,false
twitch,2026-09-28,Prominence Poker,0.000,41,false
twitch,2026-09-28,Minecraft: Story Mode,0.000,18,false
twitch,2026-09-28,Shovel Knight,0.000,11,false
twitch,2026-09-28,Moonstone Island,0.000,6,false
twitch,2026-09-28,Shine Post: Be Your Idol!,0.000,6,false
twitch,2026-09-28,Grand Theft Auto,0.000,18,false
twitch,2026-09-28,The Lord of the Rings: War in the North,0.000,16,false
twitch,2026-09-28,Happy's Humble Burger Farm,0.000,9,false
twitch,2026-09-28,LEGO The Lord of the Rings,0.000,8,false
twitch,2026-09-28,Starsand Island,0.000,18,false
twitch,2026-09-28,Ratchet & Clank,0.000,16,false
twitch,2026-09-28,Mortal Shell,0.000,17,false
twitch,2026-09-28,Sonic Unleashed,0.000,13,false
twitch,2026-09-28,Pokémon Mystery Dungeon: Blue/Red Rescue Team,0.000,8,false
twitch,2026-09-28,Ace Combat 5: The Unsung War,0.000,12,false
twitch,2026-09-28,Just Dance,0.000,6,false
twitch,2026-09-28,Dead Island: Definitive Edition,0.000,26,false
twitch,2026-09-28,A.A.U. Black Site,0.000,7,false
twitch,2026-09-28,Halo Wars,0.000,15,false
twitch,2026-09-28,Dota,0.000,5,false
twitch,2026-09-28,Fallout 2,0.000,5,false
twitch,2026-09-28,Monster Hunter Stories 2: Wings of Ruin,0.000,14,false
twitch,2026-09-28,Critical Ops,0.000,6,false
twitch,2026-09-28,Dead Island,0.000,14,false
twitch,2026-09-28,Mandragora: Whispers of the Witch Tree,0.000,5,false
twitch,2026-09-28,Dungeon Clawler,0.000,6,false
twitch,2026-09-28,Medieval Juice Crafter,0.000,7,false
twitch,2026-09-28,Batman: The Telltale Series,0.000,14,false
twitch,2026-09-28,Soul Chained,0.000,9,false
twitch,2026-09-28,First Class Trouble,0.000,12,false
twitch,2026-09-28,Super Mario Bros. Wonder,0.000,10,false
twitch,2026-09-28,Wrestling Empire,0.000,6,false
twitch,2026-09-28,Monster Hunter 3 Ultimate,0.000,6,false
twitch,2026-09-28,WE ARE SO DEAD,0.000,7,false
twitch,2026-09-28,Watch Party,0.000,10,false
twitch,2026-09-28,Plan B: Terraform,0.000,7,false
twitch,2026-09-28,Space Engineers 2,0.000,11,false
twitch,2026-09-28,EA Sports College Football 25,0.000,87,false
twitch,2026-09-28,Session: Skate Sim,0.000,14,false
twitch,2026-09-28,Pool Blitz,0.000,38,false
twitch,2026-09-28,MLB The Show 24,0.000,27,false
twitch,2026-09-28,Realm Royale Reforged,0.000,8,false
twitch,2026-09-28,SPLITGATE: Arena Reloaded,0.000,14,false
twitch,2026-09-28,Dungeon Defenders II,0.000,9,false
twitch,2026-09-28,Sonic Adventure,0.000,12,false
twitch,2026-09-28,Streets of Rage 2,0.000,8,false
twitch,2026-09-28,Super Auto Pets,0.000,12,false
twitch,2026-09-28,SD Gundam G Generation Eternal,0.000,9,false
twitch,2026-09-28,Mega Man 7,0.000,6,false
twitch,2026-09-28,Anime Music Quiz,0.000,8,false
twitch,2026-09-28,Infestation: The New Z,0.000,11,false
twitch,2026-09-28,Monster Hunter Stories,0.000,13,false
twitch,2026-09-28,The Sinking City Remastered,0.000,14,false
twitch,2026-09-28,Dungeon Fighter Online,0.000,7,false
twitch,2026-09-28,Sonic and the Secret Rings,0.000,7,false
twitch,2026-09-28,Religious Idle,0.000,6,false
twitch,2026-09-28,Pokémon Black Version 2,0.000,7,false
twitch,2026-09-28,Captain Tsubasa II: World Fighters,0.000,16,false
twitch,2026-09-28,ANIMAL WELL,0.000,7,false
twitch,2026-09-28,Grand Theft Auto Advance,0.000,14,false
twitch,2026-09-28,Horsey Game,0.000,8,false
twitch,2026-09-28,SAROS,0.000,26,false
twitch,2026-09-28,Suicide Squad: Kill the Justice League,0.000,30,false
twitch,2026-09-28,Star Trucker,0.000,13,false
twitch,2026-09-28,Worms W.M.D,0.000,10,false
twitch,2026-09-28,Gears Tactics,0.000,6,false
twitch,2026-09-28,Star Stable,0.000,19,false
twitch,2026-09-28,Tactics Ogre: Reborn,0.000,9,false
twitch,2026-09-28,Animal Shelter 2,0.000,7,false
twitch,2026-09-28,Coffee Talk: Tokyo,0.000,6,false
twitch,2026-09-28,L.A. Noire,0.000,19,false
twitch,2026-09-28,The Lord of the Rings: The Battle for Middle-earth,0.000,7,false
twitch,2026-09-28,Half-Life: Alyx,0.000,10,false
twitch,2026-09-28,Totally Accurate Battle Simulator,0.000,25,false
twitch,2026-09-28,Town to City,0.000,10,false
twitch,2026-09-28,Human Fall Flat 2,0.000,21,false
twitch,2026-09-28,Monster Strike,0.000,11,false
twitch,2026-09-28,My Candy Love,0.000,8,false
twitch,2026-09-28,Just Cause 3,0.000,18,false
twitch,2026-09-28,Crypt of the NecroDancer,0.000,12,false
twitch,2026-09-28,Metalstorm,0.000,13,false
twitch,2026-09-28,Star Wars: Jedi Knight - Jedi Academy,0.000,8,false
twitch,2026-09-28,DRAGON QUEST MONSTERS: The Withered World,0.000,8,false
twitch,2026-09-28,Mario Tennis Fever,0.000,6,false
twitch,2026-09-28,Wii Sports,0.000,8,false
twitch,2026-09-28,Metro 2033,0.000,9,false
twitch,2026-09-28,Garden of Witches,0.000,7,false
twitch,2026-09-28,The Outer Worlds: Spacer's Choice Edition,0.000,10,false
twitch,2026-09-28,Coffee Talk,0.000,14,false
twitch,2026-09-28,Monster Hunter Frontier G,0.000,8,false
twitch,2026-09-28,Tekken 7,0.000,11,false
twitch,2026-09-28,Soul's Remnant,0.000,7,false
twitch,2026-09-28,Sonic the Hedgehog 2,0.000,7,false
twitch,2026-09-28,Retro Game Challenge,0.000,7,false
twitch,2026-09-28,F.E.A.R. 3,0.000,6,false
twitch,2026-09-28,Halo: Reach,0.000,11,false
twitch,2026-09-28,Super Mega Baseball 4,0.000,24,false
twitch,2026-09-28,Guilty Gear Xrd REV 2,0.000,10,false
twitch,2026-09-28,Plants vs. Zombies: Replanted,0.000,10,false
twitch,2026-09-28,Talk To Me,0.000,12,false
twitch,2026-09-28,EZ2ON REBOOT : R,0.000,8,false
twitch,2026-09-28,Dravo's Twisted Show,0.000,7,false
twitch,2026-09-28,Tales of Graces f Remastered,0.000,9,false
twitch,2026-09-28,Silent Hill: Origins,0.000,7,false
twitch,2026-09-28,Silent Hill: The Short Message,0.000,24,false
twitch,2026-09-28,Rust Mobile,0.000,12,false
twitch,2026-09-28,Persona 5 Strikers,0.000,5,false
twitch,2026-09-28,Halo: Combat Evolved,0.000,17,false
twitch,2026-09-28,Bus Simulator 21,0.000,6,false
twitch,2026-09-28,Plants vs. Zombies 2: It's About Time,0.000,8,false
twitch,2026-09-28,Metal Gear Solid V: Ground Zeroes,0.000,10,false
twitch,2026-09-28,Mount & Blade: Warband,0.000,7,false
twitch,2026-09-28,Fallout Shelter,0.000,26,false
twitch,2026-09-28,Apex,0.000,10,false
twitch,2026-09-28,CookieRun: Kingdom,0.000,12,false
twitch,2026-09-28,Monster Hunter Freedom Unite,0.000,9,false
twitch,2026-09-28,Fallout 4: Anniversary Edition,0.000,6,false
twitch,2026-09-28,Nickelodeon All-Star Brawl 2,0.000,7,false
twitch,2026-09-28,Max Payne 2: The Fall of Max Payne,0.000,8,false
twitch,2026-09-28,VALORANT Mobile,0.000,16,false
twitch,2026-09-28,Zombie Army Trilogy,0.000,11,false
twitch,2026-09-28,Mortal Kombat,0.000,15,false
twitch,2026-09-28,Destiny: Rising,0.000,6,false
twitch,2026-09-28,Sly 2: Band of Thieves,0.000,8,false
twitch,2026-09-28,Hollow Knight Silksong,0.000,5,false
twitch,2026-09-28,Rival Stars Horse Racing,0.000,5,false
twitch,2026-09-28,Mortal Kombat XL,0.000,32,false
twitch,2026-09-28,False Hero,0.000,9,false
twitch,2026-09-28,Rugby League 26,0.000,21,false
twitch,2026-09-28,ZeroSpace,0.000,5,false
twitch,2026-09-28,Fushigi no Dungeon: Torneko no Daibouken,0.000,6,false
twitch,2026-09-28,Train Sim World 6,0.000,15,false
twitch,2026-09-28,Just Cause 2,0.000,5,false
twitch,2026-09-28,Mega Man X Regenesis,0.000,7,false
twitch,2026-09-28,Star Ocean: The Second Story R,0.000,8,false
twitch,2026-09-28,The Legend of Zelda: Majora's Mask 3D,0.000,6,false
twitch,2026-09-28,Oxide: Survival Island,0.000,29,false
twitch,2026-09-28,The Bus,0.000,15,false
twitch,2026-09-28,Two Point Hospital,0.000,8,false
twitch,2026-09-28,Welcome to the Game III,0.000,5,false
twitch,2026-09-28,Transformers: Fall of Cybertron,0.000,6,false
twitch,2026-09-28,Winning Eleven: Pro Evolution Soccer 2007,0.000,10,false
twitch,2026-09-28,Kingdoms of Amalur: Reckoning,0.000,5,false
twitch,2026-09-28,American Truck,0.000,5,false
twitch,2026-09-28,Plants vs. Zombies,0.000,14,false
twitch,2026-09-28,Doom,0.000,18,false
twitch,2026-09-28,Strikers Club,0.000,8,false
twitch,2026-09-28,RollerCoaster Tycoon,0.000,6,false
twitch,2026-09-28,Lotsa Slots,0.000,6,false
twitch,2026-09-28,Visions of Mana,0.000,6,false
twitch,2026-09-28,FNaF World,0.000,6,false
twitch,2026-09-28,The Battle Cats,0.000,8,false
twitch,2026-09-28,Plants vs. Zombies: Garden Warfare,0.000,9,false
twitch,2026-09-28,Space Station 14,0.000,6,false
twitch,2026-09-28,Final Fantasy V,0.000,7,false
twitch,2026-09-28,Silent Still II,0.000,5,false
twitch,2026-09-28,Blade & Sorcery,0.000,11,false
twitch,2026-09-28,Rocket League Sideswipe,0.000,20,false
twitch,2026-09-28,Bus Bound,0.000,9,false
twitch,2026-09-28,Music Maker,0.000,9,false
twitch,2026-09-28,Kuroko's Basketball Street Rivals,0.000,5,false
twitch,2026-09-28,Street Fighter Alpha 3,0.000,5,false
twitch,2026-09-28,Rhythia,0.000,9,false
twitch,2026-09-28,Euro Truck Simulator,0.000,5,false
twitch,2026-09-28,New Super Mario Bros. U Deluxe,0.000,6,false
twitch,2026-09-28,Sword Art Online: Fatal Bullet,0.000,7,false
twitch,2026-09-28,Just Shapes & Beats,0.000,7,false
twitch,2026-09-28,Art Alive,0.000,8,false
twitch,2026-09-28,Pixel Gun 3D,0.000,11,false
twitch,2026-09-28,Uncanny Tales: The Watcher,0.000,5,false
twitch,2026-09-28,Don’t Sleep with the Fishes,0.000,5,false
twitch,2026-09-28,Pro Evolution Soccer,0.000,7,false
twitch,2026-09-28,Apex Legends Mobile,0.000,6,false
twitch,2026-09-28,Alone in the Dark,0.000,8,false
twitch,2026-09-28,Dofus Retro,0.000,5,false
twitch,2026-09-28,Halo 2: Anniversary,0.000,5,false
twitch,2026-09-28,MLB The Show 25,0.000,22,false
twitch,2026-09-28,Tears of Metal,0.000,6,false
twitch,2026-09-28,PGA TOUR 2K23,0.000,9,false
twitch,2026-09-28,BMX Streets,0.000,9,false
twitch,2026-09-28,Buckshot Roulette,0.000,7,false
twitch,2026-09-28,Far Cry,0.000,11,false
twitch,2026-09-28,Captain Tsubasa: Rise of New Champions,0.000,6,false
twitch,2026-09-28,SWORD ART ONLINE Fractured Daydream,0.000,7,false
twitch,2026-09-28,Animal Company,0.000,14,false
twitch,2026-09-28,Dragon's Dogma,0.000,6,false
twitch,2026-09-28,JoJo’s Bizarre Adventure: All-Star Battle R,0.000,13,false
twitch,2026-09-28,Train Sim World 5,0.000,7,false
twitch,2026-09-28,NBA 2K24,0.000,15,false
twitch,2026-09-28,Just Cause 4,0.000,8,false
twitch,2026-09-28,Kebab Chefs!: Restaurant Simulator,0.000,5,false
twitch,2026-09-28,MINECRAFT: Legends,0.000,6,false
twitch,2026-09-28,Jujutsu Kaisen: Cursed Clash,0.000,6,false
twitch,2026-09-28,Among the Sleep,0.000,5,false
twitch,2026-09-28,Basketball,0.000,5,false
twitch,2026-09-28,Metal Slug Awakening,0.000,5,false
twitch,2026-09-28,FIFA 14,0.000,6,false
twitch,2026-09-28,The Four Kings Casino and Slots,0.000,7,false
twitch,2026-09-28,Blood Dungeon,0.000,7,false
twitch,2026-09-28,Setting Sun,0.000,6,false
twitch,2026-09-28,Alaskan Road Truckers,0.000,9,false
twitch,2026-09-28,FPS Chess,0.000,6,false
twitch,2026-09-28,Eiyuden Chronicle: Hundred Heroes,0.000,5,false
twitch,2026-09-28,Battle Teams,0.000,7,false
twitch,2026-09-28,(other: 671 categories with fewer than 5 channels),0.141,,false
twitch,2026-09-29,Just Chatting,8.787,382,false
twitch,2026-09-29,VALORANT,5.552,238,false
twitch,2026-09-29,Grand Theft Auto V,5.504,218,false
twitch,2026-09-29,Dota 2,3.480,196,false
twitch,2026-09-29,World of Warcraft,3.453,170,false
twitch,2026-09-29,League of Legends,3.115,178,false
twitch,2026-09-29,EA Sports FC 27,2.819,226,false
twitch,2026-09-29,IRL,2.808,219,false
twitch,2026-09-29,Rust,2.749,130,false
twitch,2026-09-29,Apex Legends,2.636,225,false
twitch,2026-09-29,Counter-Strike,2.301,316,false
twitch,2026-09-29,The Witcher 3: Wild Hunt Remastered,2.225,177,false
twitch,2026-09-29,Minecraft,2.207,299,false
twitch,2026-09-29,Fortnite,1.959,263,false
twitch,2026-09-29,WARDOGS,1.539,202,false
twitch,2026-09-29,Minecraft Dungeons II,1.446,254,false
twitch,2026-09-29,Overwatch,1.261,252,false
twitch,2026-09-29,Slots,1.255,212,true
twitch,2026-09-29,Deadlock,1.229,222,false
twitch,2026-09-29,Teamfight Tactics,1.045,183,false
twitch,2026-09-29,ACE COMBAT 8: WINGS OF THEVE,0.995,194,false
twitch,2026-09-29,Special Events,0.962,195,false
twitch,2026-09-29,Always On,0.943,83,false
twitch,2026-09-29,World of Tanks,0.913,223,false
twitch,2026-09-29,Heroes of the Storm,0.865,196,false
twitch,2026-09-29,Valheim,0.854,219,false
twitch,2026-09-29,SILENT HILL: townfall,0.837,252,false
twitch,2026-09-29,Rainbow Six Siege,0.804,305,false
twitch,2026-09-29,Escape from Tarkov,0.802,272,false
twitch,2026-09-29,Call of Duty: Warzone,0.706,217,false
twitch,2026-09-29,ASMR,0.665,232,false
twitch,2026-09-29,Dead by Daylight,0.629,285,false
twitch,2026-09-29,The Witcher 3: Wild Hunt,0.590,314,false
twitch,2026-09-29,Hearthstone,0.578,230,false
twitch,2026-09-29,I'm Only Sleeping,0.575,133,false
twitch,2026-09-29,CONTROL Resonant,0.552,210,false
twitch,2026-09-29,Marvel Rivals,0.541,220,false
twitch,2026-09-29,Rocket League,0.530,381,false
twitch,2026-09-29,ARC Raiders,0.481,173,false
twitch,2026-09-29,Z1: Battle Royale,0.466,251,false
twitch,2026-09-29,NBA 2K27,0.426,161,false
twitch,2026-09-29,Tibia,0.421,171,false
twitch,2026-09-29,Music,0.420,298,false
twitch,2026-09-29,Games + Demos,0.416,393,false
twitch,2026-09-29,PUBG: BATTLEGROUNDS,0.412,292,false
twitch,2026-09-29,AION 2,0.397,192,false
twitch,2026-09-29,Black Desert,0.369,156,false
twitch,2026-09-29,DJs,0.360,332,false
twitch,2026-09-29,Albion Online,0.360,180,false
twitch,2026-09-29,ROBLOX,0.351,505,false
twitch,2026-09-29,Pokémon FireRed/LeafGreen,0.348,235,false
twitch,2026-09-29,Aniimo,0.347,248,false
twitch,2026-09-29,Sports,0.331,316,false
twitch,2026-09-29,Retro,0.327,229,false
twitch,2026-09-29,Delta Force,0.321,228,false
twitch,2026-09-29,Clash Royale,0.319,413,false
twitch,2026-09-29,"Animals, Aquariums, and Zoos",0.319,55,false
twitch,2026-09-29,ELDEN RING,0.312,265,false
twitch,2026-09-29,Street Fighter 6,0.310,316,false
twitch,2026-09-29,Diablo IV,0.295,198,false
twitch,2026-09-29,Arena Breakout: Infinite,0.290,190,false
twitch,2026-09-29,Crypto,0.286,154,false
twitch,2026-09-29,Watch Your Plastic Duck,0.281,10,false
twitch,2026-09-29,Total War: WARHAMMER III,0.280,239,false
twitch,2026-09-29,Old School RuneScape,0.267,232,false
twitch,2026-09-29,Fire Emblem: Fortune's Weave,0.261,225,false
twitch,2026-09-29,VRChat,0.255,332,false
twitch,2026-09-29,Heroes of Might and Magic III: The Restoration of Erathia,0.254,128,false
twitch,2026-09-29,Art,0.252,292,false
twitch,2026-09-29,MARVEL SNAP,0.245,128,false
twitch,2026-09-29,Project Zomboid,0.245,234,false
twitch,2026-09-29,Fall Guys,0.244,420,false
twitch,2026-09-29,"Pools, Hot Tubs, and Beaches",0.243,139,false
twitch,2026-09-29,Talk Shows & Podcasts,0.241,280,false
twitch,2026-09-29,Graveyard Keeper II,0.239,250,false
twitch,2026-09-29,Magic: The Gathering,0.236,291,false
twitch,2026-09-29,Poker,0.235,216,true
twitch,2026-09-29,Virtual Casino,0.228,105,true
twitch,2026-09-29,Destiny 2,0.206,213,false
twitch,2026-09-29,Warframe,0.204,234,false
twitch,2026-09-29,DayZ,0.192,237,false
twitch,2026-09-29,Genshin Impact,0.186,330,false
twitch,2026-09-29,FINAL FANTASY XIV ONLINE,0.183,290,false
twitch,2026-09-29,Terraria,0.169,386,false
twitch,2026-09-29,Honkai: Star Rail,0.166,349,false
twitch,2026-09-29,The Blood of Dawnwalker,0.164,272,false
twitch,2026-09-29,Call of Duty: Black Ops 7,0.163,289,false
twitch,2026-09-29,Halloween: The Game,0.162,338,false
twitch,2026-09-29,Software and Game Development,0.156,261,false
twitch,2026-09-29,Mobile Legends: Bang Bang,0.156,276,false
twitch,2026-09-29,Tom Clancy's The Division 2,0.154,221,false
twitch,2026-09-29,A Weird Game About Sausage,0.154,110,false
twitch,2026-09-29,Super Mario Maker 2,0.149,129,false
twitch,2026-09-29,Trackmania,0.148,174,false
twitch,2026-09-29,Palia,0.148,247,false
twitch,2026-09-29,Slay the Spire II,0.147,370,false
twitch,2026-09-29,Madden NFL 27,0.147,398,false
twitch,2026-09-29,Red Dead Redemption II,0.145,287,false
twitch,2026-09-29,Chess,0.145,329,false
twitch,2026-09-29,Marbles on Stream,0.143,272,false
twitch,2026-09-29,Jinro Metropolis,0.138,26,false
twitch,2026-09-29,DARK SOULS II: Scholar of the First Sin,0.135,251,false
twitch,2026-09-29,Age of Empires II,0.132,255,false
twitch,2026-09-29,Fears to Fathom - Scratch Creek,0.127,36,false
twitch,2026-09-29,Hunt: Showdown 1896,0.127,262,false
twitch,2026-09-29,Path of Exile 2,0.121,199,false
twitch,2026-09-29,Dragon Ball Z: Dokkan Battle,0.119,169,false
twitch,2026-09-29,Knight Online,0.114,152,false
twitch,2026-09-29,Sea of Thieves,0.108,251,false
twitch,2026-09-29,Star Citizen,0.106,209,false
twitch,2026-09-29,American Truck Simulator,0.106,344,false
twitch,2026-09-29,nanos world,0.105,82,false
twitch,2026-09-29,RuneScape,0.103,147,false
twitch,2026-09-29,Dune: Awakening,0.102,256,false
twitch,2026-09-29,SMITE 2,0.099,257,false
twitch,2026-09-29,ARK: Survival Ascended,0.098,240,false
twitch,2026-09-29,STALZONE,0.098,241,false
twitch,2026-09-29,REMATCH,0.097,445,false
twitch,2026-09-29,EVE Online,0.093,132,false
twitch,2026-09-29,Grand Theft Auto: San Andreas,0.092,339,false
twitch,2026-09-29,RuneScape: Dragonwilds,0.092,270,false
twitch,2026-09-29,Co-working & Studying,0.091,240,false
twitch,2026-09-29,Pokémon HeartGold/SoulSilver,0.090,116,false
twitch,2026-09-29,TEKKEN 8,0.090,372,false
twitch,2026-09-29,Phasmophobia,0.090,386,false
twitch,2026-09-29,The Binding of Isaac: Repentance,0.089,429,false
twitch,2026-09-29,007 First Light,0.087,252,false
twitch,2026-09-29,Halo Infinite,0.087,326,false
twitch,2026-09-29,The Isle,0.086,264,false
twitch,2026-09-29,The Elder Scrolls Online,0.086,276,false
twitch,2026-09-29,Control,0.085,264,false
twitch,2026-09-29,Super Mario 64,0.085,234,false
twitch,2026-09-29,Dofus,0.085,200,false
twitch,2026-09-29,DARK SOULS III,0.085,334,false
twitch,2026-09-29,Once Human,0.085,294,false
twitch,2026-09-29,MapleStory,0.084,179,false
twitch,2026-09-29,Call of Duty: Black Ops II,0.081,474,false
twitch,2026-09-29,Pokémon Champions,0.081,349,false
twitch,2026-09-29,Guild Wars 2,0.080,245,false
twitch,2026-09-29,Stardew Valley,0.080,396,false
twitch,2026-09-29,Machine Party,0.078,109,false
twitch,2026-09-29,Yu-Gi-Oh! Master Duel,0.078,335,false
twitch,2026-09-29,Dungeons & Dragons,0.077,244,false
twitch,2026-09-29,Warcraft III,0.077,263,false
twitch,2026-09-29,iRacing,0.077,317,false
twitch,2026-09-29,Clair Obscur: Expedition 33,0.077,317,false
twitch,2026-09-29,Pokémon Trading Card Game,0.077,255,false
twitch,2026-09-29,Battlefield 6,0.075,314,false
twitch,2026-09-29,Heavy Rain,0.073,61,false
twitch,2026-09-29,Mortal Shell II,0.071,303,false
twitch,2026-09-29,Eternal Return,0.071,145,false
twitch,2026-09-29,Lycans,0.069,15,false
twitch,2026-09-29,The Elder Scrolls V: Skyrim - Special Edition,0.068,257,false
twitch,2026-09-29,Hollow Knight: Silksong,0.067,328,false
twitch,2026-09-29,NARAKA: BLADEPOINT,0.066,199,false
twitch,2026-09-29,ELDEN RING NIGHTREIGN,0.065,292,false
twitch,2026-09-29,How to Fish,0.065,405,false
twitch,2026-09-29,Zenless Zone Zero,0.064,454,false
twitch,2026-09-29,Dark Souls: Remastered,0.064,346,false
twitch,2026-09-29,Pokémon GO,0.064,178,false
twitch,2026-09-29,Brawl Stars,0.064,436,false
twitch,2026-09-29,Where Winds Meet,0.062,263,false
twitch,2026-09-29,Rise Online,0.062,69,false
twitch,2026-09-29,League of Legends: Wild Rift,0.061,271,false
twitch,2026-09-29,GeoGuessr,0.059,350,false
twitch,2026-09-29,Food & Drink,0.057,176,false
twitch,2026-09-29,House 2,0.057,13,false
twitch,2026-09-29,The Sims 4,0.057,350,false
twitch,2026-09-29,Baldur's Gate 3,0.056,308,false
twitch,2026-09-29,Mario Kart World,0.056,291,false
twitch,2026-09-29,Diablo II: Resurrected,0.056,204,false
twitch,2026-09-29,Geometry Dash,0.055,550,false
twitch,2026-09-29,Pokémon Community Game,0.055,126,false
twitch,2026-09-29,PEAK,0.054,469,false
twitch,2026-09-29,Makers & Crafting,0.054,262,false
twitch,2026-09-29,EA Sports FC 26,0.054,361,false
twitch,2026-09-29,MECCHA CHAMELEON,0.053,308,false
twitch,2026-09-29,Dark and Darker,0.053,182,false
twitch,2026-09-29,THE FINALS,0.053,373,false
twitch,2026-09-29,Watch_Dogs,0.052,109,false
twitch,2026-09-29,Persona 5 Royal,0.052,264,false
twitch,2026-09-29,Pokémon,0.052,243,false
twitch,2026-09-29,Farming Simulator 25,0.051,328,false
twitch,2026-09-29,MLB The Show 26,0.051,417,false
twitch,2026-09-29,HELLDIVERS 2,0.050,338,false
twitch,2026-09-29,Mimic Party,0.049,201,false
twitch,2026-09-29,War Thunder,0.048,372,false
twitch,2026-09-29,Football Manager 26,0.047,145,false
twitch,2026-09-29,RESIDENT EVIL: requiem,0.047,350,false
twitch,2026-09-29,F1 25,0.045,509,false
twitch,2026-09-29,No Man's Sky,0.044,318,false
twitch,2026-09-29,osu!,0.044,517,false
twitch,2026-09-29,Hollow Knight,0.043,364,false
twitch,2026-09-29,Among Us,0.043,390,false
twitch,2026-09-29,Rehaunted,0.043,58,false
twitch,2026-09-29,Balatro,0.043,206,false
twitch,2026-09-29,BOMBANANA!,0.043,334,false
twitch,2026-09-29,The Legend of Zelda: Majora's Mask,0.043,159,false
twitch,2026-09-29,The Elder Scrolls V: Skyrim,0.042,352,false
twitch,2026-09-29,Super Smash Bros. Ultimate,0.041,335,false
twitch,2026-09-29,Microsoft Flight Simulator 2024,0.041,300,false
twitch,2026-09-29,Path of Titans,0.040,222,false
twitch,2026-09-29,Palworld,0.040,352,false
twitch,2026-09-29,Super Mario Odyssey,0.040,99,false
twitch,2026-09-29,TCG Card Shop Simulator,0.040,291,false
twitch,2026-09-29,Animal Crossing: New Horizons,0.040,191,false
twitch,2026-09-29,Cyberpunk 2077,0.039,328,false
twitch,2026-09-29,FINAL FANTASY VII,0.039,117,false
twitch,2026-09-29,Le Mans Ultimate,0.039,272,false
twitch,2026-09-29,Resident Evil 3,0.038,320,false
twitch,2026-09-29,R.E.P.O.,0.038,452,false
twitch,2026-09-29,Miniatures & Models,0.038,256,false
twitch,2026-09-29,The Last of Us Part II Remastered,0.037,362,false
twitch,2026-09-29,Pokémon UNITE,0.037,259,false
twitch,2026-09-29,Fallout 76,0.037,304,false
twitch,2026-09-29,Shakes and Fidget,0.036,28,false
twitch,2026-09-29,Science & Technology,0.036,136,false
twitch,2026-09-29,Shadowverse: Worlds Beyond,0.035,166,false
twitch,2026-09-29,Resident Evil Village,0.035,364,false
twitch,2026-09-29,Kingdom Hearts HD 1.5 + 2.5 ReMIX,0.035,336,false
twitch,2026-09-29,Metaphor: ReFantazio,0.035,120,false
twitch,2026-09-29,Anime Squad,0.034,53,false
twitch,2026-09-29,Age of Empires IV,0.034,147,false
twitch,2026-09-29,Politics,0.033,109,false
twitch,2026-09-29,Jackbox Party Packs,0.033,129,false
twitch,2026-09-29,Call of Duty,0.032,524,false
twitch,2026-09-29,Big Walk,0.032,285,false
twitch,2026-09-29,Lies of P,0.032,284,false
twitch,2026-09-29,Marathon,0.032,235,false
twitch,2026-09-29,Star Wars Zero Company,0.032,237,false
twitch,2026-09-29,Grand Theft Auto: Vice City,0.032,95,false
twitch,2026-09-29,Pokémon Emerald Version,0.031,224,false
twitch,2026-09-29,God of War Ragnarök,0.031,350,false
twitch,2026-09-29,Black Russia,0.031,78,false
twitch,2026-09-29,Dark Souls II,0.031,56,false
twitch,2026-09-29,Kingdom Come: Deliverance II,0.030,265,false
twitch,2026-09-29,Pokémon X/Y,0.030,36,false
twitch,2026-09-29,Lost Ark,0.030,110,false
twitch,2026-09-29,NTE: Neverness to Everness,0.030,420,false
twitch,2026-09-29,Euro Truck Simulator 2,0.030,357,false
twitch,2026-09-29,Garry's Mod,0.029,162,false
twitch,2026-09-29,Path of Exile,0.029,181,false
twitch,2026-09-29,eFootball,0.029,531,false
twitch,2026-09-29,Tomodachi Life: Living the Dream,0.029,237,false
twitch,2026-09-29,Need for Speed Most Wanted U,0.029,15,false
twitch,2026-09-29,Fate/Grand Order,0.028,47,false
twitch,2026-09-29,For Honor,0.028,405,false
twitch,2026-09-29,The Walking Dead,0.027,155,false
twitch,2026-09-29,Super Mario World,0.027,151,false
twitch,2026-09-29,Fran Bow,0.027,36,false
twitch,2026-09-29,Pokémon Black/White,0.027,59,false
twitch,2026-09-29,Ready or Not,0.026,411,false
twitch,2026-09-29,Lego & Brickbuilding,0.026,109,false
twitch,2026-09-29,Deskrawl: Idle APRG,0.026,20,false
twitch,2026-09-29,The Bazaar,0.025,52,false
twitch,2026-09-29,Heroes of Might & Magic: Olden Era,0.025,44,false
twitch,2026-09-29,The Legend of Zelda: Tears of the Kingdom,0.024,171,false
twitch,2026-09-29,Darkest Dungeon,0.024,98,false
twitch,2026-09-29,The Legend of Zelda: Breath of the Wild,0.024,214,false
twitch,2026-09-29,GUILTY GEAR -STRIVE-,0.024,175,false
twitch,2026-09-29,HλLF-LIFE,0.024,47,false
twitch,2026-09-29,EA Sports College Football 27,0.024,800,false
twitch,2026-09-29,Kukoro: Stream Chat Games,0.023,41,false
twitch,2026-09-29,Subnautica,0.023,204,false
twitch,2026-09-29,Liar's Bar,0.023,38,false
twitch,2026-09-29,Mahjong Soul,0.023,185,false
twitch,2026-09-29,Forza Horizon 6,0.023,443,false
twitch,2026-09-29,Summoners War: Sky Arena,0.022,67,false
twitch,2026-09-29,RimWorld,0.022,210,false
twitch,2026-09-29,Casino Simulator 2024,0.022,37,false
twitch,2026-09-29,FINAL FANTASY XI ONLINE,0.022,94,false
twitch,2026-09-29,ARK: Survival Evolved,0.022,234,false
twitch,2026-09-29,Mistfall Hunter,0.022,184,false
twitch,2026-09-29,Grand Theft Auto IV,0.021,313,false
twitch,2026-09-29,Pokémon Pokopia,0.021,215,false
twitch,2026-09-29,Pokémon Platinum Version,0.020,100,false
twitch,2026-09-29,Halo: The Master Chief Collection,0.020,273,false
twitch,2026-09-29,Happy Wheels,0.020,120,false
twitch,2026-09-29,Dying Light,0.020,271,false
twitch,2026-09-29,Sally Face,0.020,35,false
twitch,2026-09-29,Gartic Phone,0.020,218,false
twitch,2026-09-29,BanG Dream! Our Notes,0.020,33,false
twitch,2026-09-29,I Know a Guy,0.020,66,false
twitch,2026-09-29,Tournament Poker,0.020,14,false
twitch,2026-09-29,Dragon Quest Heroes: Torneko's Mystery Dungeon Classic HD,0.019,71,false
twitch,2026-09-29,FINAL FANTASY X,0.019,118,false
twitch,2026-09-29,The Legend of Zelda: A Link to the Past,0.019,181,false
twitch,2026-09-29,Lethal Company,0.019,251,false
twitch,2026-09-29,Mario Kart Wii,0.019,127,false
twitch,2026-09-29,Endacopia,0.019,80,false
twitch,2026-09-29,Pokémon Legends: Z-A,0.019,191,false
twitch,2026-09-29,Call of Duty: Modern Warfare III,0.019,498,false
twitch,2026-09-29,RESIDENT EVIL 7 biohazard,0.018,364,false
twitch,2026-09-29,"Warhammer 40,000: Space Marine II",0.018,376,false
twitch,2026-09-29,Left 4 Dead 2,0.018,370,false
twitch,2026-09-29,FINAL FANTASY XVI,0.018,199,false
twitch,2026-09-29,Team Fortress 2,0.017,295,false
twitch,2026-09-29,Out of the Park Baseball 27,0.017,15,false
twitch,2026-09-29,They Are Billions,0.017,30,false
twitch,2026-09-29,Fallout 4,0.017,316,false
twitch,2026-09-29,Crimson Desert,0.017,271,false
twitch,2026-09-29,Shiren the Wanderer: The Mystery Dungeon of Serpentcoil Island,0.017,48,false
twitch,2026-09-29,Umamusume: Pretty Derby,0.016,216,false
twitch,2026-09-29,Raid: Shadow Legends,0.016,76,false
twitch,2026-09-29,My Hero Ultra Rumble,0.016,355,false
twitch,2026-09-29,Agefield High: Rock the School,0.016,29,false
twitch,2026-09-29,Normal Golf Game,0.016,36,false
twitch,2026-09-29,Schedule I,0.016,294,false
twitch,2026-09-29,Fitness & Health,0.016,180,false
twitch,2026-09-29,The Outlast Trials,0.016,373,false
twitch,2026-09-29,Heroes of Newerth Reborn,0.016,41,false
twitch,2026-09-29,Disciples II: Rise of the Elves,0.015,15,false
twitch,2026-09-29,WWE 2K26,0.015,446,false
twitch,2026-09-29,Call of Duty: Black Ops,0.015,317,false
twitch,2026-09-29,Superliminal,0.015,14,false
twitch,2026-09-29,SILENT HILL ƒ,0.015,225,false
twitch,2026-09-29,FINAL FANTASY VII REMAKE,0.015,277,false
twitch,2026-09-29,Free Fire,0.015,420,false
twitch,2026-09-29,Super Metroid,0.015,86,false
twitch,2026-09-29,Deltarune,0.015,270,false
twitch,2026-09-29,DRAGON BALL GEKISHIN SQUADRA,0.015,239,false
twitch,2026-09-29,Resident Evil 2,0.015,340,false
twitch,2026-09-29,Escape the Backrooms,0.015,399,false
twitch,2026-09-29,Vintage Story,0.014,112,false
twitch,2026-09-29,Microscape,0.014,18,false
twitch,2026-09-29,New World: Aeternum,0.014,64,false
twitch,2026-09-29,Chained Together,0.014,79,false
twitch,2026-09-29,Resonance: A Plague Tale Legacy,0.014,266,false
twitch,2026-09-29,Mario Kart 8 Deluxe,0.014,193,false
twitch,2026-09-29,The Last of Us Part I,0.014,360,false
twitch,2026-09-29,MARVEL TŌKON: Fighting Souls,0.014,214,false
twitch,2026-09-29,lily's world XD,0.014,43,false
twitch,2026-09-29,Sid Meier's Civilization VI,0.013,83,false
twitch,2026-09-29,The Legend of Zelda: Twilight Princess,0.013,202,false
twitch,2026-09-29,MARVEL Strike Force,0.013,32,false
twitch,2026-09-29,Blue Prince,0.013,109,false
twitch,2026-09-29,DOOM Eternal,0.013,97,false
twitch,2026-09-29,Pokémon Scarlet/Violet,0.013,156,false
twitch,2026-09-29,Shift at Midnight,0.013,342,false
twitch,2026-09-29,Clone Hero,0.013,180,false
twitch,2026-09-29,Fallout: New Vegas,0.013,153,false
twitch,2026-09-29,Risk of Rain 2,0.013,189,false
twitch,2026-09-29,New Super Mario Bros. Wii,0.013,29,false
twitch,2026-09-29,Assassin's Creed Black Flag Resynced,0.013,319,false
twitch,2026-09-29,Plants vs. Zombies,0.013,25,false
twitch,2026-09-29,Escape from Tarkov: Arena,0.013,218,false
twitch,2026-09-29,FINAL FANTASY VII REBIRTH,0.013,270,false
twitch,2026-09-29,Legend of YMIR,0.013,32,false
twitch,2026-09-29,FTL: Faster Than Light,0.012,32,false
twitch,2026-09-29,Magic Chess: Go Go,0.012,27,false
twitch,2026-09-29,Gwent: The Witcher Card Game,0.012,29,false
twitch,2026-09-29,Call of Duty: Black Ops III,0.012,443,false
twitch,2026-09-29,Mortal Kombat 1,0.012,337,false
twitch,2026-09-29,The Quarry,0.012,151,false
twitch,2026-09-29,Writing & Reading,0.012,174,false
twitch,2026-09-29,Gran Turismo 7,0.012,438,false
twitch,2026-09-29,Super Mario Bros. 3,0.012,23,false
twitch,2026-09-29,Sid Meier's Civilization V,0.012,31,false
twitch,2026-09-29,Metro Exodus,0.012,140,false
twitch,2026-09-29,God of War,0.012,285,false
twitch,2026-09-29,Resident Evil 4,0.012,429,false
twitch,2026-09-29,The Death Game Report,0.012,12,false
twitch,2026-09-29,Super Smash Bros. Melee,0.011,128,false
twitch,2026-09-29,hololive Dreams,0.011,117,false
twitch,2026-09-29,Graveyard Keeper,0.011,161,false
twitch,2026-09-29,Beat Saber,0.011,171,false
twitch,2026-09-29,Riftbound,0.011,64,false
twitch,2026-09-29,Resident Evil 6,0.011,236,false
twitch,2026-09-29,Tomb Raider I•II•III Remastered,0.011,98,false
twitch,2026-09-29,Retro Rewind: Video Store Simulator,0.011,69,false
twitch,2026-09-29,Kingdom Come: Deliverance,0.011,144,false
twitch,2026-09-29,F.E.A.R.,0.011,20,false
twitch,2026-09-29,Diablo II,0.011,47,false
twitch,2026-09-29,Raft,0.010,190,false
twitch,2026-09-29,NBA 2K26,0.010,406,false
twitch,2026-09-29,Blue Protocol: Star Resonance,0.010,35,false
twitch,2026-09-29,Stray,0.010,96,false
twitch,2026-09-29,Star Wars: The Old Republic,0.010,148,false
twitch,2026-09-29,Crash Bandicoot,0.010,59,false
twitch,2026-09-29,Minecraft Dungeons,0.010,294,false
twitch,2026-09-29,theHunter: Call of the Wild,0.010,269,false
twitch,2026-09-29,Silent Hill 2,0.010,291,false
twitch,2026-09-29,The Legend of Zelda: Tears of the Kingdom - Nintendo Switch 2 Edition,0.010,37,false
twitch,2026-09-29,Yo-kai Watch,0.010,17,false
twitch,2026-09-29,Kingdom Hearts III,0.010,138,false
twitch,2026-09-29,Pokémon Black/White Version 2,0.010,53,false
twitch,2026-09-29,Super Mario Sunshine,0.009,63,false
twitch,2026-09-29,Clash of Clans,0.009,139,false
twitch,2026-09-29,Golf With Your Friends,0.009,152,false
twitch,2026-09-29,Avatar Legends: The Fighting Game,0.009,113,false
twitch,2026-09-29,Pogostuck: Rage With Your Friends,0.009,54,false
twitch,2026-09-29,Placid Plastic Duck Simulator,0.009,36,false
twitch,2026-09-29,Days Gone,0.009,196,false
twitch,2026-09-29,Super Mario Galaxy,0.009,22,false
twitch,2026-09-29,Shelves and Sorcery: Tidy Up the Enchanted Shop,0.009,13,false
twitch,2026-09-29,Dead as Disco,0.009,165,false
twitch,2026-09-29,Pokémon Sword/Shield,0.009,123,false
twitch,2026-09-29,Animaly Bar: NO HUMANITY!,0.008,41,false
twitch,2026-09-29,Gears 5,0.008,309,false
twitch,2026-09-29,Getting Over It with Bennett Foddy,0.008,49,false
twitch,2026-09-29,Sort Them Ducks,0.008,83,false
twitch,2026-09-29,Call of Duty: Modern Warfare 2,0.008,56,false
twitch,2026-09-29,Dragon's Dogma II,0.008,187,false
twitch,2026-09-29,After-H: Battle Arena,0.008,17,false
twitch,2026-09-29,Just Dance 2026 Edition,0.008,16,false
twitch,2026-09-29,Fire Emblem: Three Houses,0.008,60,false
twitch,2026-09-29,Ace Combat Zero: The Belkan War,0.008,25,false
twitch,2026-09-29,Pokémon Trading Card Game Live,0.008,96,false
twitch,2026-09-29,Dying Light 2: Stay Human,0.008,265,false
twitch,2026-09-29,EarthBound,0.008,27,false
twitch,2026-09-29,Anime Shop Simulator ✨,0.008,109,false
twitch,2026-09-29,FINAL FANTASY IX,0.008,74,false
twitch,2026-09-29,Granblue Fantasy,0.008,34,false
twitch,2026-09-29,Resident Evil 5,0.008,179,false
twitch,2026-09-29,The Legend of Zelda: The Wind Waker,0.008,78,false
twitch,2026-09-29,Auto Chess,0.008,15,false
twitch,2026-09-29,Party Animals,0.008,180,false
twitch,2026-09-29,Mortal Kombat 11,0.008,191,false
twitch,2026-09-29,Casino Jackpot,0.007,8,false
twitch,2026-09-29,Pokémon Crystal Version,0.007,46,false
twitch,2026-09-29,Spirit City: Lofi Sessions,0.007,56,false
twitch,2026-09-29,Call of Duty: Black Ops 6,0.007,265,false
twitch,2026-09-29,Dark Souls,0.007,63,false
twitch,2026-09-29,Crash Bandicoot: Warped,0.007,29,false
twitch,2026-09-29,PlateUp!,0.007,88,false
twitch,2026-09-29,Sonic Racing: CrossWorlds,0.007,119,false
twitch,2026-09-29,Assassin's Creed Valhalla,0.007,221,false
twitch,2026-09-29,Servant of the Lake,0.007,13,false
twitch,2026-09-29,Resident Evil 3: Nemesis,0.007,99,false
twitch,2026-09-29,JUMP KING QUEST,0.007,8,false
twitch,2026-09-29,The Legend of Zelda: Skyward Sword HD,0.007,61,false
twitch,2026-09-29,House Flipper 2,0.007,94,false
twitch,2026-09-29,Super Battle Golf,0.007,107,false
twitch,2026-09-29,Gears of War: Reloaded,0.007,147,false
twitch,2026-09-29,Call of Duty: Mobile,0.007,448,false
twitch,2026-09-29,Assetto Corsa,0.007,240,false
twitch,2026-09-29,The Long Dark,0.007,93,false
twitch,2026-09-29,Board Games,0.007,55,false
twitch,2026-09-29,FINAL FANTASY VIII,0.007,35,false
twitch,2026-09-29,XCOM: Enemy Unknown,0.007,18,false
twitch,2026-09-29,GTA: La Heist,0.007,459,false
twitch,2026-09-29,Gothic 1 Remake,0.006,87,false
twitch,2026-09-29,EverQuest Legends,0.006,34,false
twitch,2026-09-29,Street Fighter V,0.006,18,false
twitch,2026-09-29,Kerbal Space Program,0.006,45,false
twitch,2026-09-29,Halo 2,0.006,14,false
twitch,2026-09-29,FINAL FANTASY TACTICS,0.006,6,false
twitch,2026-09-29,Arena of Valor,0.006,52,false
twitch,2026-09-29,Conan Exiles,0.006,102,false
twitch,2026-09-29,Metal Gear Solid 4: Guns of the Patriots,0.006,60,false
twitch,2026-09-29,FINAL FANTASY XV,0.006,75,false
twitch,2026-09-29,Rust Mobile,0.006,10,false
twitch,2026-09-29,Batman: Arkham Knight,0.006,238,false
twitch,2026-09-29,Star Trek Fleet Command,0.006,28,false
twitch,2026-09-29,Call of Duty: Modern Warfare II,0.006,129,false
twitch,2026-09-29,Hero Siege,0.006,36,false
twitch,2026-09-29,Counter-Strike 1.6,0.006,99,false
twitch,2026-09-29,Marvel's Spider-Man Remastered,0.006,235,false
twitch,2026-09-29,PGA TOUR 2K25,0.006,163,false
twitch,2026-09-29,POOL LOOP,0.006,6,false
twitch,2026-09-29,LEGO Batman: Legacy of the Dark Knight,0.006,125,false
twitch,2026-09-29,Cronos: The New Dawn,0.006,48,false
twitch,2026-09-29,Mina the Hollower,0.006,50,false
twitch,2026-09-29,Cozy Farm: Tidy Up!,0.006,15,false
twitch,2026-09-29,GRAIN ROT,0.006,99,false
twitch,2026-09-29,Planet Crafter,0.005,150,false
twitch,2026-09-29,Grounded,0.005,212,false
twitch,2026-09-29,Call of Duty: Black Ops IIII,0.005,210,false
twitch,2026-09-29,Pokémon Trading Card Game Pocket,0.005,61,false
twitch,2026-09-29,Grand Theft Auto III,0.005,60,false
twitch,2026-09-29,Dispatch,0.005,99,false
twitch,2026-09-29,Roblox Studio,0.005,37,false
twitch,2026-09-29,Call of Duty: Modern Warfare 4,0.005,121,false
twitch,2026-09-29,Golf It!,0.005,39,false
twitch,2026-09-29,Resident Evil,0.005,106,false
twitch,2026-09-29,Final Fantasy VI,0.005,50,false
twitch,2026-09-29,Danganronpa: Trigger Happy Havoc,0.005,69,false
twitch,2026-09-29,Call of Duty: Infinite Warfare,0.005,93,false
twitch,2026-09-29,Age of Mythology,0.005,62,false
twitch,2026-09-29,Metal Gear Solid V: The Phantom Pain,0.005,120,false
twitch,2026-09-29,EA Sports UFC 6,0.005,302,false
twitch,2026-09-29,Dying Light: The Beast,0.005,237,false
twitch,2026-09-29,Red Dead Redemption,0.005,146,false
twitch,2026-09-29,Ultra Street Fighter IV,0.005,28,false
twitch,2026-09-29,Pummel Party,0.005,76,false
twitch,2026-09-29,Madden NFL 26,0.005,423,false
twitch,2026-09-29,ZeroSpace,0.005,5,false
twitch,2026-09-29,Outlast II,0.005,113,false
twitch,2026-09-29,Don't Drop The Cake,0.005,19,false
twitch,2026-09-29,Rush Royale,0.005,26,false
twitch,2026-09-29,Crash Bandicoot 4: It's About Time,0.005,81,false
twitch,2026-09-29,MLB The Show 25,0.004,21,false
twitch,2026-09-29,Duet Night Abyss,0.004,39,false
twitch,2026-09-29,Japan Stigmatized Property 3,0.004,19,false
twitch,2026-09-29,Beyond: Two Souls,0.004,74,false
twitch,2026-09-29,Yakuza: Like a Dragon,0.004,55,false
twitch,2026-09-29,Halo: Campaign Evolved,0.004,231,false
twitch,2026-09-29,Pokémon Gold Version,0.004,15,false
twitch,2026-09-29,FINAL FANTASY IV,0.004,33,false
twitch,2026-09-29,Guildrun,0.004,20,false
twitch,2026-09-29,Dungeons & Dragons Online,0.004,38,false
twitch,2026-09-29,Mu: Dark Epoch,0.004,50,false
twitch,2026-09-29,The Sinking City 2,0.004,43,false
twitch,2026-09-29,Zelda II: The Adventure of Link,0.004,36,false
twitch,2026-09-29,FINAL FANTASY,0.004,28,false
twitch,2026-09-29,Forza Horizon 5,0.004,392,false
twitch,2026-09-29,Star Trek Online,0.004,45,false
twitch,2026-09-29,Call of Duty: Black Ops Cold War,0.004,308,false
twitch,2026-09-29,Librarian: Tidy Up the Arcane Library!,0.004,71,false
twitch,2026-09-29,Guild Wars: Reforged,0.004,40,false
twitch,2026-09-29,TERA,0.004,38,false
twitch,2026-09-29,Dragon Age™: Origins,0.004,43,false
twitch,2026-09-29,Metal Gear Solid 4: Guns of the Patriots - Master Collection Version,0.004,89,false
twitch,2026-09-29,FIFA Mobile,0.004,46,false
twitch,2026-09-29,Darkest Dungeon II,0.004,27,false
twitch,2026-09-29,Sea of Stars,0.004,27,false
twitch,2026-09-29,DIGIMON STORY: TIME STRANGER,0.004,103,false
twitch,2026-09-29,Bills Must Be Paid,0.004,34,false
twitch,2026-09-29,RavenQuest,0.004,25,false
twitch,2026-09-29,Windrose,0.004,72,false
twitch,2026-09-29,Disco Elysium,0.004,55,false
twitch,2026-09-29,Honor of Kings,0.004,122,false
twitch,2026-09-29,Battle Brothers,0.004,20,false
twitch,2026-09-29,Portal 2,0.004,93,false
twitch,2026-09-29,Fatal Fury: City of the Wolves,0.004,66,false
twitch,2026-09-29,Age of Empires III,0.004,42,false
twitch,2026-09-29,Moonlighter 2: The Endless Vault,0.004,56,false
twitch,2026-09-29,Poppy Playtime,0.004,96,false
twitch,2026-09-29,The Legend of Zelda: The Minish Cap,0.004,38,false
twitch,2026-09-29,The Lord of the Rings Online,0.004,61,false
twitch,2026-09-29,DRAGON QUEST XI S: Echoes of an Elusive Age,0.004,40,false
twitch,2026-09-29,Subnautica 2,0.004,142,false
twitch,2026-09-29,Star Wars Jedi: Survivor,0.004,119,false
twitch,2026-09-29,Pokémon Brilliant Diamond/Shining Pearl,0.004,59,false
twitch,2026-09-29,Magical Girl Witch Trials,0.004,33,false
twitch,2026-09-29,Arena Breakout,0.004,72,false
twitch,2026-09-29,SMITE,0.004,102,false
twitch,2026-09-29,Sky: Children of the Light,0.004,112,false
twitch,2026-09-29,Halo: Combat Evolved,0.004,22,false
twitch,2026-09-29,Stumble Guys,0.004,100,false
twitch,2026-09-29,The Choicer Voicer,0.004,68,false
twitch,2026-09-29,Command & Conquer: Generals,0.004,12,false
twitch,2026-09-29,Skull and Bones,0.004,52,false
twitch,2026-09-29,Night Crows,0.004,33,false
twitch,2026-09-29,Granblue Fantasy Versus: Rising,0.004,58,false
twitch,2026-09-29,Batman: Arkham City,0.003,47,false
twitch,2026-09-29,Phantasy Star Online 2 New Genesis,0.003,66,false
twitch,2026-09-29,Crossout,0.003,74,false
twitch,2026-09-29,Ragnarok Origin: Classic,0.003,26,false
twitch,2026-09-29,Pokémon Infinite Fusion,0.003,63,false
twitch,2026-09-29,Europa Universalis V,0.003,28,false
twitch,2026-09-29,The Elder Scrolls III: Morrowind,0.003,46,false
twitch,2026-09-29,The Legend of Zelda,0.003,49,false
twitch,2026-09-29,the cabin game,0.003,51,false
twitch,2026-09-29,EA Sports College Football 26,0.003,308,false
twitch,2026-09-29,Quasimorph,0.003,28,false
twitch,2026-09-29,DOOM II: Hell on Earth,0.003,41,false
twitch,2026-09-29,Dead Cells,0.003,76,false
twitch,2026-09-29,Diablo III,0.003,43,false
twitch,2026-09-29,Fallout 3,0.003,68,false
twitch,2026-09-29,Call of Duty: Vanguard,0.003,49,false
twitch,2026-09-29,Heroes of Might and Magic V,0.003,16,false
twitch,2026-09-29,The Legend of Zelda: The Wind Waker HD,0.003,22,false
twitch,2026-09-29,Fright Train,0.003,27,false
twitch,2026-09-29,DOOM: The Dark Ages,0.003,132,false
twitch,2026-09-29,FINAL FANTASY VIII Remastered,0.003,18,false
twitch,2026-09-29,Tiny Eden,0.003,31,false
twitch,2026-09-29,Grand Theft Auto,0.003,28,false
twitch,2026-09-29,Mario Kart 64,0.003,22,false
twitch,2026-09-29,Call of Duty: Modern Warfare,0.003,125,false
twitch,2026-09-29,Life Is Strange 2,0.003,59,false
twitch,2026-09-29,DRAGON BALL: Sparking! ZERO,0.003,356,false
twitch,2026-09-29,The Evil Within,0.003,95,false
twitch,2026-09-29,Ratchet & Clank (2002),0.003,22,false
twitch,2026-09-29,Dragon Ball Legends,0.003,45,false
twitch,2026-09-29,The Witcher 2: Assassins of Kings,0.003,32,false
twitch,2026-09-29,Silent Hill,0.003,40,false
twitch,2026-09-29,Super Mario Galaxy 2,0.003,20,false
twitch,2026-09-29,KovaaK's Aim Trainer,0.003,102,false
twitch,2026-09-29,Pokémon Legends: Arceus,0.003,61,false
twitch,2026-09-29,Kingdom Hearts II Final Mix,0.003,29,false
twitch,2026-09-29,Kingdom Hearts Dream Drop Distance HD,0.003,31,false
twitch,2026-09-29,Gears of War 4,0.003,130,false
twitch,2026-09-29,PowerWash Simulator,0.003,51,false
twitch,2026-09-29,Star Wars Outlaws,0.003,110,false
twitch,2026-09-29,Dragon Ball FighterZ,0.003,72,false
twitch,2026-09-29,Star Wars: Galaxy of Heroes,0.003,43,false
twitch,2026-09-29,Jak and Daxter: The Precursor Legacy,0.003,28,false
twitch,2026-09-29,Space Engineers,0.003,55,false
twitch,2026-09-29,Horse Magnifier: The Full Horse,0.003,7,false
twitch,2026-09-29,The Elder Scrolls IV: Oblivion Remastered,0.003,105,false
twitch,2026-09-29,Cities: Skylines II,0.003,39,false
twitch,2026-09-29,Relic Arena,0.003,13,false
twitch,2026-09-29,Metal Gear Solid: Peace Walker,0.003,31,false
twitch,2026-09-29,Stellaris,0.003,48,false
twitch,2026-09-29,Company of Heroes 2,0.003,27,false
twitch,2026-09-29,Resident Evil 0,0.003,109,false
twitch,2026-09-29,World War Z: Aftermath,0.003,121,false
twitch,2026-09-29,Call of Duty: WWII,0.003,161,false
twitch,2026-09-29,Secret of Mana,0.003,5,false
twitch,2026-09-29,DRAGON BALL Z: KAKAROT,0.003,77,false
twitch,2026-09-29,GRANBLUE FANTASY Relink,0.003,30,false
twitch,2026-09-29,Anvil Empires,0.003,21,false
twitch,2026-09-29,The Walking Dead: The Final Season,0.003,22,false
twitch,2026-09-29,Danganronpa 2: Goodbye Despair,0.003,39,false
twitch,2026-09-29,GRWM,0.003,32,false
twitch,2026-09-29,LEGO Fortnite: Odyssey,0.003,30,false
twitch,2026-09-29,TBH: Task Bar Hero,0.003,12,false
twitch,2026-09-29,2XKO,0.003,47,false
twitch,2026-09-29,Metal Gear Solid 3: Snake Eater,0.003,23,false
twitch,2026-09-29,CURE - A Hospital Simulator,0.002,42,false
twitch,2026-09-29,Rhythm Heaven Groove,0.002,27,false
twitch,2026-09-29,The Witcher: Enhanced Edition,0.002,37,false
twitch,2026-09-29,Life Is Strange,0.002,65,false
twitch,2026-09-29,Coral Island,0.002,48,false
twitch,2026-09-29,Star Fox Adventures,0.002,36,false
twitch,2026-09-29,METAL GEAR SOLID Δ: SNAKE EATER,0.002,60,false
twitch,2026-09-29,Idle Champions of the Forgotten Realms,0.002,7,false
twitch,2026-09-29,Pokémon Red/Blue,0.002,28,false
twitch,2026-09-29,Metal Gear Solid: Peace Walker - Master Collection Version,0.002,68,false
twitch,2026-09-29,The Legend of Zelda: Ocarina of Time 3D,0.002,25,false
twitch,2026-09-29,Tainted Grail: The Fall of Avalon,0.002,16,false
twitch,2026-09-29,TV Total Events,0.002,7,false
twitch,2026-09-29,Super Meat Boy,0.002,9,false
twitch,2026-09-29,Metal Gear Rising: Revengeance,0.002,27,false
twitch,2026-09-29,Devil May Cry 3: Dante's Awakening - Special Edition,0.002,37,false
twitch,2026-09-29,Artifact,0.002,17,false
twitch,2026-09-29,HλLF-LIFE²,0.002,58,false
twitch,2026-09-29,DCS World,0.002,39,false
twitch,2026-09-29,Backpack Battles,0.002,22,false
twitch,2026-09-29,Dead Space 2,0.002,45,false
twitch,2026-09-29,Crypt of the NecroDancer,0.002,8,false
twitch,2026-09-29,FINAL FANTASY TACTICS - The Ivalice Chronicles,0.002,37,false
twitch,2026-09-29,Final Fantasy Resonance,0.002,42,false
twitch,2026-09-29,Grand Theft Auto: Vice City - The Definitive Edition,0.002,60,false
twitch,2026-09-29,The Sims 2,0.002,27,false
twitch,2026-09-29,IRON NEST: Heavy Turret Simulator,0.002,44,false
twitch,2026-09-29,Grand Theft Auto: San Andreas - The Definitive Edition,0.002,97,false
twitch,2026-09-29,Super Mario Party Jamboree,0.002,41,false
twitch,2026-09-29,Metal Gear Solid,0.002,38,false
twitch,2026-09-29,Silent Hill 4: The Room,0.002,23,false
twitch,2026-09-29,DIRECTIVE 8020,0.002,31,false
twitch,2026-09-29,Dragon Quest Builders 2,0.002,13,false
twitch,2026-09-29,The Message From Deep Space,0.002,11,false
twitch,2026-09-29,STAR WARS Jedi: Fallen Order™,0.002,96,false
twitch,2026-09-29,South Park: The Fractured But Whole,0.002,109,false
twitch,2026-09-29,X-Plane 12,0.002,27,false
twitch,2026-09-29,Watcher of Realms,0.002,23,false
twitch,2026-09-29,The Legend of Zelda: Ocarina of Time,0.002,30,false
twitch,2026-09-29,Pokémon Mystery Dungeon: Explorers of Sky,0.002,22,false
twitch,2026-09-29,Gears of War: Judgment,0.002,27,false
twitch,2026-09-29,The Dark Pictures Anthology: Little Hope,0.002,22,false
twitch,2026-09-29,RoboCop: Rogue City,0.002,32,false
twitch,2026-09-29,"Pokémon: Let's Go, Pikachu!/Eevee!",0.002,37,false
twitch,2026-09-29,IdleOn,0.002,17,false
twitch,2026-09-29,Rain World,0.002,52,false
twitch,2026-09-29,Police Chief Simulator,0.002,30,false
twitch,2026-09-29,S4 League,0.002,13,false
twitch,2026-09-29,Grand Chase Classic,0.002,25,false
twitch,2026-09-29,Gears of War 2,0.002,64,false
twitch,2026-09-29,Touhou Koumakyou: New Classic - The Embodiment of Scarlet Devil,0.002,39,false
twitch,2026-09-29,Sonic the Hedgehog 3 & Knuckles,0.002,9,false
twitch,2026-09-29,Sonic Rumble Party,0.002,34,false
twitch,2026-09-29,Kingdom Hearts II,0.002,37,false
twitch,2026-09-29,The Dark Pictures Anthology: House of Ashes,0.002,27,false
twitch,2026-09-29,Star Wars Battlefront II,0.002,145,false
twitch,2026-09-29,Farm Together 2,0.002,26,false
twitch,2026-09-29,Fushigi no Dungeon: Torneko no Daibouken,0.002,8,false
twitch,2026-09-29,Human: Fall Flat,0.002,44,false
twitch,2026-09-29,Watch Dogs 2,0.002,114,false
twitch,2026-09-29,WE ARE FOOTBALL 2027,0.002,6,false
twitch,2026-09-29,The Witcher,0.002,39,false
twitch,2026-09-29,Scapewatch,0.002,10,false
twitch,2026-09-29,SpongeBob SquarePants: Battle for Bikini Bottom,0.002,19,false
twitch,2026-09-29,Diablo,0.002,17,false
twitch,2026-09-29,Worms W.M.D,0.002,18,false
twitch,2026-09-29,The Lord of the Rings: Return to Moria,0.002,43,false
twitch,2026-09-29,House Flipper,0.002,61,false
twitch,2026-09-29,Dragon Quest III HD-2D Remake,0.002,23,false
twitch,2026-09-29,Omega Strikers,0.002,22,false
twitch,2026-09-29,Counter-Strike Online 2,0.002,65,false
twitch,2026-09-29,Company of Heroes 3,0.002,30,false
twitch,2026-09-29,Gears of War 3,0.002,90,false
twitch,2026-09-29,The Legend of Zelda: Echoes of Wisdom,0.002,31,false
twitch,2026-09-29,Sonic Adventure 2,0.002,17,false
twitch,2026-09-29,Shovel Knight,0.002,9,false
twitch,2026-09-29,Waterpark Simulator,0.002,49,false
twitch,2026-09-29,Dead Island 2,0.002,125,false
twitch,2026-09-29,Sonic Heroes,0.002,19,false
twitch,2026-09-29,Tomb Raider,0.002,54,false
twitch,2026-09-29,Onimusha 2: Samurai's Destiny,0.002,13,false
twitch,2026-09-29,With Your Destiny,0.002,17,false
twitch,2026-09-29,False Hero,0.002,22,false
twitch,2026-09-29,Restore Your Island,0.002,10,false
twitch,2026-09-29,Ghost Watchers,0.002,24,false
twitch,2026-09-29,Vindictus,0.002,19,false
twitch,2026-09-29,Pokemon Auto Chess,0.002,22,false
twitch,2026-09-29,MLB The Show 18,0.002,241,false
twitch,2026-09-29,Pokémon Black Version 2,0.002,8,false
twitch,2026-09-29,Resident Evil Code: Veronica X HD,0.002,18,false
twitch,2026-09-29,The Dark Pictures Anthology: Man of Medan,0.002,42,false
twitch,2026-09-29,Castlevania: Symphony of the Night,0.002,36,false
twitch,2026-09-29,Blossom: The Seed of Life,0.002,10,false
twitch,2026-09-29,Road to Jukai,0.002,35,false
twitch,2026-09-29,Watch Dogs: Legion,0.002,32,false
twitch,2026-09-29,LEGO Star Wars: The Complete Saga,0.002,19,false
twitch,2026-09-29,CarX Street,0.002,96,false
twitch,2026-09-29,Halo Wars 2,0.002,38,false
twitch,2026-09-29,SHINOBI: Art of Vengeance,0.002,15,false
twitch,2026-09-29,THE KING OF FIGHTERS XV,0.002,40,false
twitch,2026-09-29,God of War II,0.002,36,false
twitch,2026-09-29,Bus Simulator 27,0.002,42,false
twitch,2026-09-29,Saint Seiya: Awakening,0.002,13,false
twitch,2026-09-29,Sonic Adventure 2: Battle,0.002,28,false
twitch,2026-09-29,Marvel's Guardians of the Galaxy,0.002,71,false
twitch,2026-09-29,Wobbly Life,0.002,138,false
twitch,2026-09-29,The Elder Scrolls II: Daggerfall,0.001,17,false
twitch,2026-09-29,Resident Evil: Revelations 2,0.001,40,false
twitch,2026-09-29,Like a Dragon: Infinite Wealth,0.001,50,false
twitch,2026-09-29,Super Mario Bros.,0.001,23,false
twitch,2026-09-29,Neverwinter,0.001,46,false
twitch,2026-09-29,Phantasy Star Online Blue Burst,0.001,16,false
twitch,2026-09-29,Dragon Age: Inquisition,0.001,33,false
twitch,2026-09-29,Animal Crossing: City Folk,0.001,9,false
twitch,2026-09-29,The Legend of Zelda: Twilight Princess HD,0.001,19,false
twitch,2026-09-29,Medieval Juice Crafter,0.001,14,false
twitch,2026-09-29,Pizza House Simulator,0.001,20,false
twitch,2026-09-29,MOBILE SUIT GUNDAM BATTLE OPERATION 2,0.001,52,false
twitch,2026-09-29,Mortal Online 2,0.001,13,false
twitch,2026-09-29,Call of Duty 2,0.001,37,false
twitch,2026-09-29,Slay the Princess,0.001,21,false
twitch,2026-09-29,Whatsamusic,0.001,11,false
twitch,2026-09-29,The Elder Scrolls V: Skyrim - Anniversary Edition,0.001,54,false
twitch,2026-09-29,Monster Strike,0.001,17,false
twitch,2026-09-29,The Walking Dead: Season Two,0.001,54,false
twitch,2026-09-29,Football League 2026,0.001,11,false
twitch,2026-09-29,Guilty Gear Xrd REV 2,0.001,15,false
twitch,2026-09-29,Momentum Mod,0.001,13,false
twitch,2026-09-29,Kingdom Hearts Final Mix,0.001,30,false
twitch,2026-09-29,Sonic X Shadow Generations,0.001,40,false
twitch,2026-09-29,Demon's Souls,0.001,58,false
twitch,2026-09-29,Make it Meme,0.001,12,false
twitch,2026-09-29,Leafy Corner,0.001,15,false
twitch,2026-09-29,Pokémon XD: Gale of Darkness,0.001,24,false
twitch,2026-09-29,Mortal Kombat X,0.001,41,false
twitch,2026-09-29,ENDER LILIES: Quietus of the Knights,0.001,16,false
twitch,2026-09-29,HATSUNE MIKU: COLORFUL STAGE!,0.001,44,false
twitch,2026-09-29,Metro 2033 Redux,0.001,62,false
twitch,2026-09-29,Little Witch in the Woods,0.001,22,false
twitch,2026-09-29,Ratchet & Clank: Going Commando,0.001,14,false
twitch,2026-09-29,Marvel vs. Capcom 2: New Age of Heroes,0.001,16,false
twitch,2026-09-29,WarCraft II: Tides of Darkness,0.001,8,false
twitch,2026-09-29,Destiny,0.001,83,false
twitch,2026-09-29,Life is Strange Remastered,0.001,33,false
twitch,2026-09-29,Coin maker simulator,0.001,13,false
twitch,2026-09-29,Super Animal Royale,0.001,47,false
twitch,2026-09-29,Gotham Knights,0.001,45,false
twitch,2026-09-29,Kingdom Hearts Birth by Sleep,0.001,24,false
twitch,2026-09-29,Sonic Adventure DX: Director's Cut,0.001,16,false
twitch,2026-09-29,The King of Fighters 2002,0.001,18,false
twitch,2026-09-29,Portal,0.001,27,false
twitch,2026-09-29,Streamer Life Simulator 2,0.001,21,false
twitch,2026-09-29,Crash Bash,0.001,14,false
twitch,2026-09-29,World of Sea Battle,0.001,21,false
twitch,2026-09-29,FINAL FANTASY X-2,0.001,12,false
twitch,2026-09-29,Hello Kitty Island Adventure,0.001,45,false
twitch,2026-09-29,Dragon Quest X: Mezameshi Itsutsu no Shuzoku Online,0.001,26,false
twitch,2026-09-29,Heroes & Generals,0.001,13,false
twitch,2026-09-29,Call of Duty 4: Modern Warfare,0.001,41,false
twitch,2026-09-29,DRAGON QUEST MONSTERS: The Withered World,0.001,11,false
twitch,2026-09-29,Microsoft Flight Simulator,0.001,78,false
twitch,2026-09-29,The Wolf Among Us,0.001,47,false
twitch,2026-09-29,Dragon Age: The Veilguard,0.001,44,false
twitch,2026-09-29,The Legend of Zelda: Skyward Sword,0.001,22,false
twitch,2026-09-29,High on Life,0.001,82,false
twitch,2026-09-29,Love and Deepspace,0.001,9,false
twitch,2026-09-29,FINAL FANTASY XIII,0.001,31,false
twitch,2026-09-29,ANIMAL WELL,0.001,14,false
twitch,2026-09-29,Blade & Soul NEO,0.001,15,false
twitch,2026-09-29,TopSpin 2K25,0.001,27,false
twitch,2026-09-29,Diablo Immortal,0.001,36,false
twitch,2026-09-29,Apex,0.001,12,false
twitch,2026-09-29,As Dusk Falls,0.001,13,false
twitch,2026-09-29,Berserk Heroes Online,0.001,9,false
twitch,2026-09-29,STORY OF SEASONS: Grand Bazaar,0.001,21,false
twitch,2026-09-29,Battle Teams,0.001,7,false
twitch,2026-09-29,WE ARE SO DEAD,0.001,15,false
twitch,2026-09-29,Sonic Frontiers,0.001,30,false
twitch,2026-09-29,"Papers, Please",0.001,25,false
twitch,2026-09-29,Sonic Unleashed,0.001,23,false
twitch,2026-09-29,Cities: Skylines,0.001,37,false
twitch,2026-09-29,Soulmask,0.001,17,false
twitch,2026-09-29,Train Sim World 7,0.001,53,false
twitch,2026-09-29,DRAGON QUEST MONSTERS: The Dark Prince,0.001,25,false
twitch,2026-09-29,Lost and Found Co.,0.001,8,false
twitch,2026-09-29,X4: Foundations,0.001,21,false
twitch,2026-09-29,UNBEATABLE,0.001,18,false
twitch,2026-09-29,Spyro the Dragon,0.001,17,false
twitch,2026-09-29,At Dead of Night,0.001,11,false
twitch,2026-09-29,Pokémon Yellow Version: Special Pikachu Edition,0.001,26,false
twitch,2026-09-29,Table Tennis,0.001,8,false
twitch,2026-09-29,"KOTÁMON: My Sis Found A Super-Rare Card In Her Cereal Box, So I Became A Garbage Man To Find The Entire Collection And Earn $1,000,000",0.001,20,false
twitch,2026-09-29,Metal Gear Solid 2: Sons of Liberty,0.001,29,false
twitch,2026-09-29,Dragon Warrior IV,0.001,6,false
twitch,2026-09-29,Metro: Last Light Redux,0.001,45,false
twitch,2026-09-29,The Lord of the Rings: The Battle for Middle-earth II,0.001,12,false
twitch,2026-09-29,Sun Haven,0.001,29,false
twitch,2026-09-29,Gartic Show,0.001,23,false
twitch,2026-09-29,Far Cry New Dawn,0.001,37,false
twitch,2026-09-29,FC MOBILE,0.001,92,false
twitch,2026-09-29,Life is Strange: Double Exposure,0.001,31,false
twitch,2026-09-29,Uncanny Tales: The Watcher,0.001,6,false
twitch,2026-09-29,OneState,0.001,222,false
twitch,2026-09-29,Tormented Souls,0.001,22,false
twitch,2026-09-29,Shieldwall,0.001,5,false
twitch,2026-09-29,Jump Space,0.001,44,false
twitch,2026-09-29,FreeStyle Street Basketball,0.001,5,false
twitch,2026-09-29,Slay the Spire,0.001,46,false
twitch,2026-09-29,Plants vs. Zombies 2: It's About Time,0.001,17,false
twitch,2026-09-29,The Walking Dead: A New Frontier,0.001,36,false
twitch,2026-09-29,Totally Accurate Battle Simulator,0.001,30,false
twitch,2026-09-29,War Robots,0.001,28,false
twitch,2026-09-29,Spiritfarer,0.001,27,false
twitch,2026-09-29,ENDER MAGNOLIA: Bloom in the Mist,0.001,13,false
twitch,2026-09-29,Star Wars: Jedi Knight - Jedi Academy,0.001,8,false
twitch,2026-09-29,Shenmue,0.001,9,false
twitch,2026-09-29,Dead Space 3,0.001,38,false
twitch,2026-09-29,Banishers: Ghosts of New Eden,0.001,33,false
twitch,2026-09-29,Star Wars: Knights of the Old Republic,0.001,24,false
twitch,2026-09-29,Dragon Quest III: The Seeds of Salvation,0.001,6,false
twitch,2026-09-29,Keep Talking and Nobody Explodes,0.001,14,false
twitch,2026-09-29,Yakuza 0: Director's Cut,0.001,29,false
twitch,2026-09-29,Tales of Fear: Episode Zero,0.001,18,false
twitch,2026-09-29,Dragon Quest I & II HD-2D Remake,0.001,26,false
twitch,2026-09-29,Samson,0.001,29,false
twitch,2026-09-29,The Legend of Zelda: Oracle of Seasons,0.001,16,false
twitch,2026-09-29,City of Heroes,0.001,8,false
twitch,2026-09-29,The Sims 3,0.001,25,false
twitch,2026-09-29,Plants vs. Zombies: Garden Warfare 2,0.001,70,false
twitch,2026-09-29,The Elder Scrolls IV: Oblivion,0.001,27,false
twitch,2026-09-29,CTR: Crash Team Racing,0.001,11,false
twitch,2026-09-29,Karaoke Joysound for Streamer,0.001,15,false
twitch,2026-09-29,Two Point Hospital,0.001,15,false
twitch,2026-09-29,Assassin's Creed IV Black Flag,0.001,57,false
twitch,2026-09-29,SoulCalibur VI,0.001,22,false
twitch,2026-09-29,Cheap Car Repair,0.001,9,false
twitch,2026-09-29,Virtua Fighter 5 R.E.V.O.,0.001,16,false
twitch,2026-09-29,Marvel's Avengers,0.001,52,false
twitch,2026-09-29,MONSTER HUNTER STORIES 3: TWISTED REFLECTION,0.001,31,false
twitch,2026-09-29,Guilty Gear XX Accent Core Plus R,0.001,6,false
twitch,2026-09-29,Snowed Under,0.001,5,false
twitch,2026-09-29,Crash Bandicoot 2: Cortex Strikes Back,0.001,28,false
twitch,2026-09-29,Infestation: The New Z,0.001,14,false
twitch,2026-09-29,Sins of a Solar Empire II,0.001,6,false
twitch,2026-09-29,X-Men Origins: Wolverine,0.001,18,false
twitch,2026-09-29,Buckshot Roulette,0.001,12,false
twitch,2026-09-29,Dota Underlords,0.001,9,false
twitch,2026-09-29,Welcome to the Game III,0.001,6,false
twitch,2026-09-29,Blair Witch,0.001,16,false
twitch,2026-09-29,RollerCoaster Tycoon 3,0.001,5,false
twitch,2026-09-29,Streets of Rage 4,0.001,32,false
twitch,2026-09-29,Pokémon Mystery Dungeon: Blue/Red Rescue Team,0.001,12,false
twitch,2026-09-29,Modern Warships,0.001,13,false
twitch,2026-09-29,Halo 5: Guardians,0.001,44,false
twitch,2026-09-29,LEGO Star Wars: The Skywalker Saga,0.001,46,false
twitch,2026-09-29,Granblue Fantasy: Relink - Endless Ragnarok,0.001,15,false
twitch,2026-09-29,MEGA MAN STAR FORCE: Legacy Collection,0.001,23,false
twitch,2026-09-29,Dead Island: Definitive Edition,0.001,34,false
twitch,2026-09-29,Fallout 2,0.001,8,false
twitch,2026-09-29,Call of Duty: World at War,0.001,60,false
twitch,2026-09-29,Monster Train 2,0.001,9,false
twitch,2026-09-29,Monster Hunter 3 Ultimate,0.001,13,false
twitch,2026-09-29,Titan Quest Anniversary Edition,0.001,12,false
twitch,2026-09-29,The Coffin of Andy and Leyley,0.001,9,false
twitch,2026-09-29,Police Simulator: Patrol Officers,0.001,71,false
twitch,2026-09-29,Digimon Story: Cyber Sleuth - Hacker's Memory,0.001,22,false
twitch,2026-09-29,Grand Theft Auto: Vice City Stories,0.001,17,false
twitch,2026-09-29,Digimon Story: Cyber Sleuth,0.001,18,false
twitch,2026-09-29,Grand Theft Auto III: The Definitive Edition,0.001,39,false
twitch,2026-09-29,Ghosts 'n Goblins Resurrection,0.001,5,false
twitch,2026-09-29,Fire Emblem: Path of Radiance,0.001,15,false
twitch,2026-09-29,Super Mario Bros. Wonder,0.001,19,false
twitch,2026-09-29,The Dark Pictures Anthology: The Devil in Me,0.001,23,false
twitch,2026-09-29,Bleach: Brave Souls,0.001,23,false
twitch,2026-09-29,Animal Crossing,0.001,10,false
twitch,2026-09-29,Dragonheir: Silent Gods,0.001,16,false
twitch,2026-09-29,Street Fighter III: 3rd Strike,0.001,20,false
twitch,2026-09-29,Mega Man X Regenesis,0.001,9,false
twitch,2026-09-29,BioShock 2,0.001,14,false
twitch,2026-09-29,Wolfenstein: The New Order,0.001,27,false
twitch,2026-09-29,Echoes of Aincrad,0.001,41,false
twitch,2026-09-29,Kingdom Hearts,0.001,18,false
twitch,2026-09-29,Hatsune Miku: Project DIVA Mega Mix+,0.001,31,false
twitch,2026-09-29,Bus Bound,0.001,9,false
twitch,2026-09-29,Life is Strange: Before the Storm,0.001,22,false
twitch,2026-09-29,Realm Royale Reforged,0.001,12,false
twitch,2026-09-29,Gears of War: E-Day,0.001,25,false
twitch,2026-09-29,Backrooms: Code Yellow,0.001,23,false
twitch,2026-09-29,Tomb Raider II,0.001,5,false
twitch,2026-09-29,Captain Tsubasa II: World Fighters,0.001,23,false
twitch,2026-09-29,Dead Space,0.001,59,false
twitch,2026-09-29,Age of Empires,0.001,22,false
twitch,2026-09-29,Devil May Cry 4: Special Edition,0.001,34,false
twitch,2026-09-29,Eden Crafters,0.001,6,false
twitch,2026-09-29,Halo: Reach,0.001,19,false
twitch,2026-09-29,Pokémon Red Version,0.001,21,false
twitch,2026-09-29,Counter-Strike: Source,0.001,19,false
twitch,2026-09-29,Ranch Simulator,0.001,24,false
twitch,2026-09-29,Holdfast: Nations At War,0.001,30,false
twitch,2026-09-29,High Times,0.001,5,false
twitch,2026-09-29,Sonic The Hedgehog,0.001,14,false
twitch,2026-09-29,Space Station 14,0.001,8,false
twitch,2026-09-29,Zombie Army 4: Dead War,0.001,39,false
twitch,2026-09-29,Ghost Exile,0.001,10,false
twitch,2026-09-29,Killer Klowns from Outer Space: The Game,0.001,16,false
twitch,2026-09-29,Riichi City,0.001,12,false
twitch,2026-09-29,Train Simulator Classic,0.001,6,false
twitch,2026-09-29,Space Station 13,0.001,5,false
twitch,2026-09-29,The Witness,0.001,12,false
twitch,2026-09-29,Coffee Talk: Episode 2 - Hibiscus & Butterfly,0.001,6,false
twitch,2026-09-29,High on Life 2,0.001,41,false
twitch,2026-09-29,Dive or Die: Children of Rain,0.001,11,false
twitch,2026-09-29,Sonic Origins,0.001,17,false
twitch,2026-09-29,Max Payne 2: The Fall of Max Payne,0.001,8,false
twitch,2026-09-29,The Walking Dead: The Telltale Definitive Series - Protector Pack,0.001,26,false
twitch,2026-09-29,LEGO The Lord of the Rings,0.001,12,false
twitch,2026-09-29,Prominence Poker,0.001,43,false
twitch,2026-09-29,Sonic the Hedgehog 2,0.001,5,false
twitch,2026-09-29,Spyro: Year of the Dragon,0.001,9,false
twitch,2026-09-29,Donkey Kong Country 2: Diddy's Kong-Quest,0.001,15,false
twitch,2026-09-29,Monster Hunter Freedom Unite,0.001,9,false
twitch,2026-09-29,Starsand Island,0.001,20,false
twitch,2026-09-29,Resident Evil Code: Veronica,0.001,8,false
twitch,2026-09-29,Farm Frenzy,0.001,5,false
twitch,2026-09-29,Retro Arcade Shop Simulator,0.001,10,false
twitch,2026-09-29,Coffee Talk,0.001,12,false
twitch,2026-09-29,Corsair Cove,0.001,7,false
twitch,2026-09-29,The Seven Deadly Sins: Grand Cross,0.001,15,false
twitch,2026-09-29,Dungeon Settlers,0.001,7,false
twitch,2026-09-29,The Four Kings Casino and Slots,0.001,5,false
twitch,2026-09-29,Star Wars: Knights of the Old Republic II - The Sith Lords,0.001,10,false
twitch,2026-09-29,Dark Hours,0.000,44,false
twitch,2026-09-29,BLEACH Rebirth of Souls,0.000,52,false
twitch,2026-09-29,Jade Empire,0.000,7,false
twitch,2026-09-29,DRAGON QUEST VII Reimagined,0.000,23,false
twitch,2026-09-29,Dead Space (2008),0.000,18,false
twitch,2026-09-29,Uncharted 2: Among Thieves,0.000,18,false
twitch,2026-09-29,Scam Line,0.000,14,false
twitch,2026-09-29,Mortal Kombat: Legacy Kollection,0.000,15,false
twitch,2026-09-29,The Legend of Zelda: Oracle of Ages,0.000,11,false
twitch,2026-09-29,Tales of Graces f Remastered,0.000,18,false
twitch,2026-09-29,Don’t Sleep with the Fishes,0.000,7,false
twitch,2026-09-29,Monster Hunter 4 Ultimate,0.000,14,false
twitch,2026-09-29,Potion Craft,0.000,20,false
twitch,2026-09-29,Seafarer: The Ship Sim,0.000,25,false
twitch,2026-09-29,Life is Strange: Reunion,0.000,28,false
twitch,2026-09-29,Ring Fit Adventure,0.000,18,false
twitch,2026-09-29,Super Mario RPG: Legend of the Seven Stars,0.000,8,false
twitch,2026-09-29,SPLITGATE: Arena Reloaded,0.000,14,false
twitch,2026-09-29,Minecraft: Story Mode,0.000,22,false
twitch,2026-09-29,Coffee Talk: Tokyo,0.000,8,false
twitch,2026-09-29,New Pokémon Snap,0.000,5,false
twitch,2026-09-29,Into the Dead: Our Darkest Days,0.000,15,false
twitch,2026-09-29,Cash Cleaner Simulator,0.000,17,false
twitch,2026-09-29,Contraband Police,0.000,17,false
twitch,2026-09-29,Atomfall,0.000,19,false
twitch,2026-09-29,F1 Manager 2024,0.000,20,false
twitch,2026-09-29,Sorare,0.000,9,false
twitch,2026-09-29,Super Street Fighter II Turbo,0.000,7,false
twitch,2026-09-29,Critical Ops,0.000,8,false
twitch,2026-09-29,Sonic and the Secret Rings,0.000,10,false
twitch,2026-09-29,Quake,0.000,23,false
twitch,2026-09-29,Fire Pro Wrestling World,0.000,11,false
twitch,2026-09-29,Kingdom Hearts 358/2 Days,0.000,14,false
twitch,2026-09-29,Crimson Moon,0.000,21,false
twitch,2026-09-29,DEAD OR ALIVE 6 Last Round,0.000,23,false
twitch,2026-09-29,Wii Sports,0.000,12,false
twitch,2026-09-29,Ragnarok: The New World,0.000,18,false
twitch,2026-09-29,MLB The Show 24,0.000,27,false
twitch,2026-09-29,Dungeon Fighter Online,0.000,11,false
twitch,2026-09-29,Mega Man X,0.000,17,false
twitch,2026-09-29,Call of Duty: Black Ops - Zombies,0.000,12,false
twitch,2026-09-29,Happy's Humble Burger Farm,0.000,13,false
twitch,2026-09-29,Dead Island,0.000,11,false
twitch,2026-09-29,The Lord of the Rings: The Third Age,0.000,6,false
twitch,2026-09-29,TORMENTED SOULS II,0.000,9,false
twitch,2026-09-29,Blazing Sails,0.000,5,false
twitch,2026-09-29,Monster Hunter Frontier G,0.000,11,false
twitch,2026-09-29,Session: Skate Sim,0.000,13,false
twitch,2026-09-29,Fast Food Simulator,0.000,19,false
twitch,2026-09-29,Star Stable,0.000,25,false
twitch,2026-09-29,Wolfenstein II: The New Colossus,0.000,18,false
twitch,2026-09-29,Call of the Sea,0.000,5,false
twitch,2026-09-29,RPG Maker,0.000,9,false
twitch,2026-09-29,Luma Island,0.000,10,false
twitch,2026-09-29,WGT Golf,0.000,30,false
twitch,2026-09-29,POOLS,0.000,5,false
twitch,2026-09-29,Super Mario World 2: Yoshi's Island,0.000,12,false
twitch,2026-09-29,EA Sports College Football 25,0.000,86,false
twitch,2026-09-29,Halo 3,0.000,17,false
twitch,2026-09-29,Tom Clancy's Rainbow Six,0.000,37,false
twitch,2026-09-29,Batman: The Telltale Series,0.000,22,false
twitch,2026-09-29,Mortal Shell,0.000,19,false
twitch,2026-09-29,Gakuen iDOLM@STER,0.000,10,false
twitch,2026-09-29,Watch Party,0.000,12,false
twitch,2026-09-29,Command & Conquer 3: Tiberium Wars,0.000,6,false
twitch,2026-09-29,Half-Life: Alyx,0.000,9,false
twitch,2026-09-29,My Voice Zoo,0.000,8,false
twitch,2026-09-29,Five Nights at Freddy's 2,0.000,17,false
twitch,2026-09-29,Star Wars: Empire at War,0.000,9,false
twitch,2026-09-29,Project Wingman,0.000,14,false
twitch,2026-09-29,DOOM³,0.000,8,false
twitch,2026-09-29,Vampire Crawlers: The Turbo Wildcard from Vampire Survivors,0.000,9,false
twitch,2026-09-29,Tom Clancy's Splinter Cell: Chaos Theory,0.000,9,false
twitch,2026-09-29,L.A. Noire,0.000,21,false
twitch,2026-09-29,The Lord of the Rings: The Battle for Middle-earth,0.000,8,false
twitch,2026-09-29,Lineage 2M,0.000,8,false
twitch,2026-09-29,Mandragora: Whispers of the Witch Tree,0.000,8,false
twitch,2026-09-29,Just Dance,0.000,6,false
twitch,2026-09-29,Persona 5 Strikers,0.000,10,false
twitch,2026-09-29,Star Trucker,0.000,10,false
twitch,2026-09-29,The Battle Cats,0.000,20,false
twitch,2026-09-29,inKONBINI: One Store. Many Stories,0.000,17,false
twitch,2026-09-29,Sonic Adventure,0.000,10,false
twitch,2026-09-29,Dungeon Defenders II,0.000,10,false
twitch,2026-09-29,F-Zero 99,0.000,9,false
twitch,2026-09-29,Insurgency: Sandstorm,0.000,74,false
twitch,2026-09-29,Ni no Kuni: Wrath of the White Witch Remastered,0.000,13,false
twitch,2026-09-29,CRSED: F.O.A.D.,0.000,12,false
twitch,2026-09-29,The Outer Worlds: Spacer's Choice Edition,0.000,12,false
twitch,2026-09-29,The Sinking City Remastered,0.000,13,false
twitch,2026-09-29,Grand Theft Auto Advance,0.000,15,false
twitch,2026-09-29,Really Illegal Golf,0.000,6,false
twitch,2026-09-29,SAROS,0.000,32,false
twitch,2026-09-29,One Piece: Fighting Path,0.000,7,false
twitch,2026-09-29,Yet Another Zombie Survivors,0.000,17,false
twitch,2026-09-29,s&box,0.000,5,false
twitch,2026-09-29,SWORD ART ONLINE Fractured Daydream,0.000,13,false
twitch,2026-09-29,Silent Hill: The Short Message,0.000,27,false
twitch,2026-09-29,Stone Simulator,0.000,5,false
twitch,2026-09-29,Shine Post: Be Your Idol!,0.000,6,false
twitch,2026-09-29,Titan Quest II,0.000,12,false
twitch,2026-09-29,Human Fall Flat 2,0.000,10,false
twitch,2026-09-29,Doom,0.000,23,false
twitch,2026-09-29,The Sinking City,0.000,14,false
twitch,2026-09-29,Don't Panic! It Is Just Turbulence,0.000,9,false
twitch,2026-09-29,Animal Crossing: New Leaf,0.000,5,false
twitch,2026-09-29,"20 More, Somehow Even Smaller, Mazes",0.000,6,false
twitch,2026-09-29,Dungeon Clawler,0.000,6,false
twitch,2026-09-29,Mortal Kombat,0.000,16,false
twitch,2026-09-29,Kingdom Hearts 3D: Dream Drop Distance,0.000,5,false
twitch,2026-09-29,Mongil: Star Dive,0.000,16,false
twitch,2026-09-29,CookieRun: Kingdom,0.000,10,false
twitch,2026-09-29,Skill Legends Royale,0.000,11,false
twitch,2026-09-29,Click the Button,0.000,7,false
twitch,2026-09-29,Dokapon Kingdom: Connect,0.000,9,false
twitch,2026-09-29,Iron Blight,0.000,8,false
twitch,2026-09-29,Garden of Witches,0.000,6,false
twitch,2026-09-29,RollerCoaster Tycoon 2,0.000,7,false
twitch,2026-09-29,Metalstorm,0.000,20,false
twitch,2026-09-29,Halo Wars,0.000,16,false
twitch,2026-09-29,SimCity,0.000,7,false
twitch,2026-09-29,Grandpa High on Retro,0.000,6,false
twitch,2026-09-29,MapleStory N,0.000,6,false
twitch,2026-09-29,Tactics Ogre: Reborn,0.000,8,false
twitch,2026-09-29,Streets of Rage 2,0.000,6,false
twitch,2026-09-29,Anime Music Quiz,0.000,7,false
twitch,2026-09-29,Hitman 2: Silent Assassin,0.000,11,false
twitch,2026-09-29,The Witcher: Enhanced Edition Director's Cut,0.000,5,false
twitch,2026-09-29,Cast n Chill,0.000,5,false
twitch,2026-09-29,Blood Dungeon,0.000,10,false
twitch,2026-09-29,Soul Chained,0.000,8,false
twitch,2026-09-29,The Lord of the Rings: War in the North - Legacy Edition,0.000,11,false
twitch,2026-09-29,Mount & Blade: Warband,0.000,11,false
twitch,2026-09-29,Alone in the Dark,0.000,6,false
twitch,2026-09-29,Far Cry,0.000,8,false
twitch,2026-09-29,Monster Hunter Stories,0.000,11,false
twitch,2026-09-29,The Legend of Zelda: Majora's Mask 3D,0.000,9,false
twitch,2026-09-29,Metal Gear Solid: The Twin Snakes,0.000,5,false
twitch,2026-09-29,Suicide Squad: Kill the Justice League,0.000,27,false
twitch,2026-09-29,Tingus Goose,0.000,7,false
twitch,2026-09-29,Romancing SaGa 3,0.000,5,false
twitch,2026-09-29,Super Auto Pets,0.000,9,false
twitch,2026-09-29,Halo 4,0.000,6,false
twitch,2026-09-29,Among Us 3D: VR,0.000,7,false
twitch,2026-09-29,The Lord of the Rings: Gollum,0.000,6,false
twitch,2026-09-29,Call of the Elder Gods,0.000,7,false
twitch,2026-09-29,Fallout: A Post Nuclear Role Playing Game,0.000,9,false
twitch,2026-09-29,Super Mega Baseball 4,0.000,16,false
twitch,2026-09-29,Religious Idle,0.000,6,false
twitch,2026-09-29,New Super Mario Bros. U Deluxe,0.000,8,false
twitch,2026-09-29,Mortal Kombat XL,0.000,40,false
twitch,2026-09-29,Transformers: Fall of Cybertron,0.000,5,false
twitch,2026-09-29,Powerful Pro Yakyuu 2026-2027,0.000,7,false
twitch,2026-09-29,The Witcher 2: Assassins of Kings - Enhanced Edition,0.000,11,false
twitch,2026-09-29,Ratchet & Clank,0.000,22,false
twitch,2026-09-29,Silent Hill: Origins,0.000,10,false
twitch,2026-09-29,Monster Hunter Stories 2: Wings of Ruin,0.000,12,false
twitch,2026-09-29,Grand Theft Auto: Chinatown Wars,0.000,6,false
twitch,2026-09-29,Fallout 4: Anniversary Edition,0.000,6,false
twitch,2026-09-29,Mario Tennis Fever,0.000,7,false
twitch,2026-09-29,SD Gundam G Generation Eternal,0.000,9,false
twitch,2026-09-29,Ultimate Chicken Horse,0.000,11,false
twitch,2026-09-29,The Lord of the Rings: War in the North,0.000,13,false
twitch,2026-09-29,Football Manager 2024,0.000,8,false
twitch,2026-09-29,Scarlet Hollow,0.000,7,false
twitch,2026-09-29,Pool Blitz,0.000,29,false
twitch,2026-09-29,Metro 2033,0.000,9,false
twitch,2026-09-29,Legend of Mortal,0.000,5,false
twitch,2026-09-29,Star Ocean: The Second Story R,0.000,9,false
twitch,2026-09-29,Nuclear Option,0.000,11,false
twitch,2026-09-29,Star Wars Galaxies: An Empire Divided,0.000,5,false
twitch,2026-09-29,Just Shapes & Beats,0.000,9,false
twitch,2026-09-29,Final Fantasy V,0.000,7,false
twitch,2026-09-29,Warcraft: Orcs & Humans,0.000,5,false
twitch,2026-09-29,OpenTTD,0.000,6,false
twitch,2026-09-29,Forest Escape: Last Train,0.000,7,false
twitch,2026-09-29,Need for Speed: ProStreet,0.000,8,false
twitch,2026-09-29,Just Cause 4,0.000,12,false
twitch,2026-09-29,Sonic Mania,0.000,16,false
twitch,2026-09-29,Blade & Sorcery,0.000,8,false
twitch,2026-09-29,.hack//G.U. Vol. 1: Rebirth,0.000,5,false
twitch,2026-09-29,Warcraft I: Remastered,0.000,5,false
twitch,2026-09-29,Wrestling Empire,0.000,7,false
twitch,2026-09-29,Retro Game Challenge,0.000,7,false
twitch,2026-09-29,The Hollowing,0.000,5,false
twitch,2026-09-29,PGA TOUR 2K23,0.000,5,false
twitch,2026-09-29,Super Mario 3D World,0.000,9,false
twitch,2026-09-29,Mario Golf: Toadstool Tour,0.000,7,false
twitch,2026-09-29,VALORANT Mobile,0.000,16,false
twitch,2026-09-29,Grand Theft Auto: Liberty City Stories,0.000,9,false
twitch,2026-09-29,Oxide: Survival Island,0.000,24,false
twitch,2026-09-29,Yunyun Syndrome!?: Rhythm Psychosis,0.000,8,false
twitch,2026-09-29,Thronebreaker: The Witcher Tales,0.000,7,false
twitch,2026-09-29,Zombie Army Trilogy,0.000,8,false
twitch,2026-09-29,The Sims,0.000,9,false
twitch,2026-09-29,Winning Eleven: Pro Evolution Soccer 2007,0.000,12,false
twitch,2026-09-29,MLB The Show 23,0.000,8,false
twitch,2026-09-29,Robox,0.000,9,false
twitch,2026-09-29,Euro Truck Simulator,0.000,10,false
twitch,2026-09-29,Farm Simulator 2025,0.000,5,false
twitch,2026-09-29,Little Rocket Lab,0.000,5,false
twitch,2026-09-29,Hospital 666,0.000,5,false
twitch,2026-09-29,Fallout Shelter,0.000,15,false
twitch,2026-09-29,Rocket League Sideswipe,0.000,19,false
twitch,2026-09-29,Rhythia,0.000,6,false
twitch,2026-09-29,Plants vs. Zombies: Replanted,0.000,8,false
twitch,2026-09-29,The Legend of Zelda: Link's Awakening,0.000,5,false
twitch,2026-09-29,Talk To Me,0.000,8,false
twitch,2026-09-29,I Am Jesus Christ,0.000,5,false
twitch,2026-09-29,Strikers Club,0.000,8,false
twitch,2026-09-29,Just Cause 2,0.000,7,false
twitch,2026-09-29,The Bus,0.000,13,false
twitch,2026-09-29,Rugby League 26,0.000,12,false
twitch,2026-09-29,Nickelodeon All-Star Brawl 2,0.000,6,false
twitch,2026-09-29,Plants vs. Zombies: Battle for Neighborville,0.000,11,false
twitch,2026-09-29,Visions of Mana,0.000,6,false
twitch,2026-09-29,FPS Chess,0.000,10,false
twitch,2026-09-29,A.A.U. Black Site,0.000,6,false
twitch,2026-09-29,Dofus Retro,0.000,6,false
twitch,2026-09-29,Lotsa Slots,0.000,6,false
twitch,2026-09-29,Can I Come In?,0.000,7,false
twitch,2026-09-29,Tekken 7,0.000,10,false
twitch,2026-09-29,FNaF World,0.000,7,false
twitch,2026-09-29,Just Cause 3,0.000,11,false
twitch,2026-09-29,Sword of the Sea,0.000,5,false
twitch,2026-09-29,Metal Gear Solid V: Ground Zeroes,0.000,7,false
twitch,2026-09-29,Pixel Gun 3D,0.000,5,false
twitch,2026-09-29,Among the Sleep,0.000,6,false
twitch,2026-09-29,DOOM 64,0.000,5,false
twitch,2026-09-29,Halo 2: Anniversary,0.000,5,false
twitch,2026-09-29,Captain Tsubasa: Rise of New Champions,0.000,5,false
twitch,2026-09-29,Trials of Mana,0.000,6,false
twitch,2026-09-29,Destiny: Rising,0.000,5,false
twitch,2026-09-29,Train Sim World 6,0.000,13,false
twitch,2026-09-29,Pokkén Tournament DX,0.000,7,false
twitch,2026-09-29,Doom 3,0.000,5,false
twitch,2026-09-29,Nazi Zombies,0.000,5,false
twitch,2026-09-29,Animal Company,0.000,9,false
twitch,2026-09-29,Sword Art Online: Fatal Bullet,0.000,6,false
twitch,2026-09-29,EZ2ON REBOOT : R,0.000,5,false
twitch,2026-09-29,Apex Legends Mobile,0.000,5,false
twitch,2026-09-29,BMX Streets,0.000,10,false
twitch,2026-09-29,NBA 2K24,0.000,11,false
twitch,2026-09-29,Music Maker,0.000,5,false
twitch,2026-09-29,Pro Evolution Soccer,0.000,9,false
twitch,2026-09-29,JoJo’s Bizarre Adventure: All-Star Battle R,0.000,8,false
twitch,2026-09-29,Sly 2: Band of Thieves,0.000,8,false
twitch,2026-09-29,Plants vs. Zombies: Garden Warfare,0.000,9,false
twitch,2026-09-29,Bus Simulator,0.000,6,false
twitch,2026-09-29,FIFA 14,0.000,5,false
twitch,2026-09-29,Grand Theft Auto 2,0.000,5,false
twitch,2026-09-29,Alaskan Road Truckers,0.000,6,false
twitch,2026-09-29,City Car Driving,0.000,5,false
twitch,2026-09-29,The Walking Dead: Destinies,0.000,6,false
twitch,2026-09-29,(other: 652 categories with fewer than 5 channels),0.145,,false
twitch,2026-09-30,Just Chatting,9.236,351,false
twitch,2026-09-30,Grand Theft Auto V,6.540,215,false
twitch,2026-09-30,AION 2,4.352,218,false
twitch,2026-09-30,VALORANT,3.861,235,false
twitch,2026-09-30,Dota 2,3.750,208,false
twitch,2026-09-30,League of Legends,3.467,196,false
twitch,2026-09-30,IRL,3.305,221,false
twitch,2026-09-30,World of Warcraft,3.179,172,false
twitch,2026-09-30,Apex Legends,3.004,221,false
twitch,2026-09-30,EA Sports FC 27,2.425,228,false
twitch,2026-09-30,Rust,2.121,126,false
twitch,2026-09-30,Counter-Strike,1.909,331,false
twitch,2026-09-30,Deadlock,1.827,186,false
twitch,2026-09-30,The Witcher 3: Wild Hunt Remastered,1.598,181,false
twitch,2026-09-30,Fortnite,1.495,279,false
twitch,2026-09-30,WARDOGS,1.482,220,false
twitch,2026-09-30,Minecraft Dungeons II,1.443,210,false
twitch,2026-09-30,Minecraft,1.326,301,false
twitch,2026-09-30,Slots,1.210,229,true
twitch,2026-09-30,Teamfight Tactics,1.079,190,false
twitch,2026-09-30,Rainbow Six Siege,1.039,287,false
twitch,2026-09-30,Escape from Tarkov,0.972,211,false
twitch,2026-09-30,Always On,0.851,76,false
twitch,2026-09-30,Valheim,0.769,219,false
twitch,2026-09-30,Call of Duty: Warzone,0.745,210,false
twitch,2026-09-30,Hearthstone,0.723,230,false
twitch,2026-09-30,Sports,0.716,278,false
twitch,2026-09-30,Grand Theft Auto: San Andreas,0.711,343,false
twitch,2026-09-30,World of Tanks,0.685,238,false
twitch,2026-09-30,ASMR,0.682,233,false
twitch,2026-09-30,The Witcher 3: Wild Hunt,0.650,239,false
twitch,2026-09-30,Overwatch,0.629,245,false
twitch,2026-09-30,Tibia,0.620,165,false
twitch,2026-09-30,Heroes of the Storm,0.617,206,false
twitch,2026-09-30,Dead by Daylight,0.605,264,false
twitch,2026-09-30,SILENT HILL: townfall,0.563,277,false
twitch,2026-09-30,Marvel Rivals,0.525,234,false
twitch,2026-09-30,Games + Demos,0.510,443,false
twitch,2026-09-30,Special Events,0.505,193,false
twitch,2026-09-30,Rocket League,0.476,375,false
twitch,2026-09-30,Z1: Battle Royale,0.468,260,false
twitch,2026-09-30,ROBLOX,0.448,520,false
twitch,2026-09-30,I'm Only Sleeping,0.446,153,false
twitch,2026-09-30,Aniimo,0.397,240,false
twitch,2026-09-30,Music,0.396,302,false
twitch,2026-09-30,CONTROL Resonant,0.391,215,false
twitch,2026-09-30,Retro,0.383,214,false
twitch,2026-09-30,NBA 2K27,0.381,170,false
twitch,2026-09-30,ARC Raiders,0.374,204,false
twitch,2026-09-30,DJs,0.355,295,false
twitch,2026-09-30,Palia,0.354,188,false
twitch,2026-09-30,PUBG: BATTLEGROUNDS,0.352,282,false
twitch,2026-09-30,NTE: Neverness to Everness,0.352,306,false
twitch,2026-09-30,Arena Breakout: Infinite,0.345,186,false
twitch,2026-09-30,Albion Online,0.340,180,false
twitch,2026-09-30,ELDEN RING,0.318,235,false
twitch,2026-09-30,ACE COMBAT 8: WINGS OF THEVE,0.309,205,false
twitch,2026-09-30,"Animals, Aquariums, and Zoos",0.309,50,false
twitch,2026-09-30,Black Desert,0.296,171,false
twitch,2026-09-30,Street Fighter 6,0.294,335,false
twitch,2026-09-30,DayZ,0.279,249,false
twitch,2026-09-30,Genshin Impact,0.277,274,false
twitch,2026-09-30,Magic: The Gathering,0.275,242,false
twitch,2026-09-30,Delta Force,0.270,236,false
twitch,2026-09-30,"Pools, Hot Tubs, and Beaches",0.270,147,false
twitch,2026-09-30,Pokémon FireRed/LeafGreen,0.269,255,false
twitch,2026-09-30,Total War: WARHAMMER III,0.266,230,false
twitch,2026-09-30,Fire Emblem: Fortune's Weave,0.265,232,false
twitch,2026-09-30,Crypto,0.261,157,false
twitch,2026-09-30,Old School RuneScape,0.257,242,false
twitch,2026-09-30,Art,0.257,317,false
twitch,2026-09-30,Talk Shows & Podcasts,0.256,304,false
twitch,2026-09-30,Heroes of Might and Magic III: The Restoration of Erathia,0.252,122,false
twitch,2026-09-30,VRChat,0.235,320,false
twitch,2026-09-30,Virtual Casino,0.235,109,true
twitch,2026-09-30,Graveyard Keeper II,0.218,289,false
twitch,2026-09-30,Warframe,0.214,232,false
twitch,2026-09-30,Poker,0.213,215,true
twitch,2026-09-30,Project Zomboid,0.209,238,false
twitch,2026-09-30,Diablo IV,0.200,216,false
twitch,2026-09-30,FINAL FANTASY XIV ONLINE,0.194,282,false
twitch,2026-09-30,Watch Your Plastic Duck,0.176,10,false
twitch,2026-09-30,Terraria,0.175,369,false
twitch,2026-09-30,Clash Royale,0.168,410,false
twitch,2026-09-30,Madden NFL 27,0.167,370,false
twitch,2026-09-30,Mobile Legends: Bang Bang,0.165,271,false
twitch,2026-09-30,Marbles on Stream,0.165,272,false
twitch,2026-09-30,Halloween: The Game,0.163,335,false
twitch,2026-09-30,Slay the Spire II,0.152,375,false
twitch,2026-09-30,Chess,0.151,352,false
twitch,2026-09-30,Red Dead Redemption II,0.151,319,false
twitch,2026-09-30,Destiny 2,0.148,184,false
twitch,2026-09-30,Age of Empires II,0.142,265,false
twitch,2026-09-30,MARVEL SNAP,0.139,136,false
twitch,2026-09-30,Star Citizen,0.139,194,false
twitch,2026-09-30,Hunt: Showdown 1896,0.139,285,false
twitch,2026-09-30,Tom Clancy's The Division 2,0.129,236,false
twitch,2026-09-30,The Blood of Dawnwalker,0.128,259,false
twitch,2026-09-30,Honkai: Star Rail,0.125,367,false
twitch,2026-09-30,Fall Guys,0.123,412,false
twitch,2026-09-30,Software and Game Development,0.121,250,false
twitch,2026-09-30,Sea of Thieves,0.118,230,false
twitch,2026-09-30,Path of Exile 2,0.114,172,false
twitch,2026-09-30,Trackmania,0.113,176,false
twitch,2026-09-30,DRAGON QUEST VII Reimagined,0.112,25,false
twitch,2026-09-30,TEKKEN 8,0.111,331,false
twitch,2026-09-30,Food & Drink,0.108,186,false
twitch,2026-09-30,Pokémon Champions,0.107,334,false
twitch,2026-09-30,Call of Duty: Black Ops 7,0.106,312,false
twitch,2026-09-30,The Binding of Isaac: Repentance,0.103,384,false
twitch,2026-09-30,MARVEL TŌKON: Fighting Souls,0.102,214,false
twitch,2026-09-30,Among Us,0.099,424,false
twitch,2026-09-30,The Isle,0.097,263,false
twitch,2026-09-30,Super Mario 64,0.097,237,false
twitch,2026-09-30,Co-working & Studying,0.096,235,false
twitch,2026-09-30,RuneScape: Dragonwilds,0.095,298,false
twitch,2026-09-30,Phasmophobia,0.095,368,false
twitch,2026-09-30,Warcraft III,0.092,249,false
twitch,2026-09-30,Zenless Zone Zero,0.091,456,false
twitch,2026-09-30,iRacing,0.091,308,false
twitch,2026-09-30,STALZONE,0.088,237,false
twitch,2026-09-30,Knight Online,0.088,154,false
twitch,2026-09-30,SMITE 2,0.088,256,false
twitch,2026-09-30,Lethal Company,0.086,281,false
twitch,2026-09-30,MapleStory,0.086,193,false
twitch,2026-09-30,Pokémon Trading Card Game,0.086,222,false
twitch,2026-09-30,Battlefield 6,0.086,329,false
twitch,2026-09-30,RuneScape,0.084,160,false
twitch,2026-09-30,Yu-Gi-Oh! Master Duel,0.083,338,false
twitch,2026-09-30,Eternal Return,0.083,165,false
twitch,2026-09-30,nanos world,0.083,84,false
twitch,2026-09-30,MLB The Show 26,0.082,379,false
twitch,2026-09-30,Dark Souls: Remastered,0.082,318,false
twitch,2026-09-30,Dofus,0.082,188,false
twitch,2026-09-30,Grand Theft Auto IV,0.079,303,false
twitch,2026-09-30,DARK SOULS III,0.079,322,false
twitch,2026-09-30,Pokémon HeartGold/SoulSilver,0.078,125,false
twitch,2026-09-30,BOMBANANA!,0.077,325,false
twitch,2026-09-30,Pokémon,0.075,232,false
twitch,2026-09-30,League of Legends: Wild Rift,0.074,258,false
twitch,2026-09-30,EVE Online,0.074,112,false
twitch,2026-09-30,Shiren the Wanderer: The Mystery Dungeon of Serpentcoil Island,0.072,43,false
twitch,2026-09-30,Guild Wars 2,0.069,246,false
twitch,2026-09-30,Pokémon GO,0.067,195,false
twitch,2026-09-30,American Truck Simulator,0.066,325,false
twitch,2026-09-30,The Elder Scrolls V: Skyrim - Special Edition,0.063,234,false
twitch,2026-09-30,POOL LOOP,0.063,8,false
twitch,2026-09-30,Brawl Stars,0.063,464,false
twitch,2026-09-30,Dungeons & Dragons,0.063,224,false
twitch,2026-09-30,Geometry Dash,0.062,504,false
twitch,2026-09-30,The Elder Scrolls Online,0.062,279,false
twitch,2026-09-30,Mortal Shell II,0.062,286,false
twitch,2026-09-30,PEAK,0.061,435,false
twitch,2026-09-30,Rise Online,0.061,66,false
twitch,2026-09-30,MECCHA CHAMELEON,0.061,341,false
twitch,2026-09-30,Fears to Fathom - Scratch Creek,0.060,46,false
twitch,2026-09-30,The Sims 4,0.058,317,false
twitch,2026-09-30,Call of Duty: Black Ops II,0.058,436,false
twitch,2026-09-30,Where Winds Meet,0.057,261,false
twitch,2026-09-30,RESIDENT EVIL: requiem,0.056,367,false
twitch,2026-09-30,Kingdom Hearts HD 1.5 + 2.5 ReMIX,0.056,321,false
twitch,2026-09-30,Persona 5 Royal,0.056,250,false
twitch,2026-09-30,Dark and Darker,0.055,196,false
twitch,2026-09-30,EA Sports FC 26,0.055,343,false
twitch,2026-09-30,Pokémon Community Game,0.054,126,false
twitch,2026-09-30,Super Mario Maker 2,0.054,131,false
twitch,2026-09-30,Diablo II: Resurrected,0.054,203,false
twitch,2026-09-30,Big Walk,0.053,326,false
twitch,2026-09-30,Once Human,0.053,276,false
twitch,2026-09-30,Baldur's Gate 3,0.053,342,false
twitch,2026-09-30,Portal 2,0.053,102,false
twitch,2026-09-30,ARK: Survival Ascended,0.053,269,false
twitch,2026-09-30,Euro Truck Simulator 2,0.051,369,false
twitch,2026-09-30,Clair Obscur: Expedition 33,0.051,315,false
twitch,2026-09-30,ELDEN RING NIGHTREIGN,0.050,305,false
twitch,2026-09-30,Control,0.050,254,false
twitch,2026-09-30,FTL: Faster Than Light,0.050,24,false
twitch,2026-09-30,Farming Simulator 25,0.049,315,false
twitch,2026-09-30,Happy Wheels,0.048,130,false
twitch,2026-09-30,Shadowverse: Worlds Beyond,0.048,147,false
twitch,2026-09-30,Le Mans Ultimate,0.048,269,false
twitch,2026-09-30,Shakes and Fidget,0.048,33,false
twitch,2026-09-30,HELLDIVERS 2,0.047,366,false
twitch,2026-09-30,Stardew Valley,0.047,369,false
twitch,2026-09-30,Dune: Awakening,0.046,304,false
twitch,2026-09-30,War Thunder,0.045,389,false
twitch,2026-09-30,RimWorld,0.045,202,false
twitch,2026-09-30,Makers & Crafting,0.045,284,false
twitch,2026-09-30,The Legend of Zelda: Majora's Mask,0.045,172,false
twitch,2026-09-30,Balatro,0.045,234,false
twitch,2026-09-30,Resident Evil Village,0.044,365,false
twitch,2026-09-30,How to Fish,0.044,438,false
twitch,2026-09-30,Microsoft Flight Simulator 2024,0.043,279,false
twitch,2026-09-30,Football Manager 26,0.043,153,false
twitch,2026-09-30,Darkest Dungeon,0.043,86,false
twitch,2026-09-30,Hollow Knight: Silksong,0.042,331,false
twitch,2026-09-30,THE FINALS,0.041,360,false
twitch,2026-09-30,FINAL FANTASY VII,0.041,102,false
twitch,2026-09-30,Pummel Party,0.041,50,false
twitch,2026-09-30,R.E.P.O.,0.041,473,false
twitch,2026-09-30,Super Smash Bros. Ultimate,0.041,343,false
twitch,2026-09-30,F1 25,0.040,516,false
twitch,2026-09-30,Heroes of Might & Magic: Olden Era,0.040,51,false
twitch,2026-09-30,Halo Infinite,0.040,297,false
twitch,2026-09-30,Animal Crossing: New Horizons,0.039,168,false
twitch,2026-09-30,Path of Exile,0.039,166,false
twitch,2026-09-30,DARK SOULS II: Scholar of the First Sin,0.039,281,false
twitch,2026-09-30,GeoGuessr,0.039,355,false
twitch,2026-09-30,Hollow Knight,0.038,359,false
twitch,2026-09-30,TCG Card Shop Simulator,0.037,317,false
twitch,2026-09-30,Politics,0.037,133,false
twitch,2026-09-30,Lost Ark,0.037,159,false
twitch,2026-09-30,Super Smash Bros. Melee,0.037,149,false
twitch,2026-09-30,Lies of P,0.037,280,false
twitch,2026-09-30,Tomodachi Life: Living the Dream,0.036,241,false
twitch,2026-09-30,Palworld,0.035,350,false
twitch,2026-09-30,Miniatures & Models,0.035,246,false
twitch,2026-09-30,Super Mario Odyssey,0.034,107,false
twitch,2026-09-30,Grounded,0.034,208,false
twitch,2026-09-30,Fallout 76,0.034,309,false
twitch,2026-09-30,Casino Simulator 2024,0.034,38,false
twitch,2026-09-30,The Bazaar,0.034,50,false
twitch,2026-09-30,osu!,0.034,564,false
twitch,2026-09-30,The Elder Scrolls V: Skyrim,0.033,385,false
twitch,2026-09-30,Golf With Your Friends,0.033,149,false
twitch,2026-09-30,Cyberpunk 2077,0.033,383,false
twitch,2026-09-30,Call of Duty,0.033,515,false
twitch,2026-09-30,The Last of Us Part II Remastered,0.032,369,false
twitch,2026-09-30,Mario Kart 8 Deluxe,0.032,209,false
twitch,2026-09-30,Marathon,0.031,240,false
twitch,2026-09-30,For Honor,0.031,398,false
twitch,2026-09-30,No Man's Sky,0.031,300,false
twitch,2026-09-30,FNaF World,0.031,15,false
twitch,2026-09-30,Star Wars Zero Company,0.031,226,false
twitch,2026-09-30,NARAKA: BLADEPOINT,0.031,193,false
twitch,2026-09-30,Watch_Dogs,0.031,115,false
twitch,2026-09-30,Summoners War: Sky Arena,0.030,64,false
twitch,2026-09-30,The Quarry,0.030,168,false
twitch,2026-09-30,Cities: Skylines II,0.029,48,false
twitch,2026-09-30,Pokémon Pokopia,0.029,229,false
twitch,2026-09-30,Metaphor: ReFantazio,0.029,112,false
twitch,2026-09-30,The Legend of Zelda: A Link to the Past,0.029,181,false
twitch,2026-09-30,Anime Squad,0.029,55,false
twitch,2026-09-30,Jinro Metropolis,0.029,23,false
twitch,2026-09-30,eFootball,0.029,546,false
twitch,2026-09-30,Dark Souls II,0.028,41,false
twitch,2026-09-30,Pokémon UNITE,0.028,246,false
twitch,2026-09-30,Call of Duty: Black Ops,0.028,300,false
twitch,2026-09-30,GRAIN ROT,0.027,98,false
twitch,2026-09-30,Science & Technology,0.027,146,false
twitch,2026-09-30,Super Mario World,0.027,152,false
twitch,2026-09-30,Jackbox Party Packs,0.027,145,false
twitch,2026-09-30,Pokémon X/Y,0.027,40,false
twitch,2026-09-30,EA Sports College Football 27,0.026,783,false
twitch,2026-09-30,Call of Duty: Modern Warfare III,0.026,494,false
twitch,2026-09-30,Halo: The Master Chief Collection,0.026,287,false
twitch,2026-09-30,Super Metroid,0.026,103,false
twitch,2026-09-30,REMATCH,0.025,427,false
twitch,2026-09-30,The Outlast Trials,0.025,395,false
twitch,2026-09-30,Mimic Party,0.025,204,false
twitch,2026-09-30,Left 4 Dead 2,0.025,361,false
twitch,2026-09-30,Dragon Ball Z: Dokkan Battle,0.024,111,false
twitch,2026-09-30,HλLF-LIFE,0.024,53,false
twitch,2026-09-30,Age of Empires IV,0.024,146,false
twitch,2026-09-30,Mario Kart World,0.024,271,false
twitch,2026-09-30,FINAL FANTASY X,0.024,113,false
twitch,2026-09-30,My Hero Ultra Rumble,0.023,280,false
twitch,2026-09-30,Rehaunted,0.023,56,false
twitch,2026-09-30,Forza Horizon 6,0.022,461,false
twitch,2026-09-30,"Warhammer 40,000: Space Marine II",0.022,358,false
twitch,2026-09-30,Fallout 4,0.021,314,false
twitch,2026-09-30,Mistfall Hunter,0.021,174,false
twitch,2026-09-30,Raft,0.021,185,false
twitch,2026-09-30,DRAGON BALL GEKISHIN SQUADRA,0.021,298,false
twitch,2026-09-30,The Legend of Zelda: Tears of the Kingdom,0.021,180,false
twitch,2026-09-30,Warcraft II: Remastered,0.021,5,false
twitch,2026-09-30,SILENT HILL ƒ,0.021,233,false
twitch,2026-09-30,Ready or Not,0.021,416,false
twitch,2026-09-30,Yakuza 0,0.020,27,false
twitch,2026-09-30,Ace Combat Zero: The Belkan War,0.020,54,false
twitch,2026-09-30,Kingdom Come: Deliverance II,0.020,264,false
twitch,2026-09-30,Gartic Phone,0.020,230,false
twitch,2026-09-30,Dead as Disco,0.020,200,false
twitch,2026-09-30,Resident Evil 2,0.020,342,false
twitch,2026-09-30,Lego & Brickbuilding,0.019,109,false
twitch,2026-09-30,A Weird Game About Sausage,0.019,122,false
twitch,2026-09-30,Grand Theft Auto: Vice City Stories,0.019,17,false
twitch,2026-09-30,Deltarune,0.019,271,false
twitch,2026-09-30,Shift at Midnight,0.019,288,false
twitch,2026-09-30,RESIDENT EVIL 7 biohazard,0.019,367,false
twitch,2026-09-30,Pokémon Scarlet/Violet,0.019,140,false
twitch,2026-09-30,FINAL FANTASY XI ONLINE,0.018,91,false
twitch,2026-09-30,The Walking Dead,0.018,151,false
twitch,2026-09-30,God of War Ragnarök,0.018,347,false
twitch,2026-09-30,PlateUp!,0.018,85,false
twitch,2026-09-30,WWE 2K26,0.018,416,false
twitch,2026-09-30,The Last of Us Part I,0.018,368,false
twitch,2026-09-30,The Legend of Zelda: Breath of the Wild,0.017,217,false
twitch,2026-09-30,FINAL FANTASY XVI,0.017,197,false
twitch,2026-09-30,Pokémon Legends: Z-A,0.017,186,false
twitch,2026-09-30,Riftbound,0.017,54,false
twitch,2026-09-30,Raid: Shadow Legends,0.017,75,false
twitch,2026-09-30,Fitness & Health,0.017,186,false
twitch,2026-09-30,the cabin game,0.017,58,false
twitch,2026-09-30,Mahjong Soul,0.016,178,false
twitch,2026-09-30,Subnautica,0.016,188,false
twitch,2026-09-30,Kukoro: Stream Chat Games,0.016,33,false
twitch,2026-09-30,Out of the Park Baseball 27,0.016,14,false
twitch,2026-09-30,Sid Meier's Civilization VI,0.016,73,false
twitch,2026-09-30,Pokémon Trading Card Game Pocket,0.016,128,false
twitch,2026-09-30,Black Russia,0.015,65,false
twitch,2026-09-30,Beat Saber,0.015,184,false
twitch,2026-09-30,Call of Duty: Black Ops III,0.015,451,false
twitch,2026-09-30,Pokémon Emerald Version,0.015,216,false
twitch,2026-09-30,Writing & Reading,0.015,169,false
twitch,2026-09-30,Free Fire,0.015,409,false
twitch,2026-09-30,Superliminal,0.015,18,false
twitch,2026-09-30,The Legend of Zelda: Twilight Princess,0.015,221,false
twitch,2026-09-30,Avatar Legends: The Fighting Game,0.015,101,false
twitch,2026-09-30,Magical Girl Witch Trials,0.014,36,false
twitch,2026-09-30,Garry's Mod,0.014,166,false
twitch,2026-09-30,Outlast II,0.014,101,false
twitch,2026-09-30,Resonance: A Plague Tale Legacy,0.014,244,false
twitch,2026-09-30,MLB The Show 25,0.014,15,false
twitch,2026-09-30,Dragon Quest Heroes: Torneko's Mystery Dungeon Classic HD,0.014,71,false
twitch,2026-09-30,Resident Evil 4,0.014,437,false
twitch,2026-09-30,Chained Together,0.013,88,false
twitch,2026-09-30,FINAL FANTASY VII REBIRTH,0.013,269,false
twitch,2026-09-30,Disciples II: Rise of the Elves,0.013,18,false
twitch,2026-09-30,F.E.A.R.,0.013,14,false
twitch,2026-09-30,FINAL FANTASY VII REMAKE,0.013,270,false
twitch,2026-09-30,Tomb Raider II,0.013,12,false
twitch,2026-09-30,Schedule I,0.013,263,false
twitch,2026-09-30,Mortal Kombat 1,0.013,340,false
twitch,2026-09-30,Party Animals,0.013,217,false
twitch,2026-09-30,Super Mario Bros. 3,0.013,19,false
twitch,2026-09-30,Risk of Rain 2,0.013,186,false
twitch,2026-09-30,Dragon's Dogma II,0.013,186,false
twitch,2026-09-30,Dark Souls,0.012,47,false
twitch,2026-09-30,Pokémon Sword/Shield,0.012,130,false
twitch,2026-09-30,Resident Evil 3,0.012,310,false
twitch,2026-09-30,New World: Aeternum,0.012,48,false
twitch,2026-09-30,CTR: Crash Team Racing,0.012,20,false
twitch,2026-09-30,Roblox Studio,0.012,47,false
twitch,2026-09-30,FINAL FANTASY IX,0.012,79,false
twitch,2026-09-30,Gwent: The Witcher Card Game,0.012,33,false
twitch,2026-09-30,007 First Light,0.012,262,false
twitch,2026-09-30,Mall Rivals,0.012,7,false
twitch,2026-09-30,XCOM: Enemy Unknown,0.011,18,false
twitch,2026-09-30,Mario Kart Wii,0.011,124,false
twitch,2026-09-30,Tomb Raider I•II•III Remastered,0.011,98,false
twitch,2026-09-30,Microscape,0.011,20,false
twitch,2026-09-30,Team Fortress 2,0.011,281,false
twitch,2026-09-30,The Evil Within,0.011,100,false
twitch,2026-09-30,Escape the Backrooms,0.011,365,false
twitch,2026-09-30,Shelves and Sorcery: Tidy Up the Enchanted Shop,0.011,14,false
twitch,2026-09-30,Assassin's Creed Black Flag Resynced,0.011,298,false
twitch,2026-09-30,Blue Prince,0.011,129,false
twitch,2026-09-30,Pokémon Platinum Version,0.011,107,false
twitch,2026-09-30,Gran Turismo 7,0.011,463,false
twitch,2026-09-30,NBA 2K26,0.011,420,false
twitch,2026-09-30,Legend of YMIR,0.011,24,false
twitch,2026-09-30,Pokémon Infinite Fusion,0.011,54,false
twitch,2026-09-30,Umamusume: Pretty Derby,0.010,145,false
twitch,2026-09-30,Kerbal Space Program,0.010,37,false
twitch,2026-09-30,Walk of Life,0.010,6,false
twitch,2026-09-30,METAL GEAR SOLID Δ: SNAKE EATER,0.010,52,false
twitch,2026-09-30,Clone Hero,0.010,184,false
twitch,2026-09-30,Ultra Street Fighter IV,0.010,33,false
twitch,2026-09-30,Final Fantasy VI,0.010,64,false
twitch,2026-09-30,The Sims 2,0.010,41,false
twitch,2026-09-30,Kingdom Hearts III,0.010,133,false
twitch,2026-09-30,Deskrawl: Idle APRG,0.010,28,false
twitch,2026-09-30,Gears 5,0.010,319,false
twitch,2026-09-30,Star Trek Fleet Command,0.010,31,false
twitch,2026-09-30,Escape from Tarkov: Arena,0.010,183,false
twitch,2026-09-30,GUILTY GEAR -STRIVE-,0.009,170,false
twitch,2026-09-30,Pokémon Crystal Version,0.009,39,false
twitch,2026-09-30,Resident Evil,0.009,112,false
twitch,2026-09-30,Super Mario Sunshine,0.009,69,false
twitch,2026-09-30,Heroes of Newerth Reborn,0.009,35,false
twitch,2026-09-30,theHunter: Call of the Wild,0.009,290,false
twitch,2026-09-30,Placid Plastic Duck Simulator,0.009,38,false
twitch,2026-09-30,BanG Dream! Our Notes,0.009,38,false
twitch,2026-09-30,Call of Duty: Modern Warfare II,0.009,148,false
twitch,2026-09-30,Assetto Corsa,0.009,242,false
twitch,2026-09-30,Vintage Story,0.009,120,false
twitch,2026-09-30,Anime Shop Simulator ✨,0.009,101,false
twitch,2026-09-30,PGA TOUR 2K25,0.009,180,false
twitch,2026-09-30,Board Games,0.009,77,false
twitch,2026-09-30,Graveyard Keeper,0.009,153,false
twitch,2026-09-30,Crimson Desert,0.009,262,false
twitch,2026-09-30,Fallout: New Vegas,0.008,156,false
twitch,2026-09-30,HλLF-LIFE²,0.008,62,false
twitch,2026-09-30,Path of Titans,0.008,222,false
twitch,2026-09-30,Machine Party,0.008,74,false
twitch,2026-09-30,Clash of Clans,0.008,148,false
twitch,2026-09-30,Resident Evil 5,0.008,200,false
twitch,2026-09-30,MARVEL Strike Force,0.008,28,false
twitch,2026-09-30,Star Wars: The Old Republic,0.008,131,false
twitch,2026-09-30,Silent Hill 2,0.008,290,false
twitch,2026-09-30,The Legend of Zelda: The Wind Waker,0.008,85,false
twitch,2026-09-30,The Long Dark,0.008,100,false
twitch,2026-09-30,They Are Billions,0.008,28,false
twitch,2026-09-30,Endacopia,0.008,78,false
twitch,2026-09-30,Dragon Ball Legends,0.008,43,false
twitch,2026-09-30,ARK: Survival Evolved,0.008,209,false
twitch,2026-09-30,God of War,0.008,297,false
twitch,2026-09-30,Age of Mythology,0.008,56,false
twitch,2026-09-30,Conan Exiles,0.008,108,false
twitch,2026-09-30,Metal Gear Solid V: The Phantom Pain,0.007,109,false
twitch,2026-09-30,Pogostuck: Rage With Your Friends,0.007,46,false
twitch,2026-09-30,Tales of Fear: Episode Zero,0.007,7,false
twitch,2026-09-30,Dispatch,0.007,98,false
twitch,2026-09-30,Pokémon Trading Card Game Live,0.007,95,false
twitch,2026-09-30,Gothic 1 Remake,0.007,86,false
twitch,2026-09-30,Sort Them Ducks,0.007,74,false
twitch,2026-09-30,Magic Chess: Go Go,0.007,29,false
twitch,2026-09-30,Resident Evil 6,0.007,247,false
twitch,2026-09-30,Poppy Playtime,0.007,107,false
twitch,2026-09-30,Pokémon Gold Version,0.007,14,false
twitch,2026-09-30,Auto Chess,0.007,15,false
twitch,2026-09-30,Resident Evil 0,0.007,105,false
twitch,2026-09-30,Call of Duty: Mobile,0.007,416,false
twitch,2026-09-30,Super Battle Golf,0.007,119,false
twitch,2026-09-30,DOOM: The Dark Ages,0.007,117,false
twitch,2026-09-30,Just Cause 3,0.007,21,false
twitch,2026-09-30,Five Nights at Freddy's 2,0.006,46,false
twitch,2026-09-30,EverQuest Legends,0.006,33,false
twitch,2026-09-30,Planet Crafter,0.006,150,false
twitch,2026-09-30,False Hero,0.006,23,false
twitch,2026-09-30,Mina the Hollower,0.006,40,false
twitch,2026-09-30,Call of Duty: Black Ops 6,0.006,254,false
twitch,2026-09-30,Blue Protocol: Star Resonance,0.006,23,false
twitch,2026-09-30,Librarian: Tidy Up the Arcane Library!,0.006,66,false
twitch,2026-09-30,The Elder Scrolls III: Morrowind,0.006,45,false
twitch,2026-09-30,FINAL FANTASY TACTICS,0.006,6,false
twitch,2026-09-30,Relic Arena,0.006,14,false
twitch,2026-09-30,Call of Duty: Black Ops IIII,0.006,201,false
twitch,2026-09-30,Rush Royale,0.006,30,false
twitch,2026-09-30,The Lord of the Rings Online,0.006,65,false
twitch,2026-09-30,Metal Gear Solid 3: Snake Eater,0.006,22,false
twitch,2026-09-30,Diablo II,0.006,47,false
twitch,2026-09-30,Guildrun,0.006,19,false
twitch,2026-09-30,Cronos: The New Dawn,0.006,56,false
twitch,2026-09-30,Pokémon Legends: Arceus,0.006,65,false
twitch,2026-09-30,Dying Light: The Beast,0.006,260,false
twitch,2026-09-30,Gears of War: Reloaded,0.006,168,false
twitch,2026-09-30,Madden NFL 26,0.005,445,false
twitch,2026-09-30,Fate/Grand Order,0.005,57,false
twitch,2026-09-30,Grand Theft Auto: Vice City,0.005,96,false
twitch,2026-09-30,The Legend of Zelda: Tears of the Kingdom - Nintendo Switch 2 Edition,0.005,36,false
twitch,2026-09-30,Normal Golf Game,0.005,31,false
twitch,2026-09-30,Dying Light,0.005,277,false
twitch,2026-09-30,Danganronpa: Trigger Happy Havoc,0.005,77,false
twitch,2026-09-30,Sonic Racing: CrossWorlds,0.005,123,false
twitch,2026-09-30,Minecraft Dungeons,0.005,239,false
twitch,2026-09-30,SD Gundam G Generation Eternal,0.005,39,false
twitch,2026-09-30,Dying Light 2: Stay Human,0.005,261,false
twitch,2026-09-30,Pokémon Black/White,0.005,66,false
twitch,2026-09-30,inKONBINI: One Store. Many Stories,0.005,13,false
twitch,2026-09-30,Crash Bandicoot 4: It's About Time,0.005,83,false
twitch,2026-09-30,Corsair Cove,0.005,8,false
twitch,2026-09-30,House Flipper 2,0.005,84,false
twitch,2026-09-30,PowerWash Simulator,0.005,52,false
twitch,2026-09-30,FINAL FANTASY IV,0.005,30,false
twitch,2026-09-30,Castlevania: Symphony of the Night,0.005,36,false
twitch,2026-09-30,Kingdom Come: Deliverance,0.005,137,false
twitch,2026-09-30,Battle Brothers,0.005,25,false
twitch,2026-09-30,FINAL FANTASY VIII,0.005,32,false
twitch,2026-09-30,The Wolf Among Us,0.005,40,false
twitch,2026-09-30,Liar's Bar,0.005,45,false
twitch,2026-09-30,The Choicer Voicer,0.005,79,false
twitch,2026-09-30,The Sinking City 2,0.005,50,false
twitch,2026-09-30,The Walking Dead: The Final Season,0.005,31,false
twitch,2026-09-30,Mortal Online 2,0.005,15,false
twitch,2026-09-30,Don't Drop The Cake,0.005,18,false
twitch,2026-09-30,DCS World,0.005,40,false
twitch,2026-09-30,Sid Meier's Civilization V,0.005,30,false
twitch,2026-09-30,Halo: Reach,0.005,27,false
twitch,2026-09-30,House 2,0.005,11,false
twitch,2026-09-30,Ratchet & Clank (2002),0.005,15,false
twitch,2026-09-30,Super Mario Party Jamboree,0.005,45,false
twitch,2026-09-30,EA Sports UFC 6,0.005,334,false
twitch,2026-09-30,CURE - A Hospital Simulator,0.005,41,false
twitch,2026-09-30,Days Gone,0.005,196,false
twitch,2026-09-30,Backpack Battles,0.005,20,false
twitch,2026-09-30,Call of Duty: Modern Warfare 4,0.005,100,false
twitch,2026-09-30,GTA: La Heist,0.004,482,false
twitch,2026-09-30,Quasimorph,0.004,26,false
twitch,2026-09-30,Gears of War 4,0.004,133,false
twitch,2026-09-30,Star Wars Jedi: Survivor,0.004,125,false
twitch,2026-09-30,Age of Empires III,0.004,47,false
twitch,2026-09-30,FINAL FANTASY XV,0.004,76,false
twitch,2026-09-30,Heavy Rain,0.004,64,false
twitch,2026-09-30,Mu: Dark Epoch,0.004,44,false
twitch,2026-09-30,DRAGON BALL Z: KAKAROT,0.004,83,false
twitch,2026-09-30,lily's world XD,0.004,37,false
twitch,2026-09-30,Zelda II: The Adventure of Link,0.004,30,false
twitch,2026-09-30,Duet Night Abyss,0.004,23,false
twitch,2026-09-30,Spirit City: Lofi Sessions,0.004,61,false
twitch,2026-09-30,STAR WARS Jedi: Fallen Order™,0.004,90,false
twitch,2026-09-30,Call of Duty: Modern Warfare,0.004,121,false
twitch,2026-09-30,RavenQuest,0.004,20,false
twitch,2026-09-30,Forza Horizon 5,0.004,386,false
twitch,2026-09-30,Honor of Kings,0.004,117,false
twitch,2026-09-30,Dungeons & Dragons Online,0.004,40,false
twitch,2026-09-30,GRWM,0.004,37,false
twitch,2026-09-30,FIFA Mobile,0.004,32,false
twitch,2026-09-30,Stray,0.004,95,false
twitch,2026-09-30,Metal Gear Solid 4: Guns of the Patriots,0.004,37,false
twitch,2026-09-30,Casino Jackpot,0.004,7,false
twitch,2026-09-30,Arena Breakout,0.004,68,false
twitch,2026-09-30,Marvel's Spider-Man Remastered,0.004,240,false
twitch,2026-09-30,Subnautica 2,0.004,121,false
twitch,2026-09-30,Gears of War 2,0.004,70,false
twitch,2026-09-30,Destiny,0.004,79,false
twitch,2026-09-30,Mortal Kombat 11,0.004,188,false
twitch,2026-09-30,Dragon Ball FighterZ,0.004,62,false
twitch,2026-09-30,EA Sports College Football 26,0.004,318,false
twitch,2026-09-30,Animal Crossing: City Folk,0.004,6,false
twitch,2026-09-30,Rain World,0.004,47,false
twitch,2026-09-30,Sky: Children of the Light,0.004,98,false
twitch,2026-09-30,Grand Theft Auto III,0.004,66,false
twitch,2026-09-30,Retro Rewind: Video Store Simulator,0.004,72,false
twitch,2026-09-30,Assassin's Creed Valhalla,0.004,238,false
twitch,2026-09-30,LEGO Batman: Legacy of the Dark Knight,0.004,112,false
twitch,2026-09-30,Batman: Arkham Knight,0.004,248,false
twitch,2026-09-30,God of War II,0.004,39,false
twitch,2026-09-30,Fire Emblem: Three Houses,0.004,54,false
twitch,2026-09-30,Farm Together 2,0.004,27,false
twitch,2026-09-30,I Know a Guy,0.004,70,false
twitch,2026-09-30,Disco Elysium,0.004,56,false
twitch,2026-09-30,Call of Duty: Black Ops Cold War,0.004,303,false
twitch,2026-09-30,2XKO,0.004,42,false
twitch,2026-09-30,Granblue Fantasy,0.004,30,false
twitch,2026-09-30,Ragnarok: The New World,0.004,13,false
twitch,2026-09-30,Sea of Stars,0.004,34,false
twitch,2026-09-30,Traffic Stop Anomaly,0.004,6,false
twitch,2026-09-30,Guild Wars: Reforged,0.004,36,false
twitch,2026-09-30,The Legend of Zelda: The Wind Waker HD,0.004,30,false
twitch,2026-09-30,The Coffin of Andy and Leyley,0.004,12,false
twitch,2026-09-30,Rhythm Heaven Groove,0.004,27,false
twitch,2026-09-30,Coin maker simulator,0.004,16,false
twitch,2026-09-30,War Robots,0.004,29,false
twitch,2026-09-30,Halo: Campaign Evolved,0.003,235,false
twitch,2026-09-30,"KOTÁMON: My Sis Found A Super-Rare Card In Her Cereal Box, So I Became A Garbage Man To Find The Entire Collection And Earn $1,000,000",0.003,32,false
twitch,2026-09-30,Hero Siege,0.003,29,false
twitch,2026-09-30,SMITE,0.003,90,false
twitch,2026-09-30,Final Fantasy Resonance,0.003,55,false
twitch,2026-09-30,Berserk Heroes Online,0.003,5,false
twitch,2026-09-30,Coral Island,0.003,64,false
twitch,2026-09-30,HATSUNE MIKU: COLORFUL STAGE!,0.003,73,false
twitch,2026-09-30,Heroes of Might and Magic V,0.003,20,false
twitch,2026-09-30,Metal Gear Solid,0.003,43,false
twitch,2026-09-30,Super Mario Galaxy,0.003,20,false
twitch,2026-09-30,Red Dead Redemption,0.003,169,false
twitch,2026-09-30,The Legend of Zelda: Skyward Sword HD,0.003,41,false
twitch,2026-09-30,Counter-Strike 1.6,0.003,86,false
twitch,2026-09-30,Grand Theft Auto: San Andreas - The Definitive Edition,0.003,105,false
twitch,2026-09-30,Mongil: Star Dive,0.003,58,false
twitch,2026-09-30,Tournament Poker,0.003,12,false
twitch,2026-09-30,FINAL FANTASY,0.003,20,false
twitch,2026-09-30,IdleOn,0.003,24,false
twitch,2026-09-30,Demon's Souls,0.003,81,false
twitch,2026-09-30,Metro Exodus,0.003,128,false
twitch,2026-09-30,Pokémon Black/White Version 2,0.003,46,false
twitch,2026-09-30,EarthBound,0.003,21,false
twitch,2026-09-30,Dragon Age™: Origins,0.003,44,false
twitch,2026-09-30,Stumble Guys,0.003,101,false
twitch,2026-09-30,Star Fox Adventures,0.003,41,false
twitch,2026-09-30,Batman: Arkham City,0.003,49,false
twitch,2026-09-30,Dead Island 2,0.003,140,false
twitch,2026-09-30,Pokémon Brilliant Diamond/Shining Pearl,0.003,53,false
twitch,2026-09-30,Grand Theft Auto: Vice City - The Definitive Edition,0.003,73,false
twitch,2026-09-30,World War Z: Aftermath,0.003,107,false
twitch,2026-09-30,Kingdom Hearts II Final Mix,0.003,28,false
twitch,2026-09-30,Getting Over It with Bennett Foddy,0.003,44,false
twitch,2026-09-30,Waterpark Simulator,0.003,52,false
twitch,2026-09-30,Danganronpa 2: Goodbye Despair,0.003,38,false
twitch,2026-09-30,Life Is Strange,0.003,67,false
twitch,2026-09-30,hololive Dreams,0.003,70,false
twitch,2026-09-30,DRAGON BALL: Sparking! ZERO,0.003,343,false
twitch,2026-09-30,The Legend of Zelda,0.003,57,false
twitch,2026-09-30,Mario Kart 64,0.003,22,false
twitch,2026-09-30,DIGIMON STORY: TIME STRANGER,0.003,98,false
twitch,2026-09-30,Fatal Fury: City of the Wolves,0.003,67,false
twitch,2026-09-30,The Legend of Zelda: Ocarina of Time,0.003,38,false
twitch,2026-09-30,DRAGON QUEST XI S: Echoes of an Elusive Age,0.003,46,false
twitch,2026-09-30,Devil May Cry 3: Dante's Awakening - Special Edition,0.003,37,false
twitch,2026-09-30,Food Truck Empire,0.003,6,false
twitch,2026-09-30,DOOM Eternal,0.003,112,false
twitch,2026-09-30,Yakuza: Like a Dragon,0.003,48,false
twitch,2026-09-30,Skull and Bones,0.003,28,false
twitch,2026-09-30,At Dead of Night,0.003,13,false
twitch,2026-09-30,Fright Train,0.003,25,false
twitch,2026-09-30,Dead Cells,0.003,61,false
twitch,2026-09-30,Whatsamusic,0.003,12,false
twitch,2026-09-30,With Your Destiny,0.003,18,false
twitch,2026-09-30,The Legend of Zelda: Ocarina of Time 3D,0.003,19,false
twitch,2026-09-30,UNBEATABLE,0.003,17,false
twitch,2026-09-30,No More Room in Hell 2,0.003,88,false
twitch,2026-09-30,BioShock 2,0.003,11,false
twitch,2026-09-30,Idle Champions of the Forgotten Realms,0.003,6,false
twitch,2026-09-30,Silent Hill,0.003,37,false
twitch,2026-09-30,Secret of Mana,0.003,8,false
twitch,2026-09-30,Ring Fit Adventure,0.003,28,false
twitch,2026-09-30,Just Dance 2026 Edition,0.003,28,false
twitch,2026-09-30,Sonic Adventure 2,0.003,16,false
twitch,2026-09-30,Crash Bandicoot: Warped,0.003,26,false
twitch,2026-09-30,KovaaK's Aim Trainer,0.003,76,false
twitch,2026-09-30,Phantasy Star Online 2 New Genesis,0.002,52,false
twitch,2026-09-30,Europa Universalis V,0.002,21,false
twitch,2026-09-30,Mario Golf,0.002,5,false
twitch,2026-09-30,Grand Chase Classic,0.002,33,false
twitch,2026-09-30,Beyond: Two Souls,0.002,65,false
twitch,2026-09-30,Diablo,0.002,21,false
twitch,2026-09-30,Bus Simulator 27,0.002,35,false
twitch,2026-09-30,FINAL FANTASY XIII,0.002,34,false
twitch,2026-09-30,Crossout,0.002,59,false
twitch,2026-09-30,Crash Bandicoot 2: Cortex Strikes Back,0.002,27,false
twitch,2026-09-30,Windrose,0.002,62,false
twitch,2026-09-30,CarX Street,0.002,109,false
twitch,2026-09-30,Gears of War: Judgment,0.002,26,false
twitch,2026-09-30,DOOM II: Hell on Earth,0.002,34,false
twitch,2026-09-30,The Elder Scrolls IV: Oblivion,0.002,30,false
twitch,2026-09-30,Gears of War: E-Day,0.002,36,false
twitch,2026-09-30,Bills Must Be Paid,0.002,32,false
twitch,2026-09-30,Spiritfarer,0.002,29,false
twitch,2026-09-30,Metal Gear Solid: Peace Walker - Master Collection Version,0.002,73,false
twitch,2026-09-30,ENDER LILIES: Quietus of the Knights,0.002,30,false
twitch,2026-09-30,X-Plane 12,0.002,22,false
twitch,2026-09-30,Phantasy Star Online Blue Burst,0.002,16,false
twitch,2026-09-30,South Park: The Fractured But Whole,0.002,110,false
twitch,2026-09-30,IRON NEST: Heavy Turret Simulator,0.002,34,false
twitch,2026-09-30,Crash Bandicoot,0.002,54,false
twitch,2026-09-30,Touhou Koumakyou: New Classic - The Embodiment of Scarlet Devil,0.002,28,false
twitch,2026-09-30,Agefield High: Rock the School,0.002,27,false
twitch,2026-09-30,Call of Duty 2,0.002,37,false
twitch,2026-09-30,Sonic Adventure 2: Battle,0.002,28,false
twitch,2026-09-30,Hello Kitty Island Adventure,0.002,52,false
twitch,2026-09-30,Gears of War 3,0.002,94,false
twitch,2026-09-30,Fallout 3,0.002,72,false
twitch,2026-09-30,Darkest Dungeon II,0.002,26,false
twitch,2026-09-30,Granblue Fantasy Versus: Rising,0.002,45,false
twitch,2026-09-30,Star Trek Online,0.002,40,false
twitch,2026-09-30,"Pokémon: Let's Go, Pikachu!/Eevee!",0.002,21,false
twitch,2026-09-30,TERA,0.002,31,false
twitch,2026-09-30,Counter-Strike Online 2,0.002,76,false
twitch,2026-09-30,TBH: Task Bar Hero,0.002,8,false
twitch,2026-09-30,Star Wars Outlaws,0.002,95,false
twitch,2026-09-30,Star Wars Battlefront II,0.002,172,false
twitch,2026-09-30,Halo: Combat Evolved,0.002,21,false
twitch,2026-09-30,Space Engineers,0.002,46,false
twitch,2026-09-30,Life Is Strange 2,0.002,47,false
twitch,2026-09-30,Tiny Eden,0.002,27,false
twitch,2026-09-30,Diablo III,0.002,47,false
twitch,2026-09-30,The Dark Pictures Anthology: House of Ashes,0.002,21,false
twitch,2026-09-30,Monster Strike,0.002,13,false
twitch,2026-09-30,High on Life,0.002,73,false
twitch,2026-09-30,Monster Hunter Freedom Unite,0.002,18,false
twitch,2026-09-30,Japan Stigmatized Property 3,0.002,18,false
twitch,2026-09-30,Keep Talking and Nobody Explodes,0.002,22,false
twitch,2026-09-30,Wobbly Life,0.002,124,false
twitch,2026-09-30,Backrooms: Code Yellow,0.002,26,false
twitch,2026-09-30,Moonlighter 2: The Endless Vault,0.002,54,false
twitch,2026-09-30,Like a Dragon: Infinite Wealth,0.002,59,false
twitch,2026-09-30,Road to Jukai,0.002,16,false
twitch,2026-09-30,Pokemon Auto Chess,0.002,16,false
twitch,2026-09-30,Sonic Rumble Party,0.002,32,false
twitch,2026-09-30,The Elder Scrolls V: Skyrim - Anniversary Edition,0.002,48,false
twitch,2026-09-30,WE ARE FOOTBALL 2027,0.002,6,false
twitch,2026-09-30,OneState,0.002,220,false
twitch,2026-09-30,MONSTER HUNTER STORIES 3: TWISTED REFLECTION,0.002,28,false
twitch,2026-09-30,THE KING OF FIGHTERS XV,0.002,45,false
twitch,2026-09-30,RollerCoaster Tycoon 2,0.002,12,false
twitch,2026-09-30,Kingdom Hearts II,0.002,40,false
twitch,2026-09-30,Metal Gear Solid 4: Guns of the Patriots - Master Collection Version,0.002,82,false
twitch,2026-09-30,Sonic Frontiers,0.002,34,false
twitch,2026-09-30,Blair Witch,0.002,22,false
twitch,2026-09-30,FINAL FANTASY X-2,0.002,20,false
twitch,2026-09-30,Football Manager 2024,0.002,18,false
twitch,2026-09-30,The Elder Scrolls IV: Oblivion Remastered,0.002,88,false
twitch,2026-09-30,The Death Game Report,0.002,8,false
twitch,2026-09-30,Halo 5: Guardians,0.002,40,false
twitch,2026-09-30,Microsoft Flight Simulator,0.002,96,false
twitch,2026-09-30,Ragnarok Origin: Classic,0.002,22,false
twitch,2026-09-30,After-H: Battle Arena,0.002,13,false
twitch,2026-09-30,Kingdom Hearts Dream Drop Distance HD,0.002,27,false
twitch,2026-09-30,Neverwinter,0.002,57,false
twitch,2026-09-30,The Walking Dead: The Telltale Definitive Series - Protector Pack,0.002,38,false
twitch,2026-09-30,Tomb Raider,0.002,51,false
twitch,2026-09-30,Super Mario RPG: Legend of the Seven Stars,0.002,9,false
twitch,2026-09-30,Totally Accurate Battle Simulator,0.002,28,false
twitch,2026-09-30,Arena of Valor,0.002,39,false
twitch,2026-09-30,Football League 2026,0.002,7,false
twitch,2026-09-30,LEGO Fortnite: Odyssey,0.002,28,false
twitch,2026-09-30,Sonic Unleashed,0.002,31,false
twitch,2026-09-30,Oxide: Survival Island,0.002,27,false
twitch,2026-09-30,Call of Duty: World at War,0.002,69,false
twitch,2026-09-30,Crypt of the NecroDancer,0.002,13,false
twitch,2026-09-30,S4 League,0.002,12,false
twitch,2026-09-30,Sonic X Shadow Generations,0.002,47,false
twitch,2026-09-30,Dragon Age: Inquisition,0.002,33,false
twitch,2026-09-30,The Message From Deep Space,0.002,7,false
twitch,2026-09-30,Shenmue,0.002,13,false
twitch,2026-09-30,Sonic Heroes,0.002,17,false
twitch,2026-09-30,The Legend of Zelda: The Minish Cap,0.002,31,false
twitch,2026-09-30,Sonic the Hedgehog 2,0.002,12,false
twitch,2026-09-30,Company of Heroes 3,0.002,32,false
twitch,2026-09-30,Dead Space,0.002,76,false
twitch,2026-09-30,Cozy Farm: Tidy Up!,0.002,14,false
twitch,2026-09-30,The Witcher: Enhanced Edition,0.002,41,false
twitch,2026-09-30,Marvel vs. Capcom 2: New Age of Heroes,0.002,20,false
twitch,2026-09-30,Metro: Last Light Redux,0.002,38,false
twitch,2026-09-30,Just Dance,0.002,6,false
twitch,2026-09-30,Artifact,0.002,12,false
twitch,2026-09-30,Dragon Quest Builders 2,0.002,9,false
twitch,2026-09-30,Human: Fall Flat,0.002,39,false
twitch,2026-09-30,The Witcher 2: Assassins of Kings,0.002,34,false
twitch,2026-09-30,Servant of the Lake,0.002,10,false
twitch,2026-09-30,Jump Space,0.002,50,false
twitch,2026-09-30,Slay the Spire,0.002,44,false
twitch,2026-09-30,House Flipper,0.002,55,false
twitch,2026-09-30,Command & Conquer 3: Tiberium Wars,0.002,8,false
twitch,2026-09-30,Call of Duty: WWII,0.002,162,false
twitch,2026-09-30,TV Total Events,0.002,5,false
twitch,2026-09-30,The Sinking City Remastered,0.002,15,false
twitch,2026-09-30,Metal Gear Solid 2: Sons of Liberty,0.002,31,false
twitch,2026-09-30,Resident Evil Code: Veronica X HD,0.002,16,false
twitch,2026-09-30,Karaoke Joysound for Streamer,0.002,20,false
twitch,2026-09-30,Heroes & Generals,0.002,13,false
twitch,2026-09-30,Metro 2033 Redux,0.001,57,false
twitch,2026-09-30,ENDER MAGNOLIA: Bloom in the Mist,0.001,21,false
twitch,2026-09-30,Sally Face,0.001,37,false
twitch,2026-09-30,Super Meat Boy,0.001,9,false
twitch,2026-09-30,The Witcher,0.001,43,false
twitch,2026-09-30,Scapewatch,0.001,9,false
twitch,2026-09-30,Mortal Kombat: Shaolin Monks,0.001,8,false
twitch,2026-09-30,MLB The Show 18,0.001,233,false
twitch,2026-09-30,Call of Duty: Modern Warfare 2,0.001,63,false
twitch,2026-09-30,Dead Space 3,0.001,43,false
twitch,2026-09-30,Company of Heroes 2,0.001,19,false
twitch,2026-09-30,DIRECTIVE 8020,0.001,23,false
twitch,2026-09-30,Cities: Skylines,0.001,49,false
twitch,2026-09-30,Battle Teams,0.001,12,false
twitch,2026-09-30,Street Fighter III: 3rd Strike,0.001,18,false
twitch,2026-09-30,Onimusha 2: Samurai's Destiny,0.001,9,false
twitch,2026-09-30,Gartic Show,0.001,31,false
twitch,2026-09-30,My Voice Zoo,0.001,14,false
twitch,2026-09-30,Saint Seiya: Awakening,0.001,16,false
twitch,2026-09-30,The Sims 3,0.001,26,false
twitch,2026-09-30,Bleach: Brave Souls,0.001,19,false
twitch,2026-09-30,Stellaris,0.001,48,false
twitch,2026-09-30,RoboCop: Rogue City,0.001,18,false
twitch,2026-09-30,FINAL FANTASY TACTICS - The Ivalice Chronicles,0.001,37,false
twitch,2026-09-30,Super Animal Royale,0.001,48,false
twitch,2026-09-30,The Lord of the Rings: War in the North - Legacy Edition,0.001,13,false
twitch,2026-09-30,Atomfall,0.001,19,false
twitch,2026-09-30,Super Mario World 2: Yoshi's Island,0.001,11,false
twitch,2026-09-30,Pokémon Yellow Version: Special Pikachu Edition,0.001,18,false
twitch,2026-09-30,Super Mario Galaxy 2,0.001,25,false
twitch,2026-09-30,The Lord of the Rings: War in the North,0.001,13,false
twitch,2026-09-30,Little Witch in the Woods,0.001,19,false
twitch,2026-09-30,The King of Fighters 2002,0.001,20,false
twitch,2026-09-30,The Legend of Zelda: Oracle of Seasons,0.001,17,false
twitch,2026-09-30,Dead Space 2,0.001,34,false
twitch,2026-09-30,WarCraft II: Tides of Darkness,0.001,6,false
twitch,2026-09-30,Farm Frenzy,0.001,6,false
twitch,2026-09-30,The Walking Dead: Season Two,0.001,49,false
twitch,2026-09-30,Slay the Princess,0.001,18,false
twitch,2026-09-30,Jak and Daxter: The Precursor Legacy,0.001,27,false
twitch,2026-09-30,Silent Hill 4: The Room,0.001,25,false
twitch,2026-09-30,The Lord of the Rings: The Battle for Middle-earth II,0.001,13,false
twitch,2026-09-30,Police Chief Simulator,0.001,36,false
twitch,2026-09-30,SoulCalibur VI,0.001,31,false
twitch,2026-09-30,Star Stable,0.001,36,false
twitch,2026-09-30,A.A.U. Black Site,0.001,10,false
twitch,2026-09-30,Kingdom Hearts 358/2 Days,0.001,13,false
twitch,2026-09-30,Omega Strikers,0.001,22,false
twitch,2026-09-30,Retro Arcade Shop Simulator,0.001,20,false
twitch,2026-09-30,Lineage 2M,0.001,12,false
twitch,2026-09-30,TORMENTED SOULS II,0.001,18,false
twitch,2026-09-30,Sonic The Hedgehog,0.001,14,false
twitch,2026-09-30,Watch Party,0.001,10,false
twitch,2026-09-30,Metal Gear Rising: Revengeance,0.001,35,false
twitch,2026-09-30,Police Simulator: Patrol Officers,0.001,63,false
twitch,2026-09-30,SpongeBob SquarePants: Battle for Bikini Bottom,0.001,16,false
twitch,2026-09-30,Dragon Age: The Veilguard,0.001,40,false
twitch,2026-09-30,Vampire Crawlers: The Turbo Wildcard from Vampire Survivors,0.001,10,false
twitch,2026-09-30,Watcher of Realms,0.001,13,false
twitch,2026-09-30,Spyro: Year of the Dragon,0.001,14,false
twitch,2026-09-30,Pokémon Red/Blue,0.001,27,false
twitch,2026-09-30,Echoes of Aincrad,0.001,55,false
twitch,2026-09-30,GRANBLUE FANTASY Relink,0.001,23,false
twitch,2026-09-30,Ratchet & Clank: Going Commando,0.001,13,false
twitch,2026-09-30,SHINOBI: Art of Vengeance,0.001,10,false
twitch,2026-09-30,Night Crows,0.001,28,false
twitch,2026-09-30,The Elder Scrolls II: Daggerfall,0.001,12,false
twitch,2026-09-30,Welcome to the Game III,0.001,8,false
twitch,2026-09-30,Watch Dogs: Legion,0.001,32,false
twitch,2026-09-30,The Dark Pictures Anthology: Little Hope,0.001,21,false
twitch,2026-09-30,Animal Crossing,0.001,15,false
twitch,2026-09-30,FreeStyle Street Basketball,0.001,5,false
twitch,2026-09-30,The Legend of Zelda: Echoes of Wisdom,0.001,31,false
twitch,2026-09-30,Life is Strange: Double Exposure,0.001,39,false
twitch,2026-09-30,Marvel's Guardians of the Galaxy,0.001,59,false
twitch,2026-09-30,Can I Come In?,0.001,10,false
twitch,2026-09-30,The Dark Pictures Anthology: The Devil in Me,0.001,30,false
twitch,2026-09-30,Dokapon Kingdom: Connect,0.001,16,false
twitch,2026-09-30,Starsand Island,0.001,22,false
twitch,2026-09-30,Guilty Gear Xrd REV 2,0.001,7,false
twitch,2026-09-30,Mortal Kombat X,0.001,38,false
twitch,2026-09-30,FC MOBILE,0.001,93,false
twitch,2026-09-30,Life is Strange Remastered,0.001,24,false
twitch,2026-09-30,Samson,0.001,48,false
twitch,2026-09-30,Plants vs. Zombies 2: It's About Time,0.001,13,false
twitch,2026-09-30,Potion Craft,0.001,20,false
twitch,2026-09-30,As Dusk Falls,0.001,20,false
twitch,2026-09-30,The Dark Pictures Anthology: Man of Medan,0.001,30,false
twitch,2026-09-30,Animaly Bar: NO HUMANITY!,0.001,24,false
twitch,2026-09-30,The Lord of the Rings: Return to Moria,0.001,33,false
twitch,2026-09-30,Town to City,0.001,10,false
twitch,2026-09-30,Sun Haven,0.001,29,false
twitch,2026-09-30,Blossom: The Seed of Life,0.001,10,false
twitch,2026-09-30,Dragon Quest III: The Seeds of Salvation,0.001,5,false
twitch,2026-09-30,The Legend of Zelda: Skyward Sword,0.001,19,false
twitch,2026-09-30,Cash Cleaner Simulator,0.001,26,false
twitch,2026-09-30,Halo 3,0.001,22,false
twitch,2026-09-30,LEGO Star Wars: The Complete Saga,0.001,21,false
twitch,2026-09-30,DRAGON QUEST MONSTERS: The Dark Prince,0.001,32,false
twitch,2026-09-30,Super Mario Bros.,0.001,17,false
twitch,2026-09-30,Holdfast: Nations At War,0.001,31,false
twitch,2026-09-30,BLEACH Rebirth of Souls,0.001,51,false
twitch,2026-09-30,Virtua Fighter 5 R.E.V.O.,0.001,15,false
twitch,2026-09-30,Banishers: Ghosts of New Eden,0.001,38,false
twitch,2026-09-30,Watch Dogs 2,0.001,133,false
twitch,2026-09-30,The Walking Dead: A New Frontier,0.001,40,false
twitch,2026-09-30,Sonic and the Secret Rings,0.001,9,false
twitch,2026-09-30,Far Cry New Dawn,0.001,33,false
twitch,2026-09-30,World of Sea Battle,0.001,22,false
twitch,2026-09-30,X4: Foundations,0.001,14,false
twitch,2026-09-30,Yakuza 0: Director's Cut,0.001,30,false
twitch,2026-09-30,RUNNING TRAIN,0.001,6,false
twitch,2026-09-30,Call of Duty: Infinite Warfare,0.001,92,false
twitch,2026-09-30,The Sinking City,0.001,10,false
twitch,2026-09-30,City of Heroes,0.001,9,false
twitch,2026-09-30,Leafy Corner,0.001,15,false
twitch,2026-09-30,Soulmask,0.001,23,false
twitch,2026-09-30,TopSpin 2K25,0.001,31,false
twitch,2026-09-30,Call of Duty 4: Modern Warfare,0.001,31,false
twitch,2026-09-30,Donkey Kong Country 2: Diddy's Kong-Quest,0.001,16,false
twitch,2026-09-30,Table Tennis,0.001,9,false
twitch,2026-09-30,Grand Theft Auto III: The Definitive Edition,0.001,41,false
twitch,2026-09-30,Kingdom Hearts Final Mix,0.001,26,false
twitch,2026-09-30,Resident Evil: Revelations 2,0.001,26,false
twitch,2026-09-30,Quake,0.001,25,false
twitch,2026-09-30,Super Mario 3D World,0.001,7,false
twitch,2026-09-30,Ranch Simulator,0.001,19,false
twitch,2026-09-30,Devil May Cry 4: Special Edition,0.001,45,false
twitch,2026-09-30,SAROS,0.001,28,false
twitch,2026-09-30,The Legend of Zelda: Link's Awakening,0.001,7,false
twitch,2026-09-30,Kingdom Hearts Birth by Sleep,0.001,14,false
twitch,2026-09-30,Rumbleverse,0.001,14,false
twitch,2026-09-30,Dead Space (2008),0.001,18,false
twitch,2026-09-30,Life is Strange: Reunion,0.001,19,false
twitch,2026-09-30,Love and Deepspace,0.001,19,false
twitch,2026-09-30,Dragon Quest X: Mezameshi Itsutsu no Shuzoku Online,0.001,29,false
twitch,2026-09-30,Dark Hours,0.001,33,false
twitch,2026-09-30,Horsey Game,0.001,7,false
twitch,2026-09-30,Tom Clancy's Splinter Cell: Chaos Theory,0.001,8,false
twitch,2026-09-30,Mega Man X,0.001,28,false
twitch,2026-09-30,Skill Legends Royale,0.001,14,false
twitch,2026-09-30,Star Wars: Galaxy of Heroes,0.001,20,false
twitch,2026-09-30,Killer Klowns from Outer Space: The Game,0.001,15,false
twitch,2026-09-30,Grand Theft Auto,0.001,25,false
twitch,2026-09-30,Fran Bow,0.001,17,false
twitch,2026-09-30,Unrailed 2: Back on Track,0.001,6,false
twitch,2026-09-30,Space Station 13,0.001,5,false
twitch,2026-09-30,Streets of Rage 4,0.001,24,false
twitch,2026-09-30,Space Engineers 2,0.001,12,false
twitch,2026-09-30,Cheap Car Repair,0.001,6,false
twitch,2026-09-30,Portal,0.001,21,false
twitch,2026-09-30,Dragon Quest III HD-2D Remake,0.001,16,false
twitch,2026-09-30,Titan Quest Anniversary Edition,0.001,7,false
twitch,2026-09-30,Halo Wars 2,0.001,42,false
twitch,2026-09-30,Resident Evil 3: Nemesis,0.001,39,false
twitch,2026-09-30,Gotham Knights,0.001,45,false
twitch,2026-09-30,Vindictus,0.001,19,false
twitch,2026-09-30,Security 51,0.001,5,false
twitch,2026-09-30,Farm to Table,0.001,7,false
twitch,2026-09-30,Super Auto Pets,0.001,9,false
twitch,2026-09-30,Riichi City,0.001,15,false
twitch,2026-09-30,High Times,0.001,12,false
twitch,2026-09-30,"Papers, Please",0.001,21,false
twitch,2026-09-30,Fortune Street,0.001,11,false
twitch,2026-09-30,New Super Mario Bros. Wii,0.001,26,false
twitch,2026-09-30,Hatsune Miku: Project DIVA Mega Mix+,0.001,20,false
twitch,2026-09-30,Pokémon Mystery Dungeon: Explorers of Sky,0.001,19,false
twitch,2026-09-30,First Class Trouble,0.001,11,false
twitch,2026-09-30,Fire Emblem: Path of Radiance,0.001,14,false
twitch,2026-09-30,STORY OF SEASONS: Grand Bazaar,0.001,19,false
twitch,2026-09-30,Crash Bash,0.001,14,false
twitch,2026-09-30,Uncharted 2: Among Thieves,0.001,19,false
twitch,2026-09-30,Momentum Mod,0.001,6,false
twitch,2026-09-30,Metal Gear Solid: Peace Walker,0.001,17,false
twitch,2026-09-30,Blade & Soul NEO,0.001,9,false
twitch,2026-09-30,Dragonheir: Silent Gods,0.001,17,false
twitch,2026-09-30,Dota Underlords,0.001,9,false
twitch,2026-09-30,The Witness,0.001,10,false
twitch,2026-09-30,Gakuen iDOLM@STER,0.001,24,false
twitch,2026-09-30,New Pokémon Snap,0.001,7,false
twitch,2026-09-30,Golf It!,0.001,21,false
twitch,2026-09-30,Monster Train 2,0.001,7,false
twitch,2026-09-30,Infestation: The New Z,0.001,12,false
twitch,2026-09-30,Ratchet & Clank,0.001,18,false
twitch,2026-09-30,Minecraft: Story Mode,0.001,28,false
twitch,2026-09-30,Dragon Quest I & II HD-2D Remake,0.001,18,false
twitch,2026-09-30,Hitman 2: Silent Assassin,0.001,16,false
twitch,2026-09-30,Batman: The Telltale Series,0.001,27,false
twitch,2026-09-30,Pokémon XD: Gale of Darkness,0.001,19,false
twitch,2026-09-30,Prominence Poker,0.001,46,false
twitch,2026-09-30,Diablo Immortal,0.001,30,false
twitch,2026-09-30,Call of Duty: Vanguard,0.001,48,false
twitch,2026-09-30,Need for Speed: ProStreet,0.001,7,false
twitch,2026-09-30,FINAL FANTASY VIII Remastered,0.001,15,false
twitch,2026-09-30,Pokémon Mystery Dungeon: Blue/Red Rescue Team,0.001,8,false
twitch,2026-09-30,Realm Royale Reforged,0.001,10,false
twitch,2026-09-30,Command & Conquer: Generals,0.001,16,false
twitch,2026-09-30,Plants vs. Zombies: Garden Warfare 2,0.001,62,false
twitch,2026-09-30,Crimson Moon,0.001,22,false
twitch,2026-09-30,Dungeon Defenders II,0.001,15,false
twitch,2026-09-30,Contraband Police,0.001,26,false
twitch,2026-09-30,Dungeon Settlers,0.001,7,false
twitch,2026-09-30,Tormented Souls,0.001,15,false
twitch,2026-09-30,Marvel's Avengers,0.001,46,false
twitch,2026-09-30,Okko the Exiled,0.001,11,false
twitch,2026-09-30,Digimon Story: Cyber Sleuth - Hacker's Memory,0.001,17,false
twitch,2026-09-30,MEGA MAN STAR FORCE: Legacy Collection,0.001,14,false
twitch,2026-09-30,Assassin's Creed IV Black Flag,0.001,63,false
twitch,2026-09-30,Fallout Shelter,0.001,14,false
twitch,2026-09-30,Nuclear Option,0.001,10,false
twitch,2026-09-30,RPG Maker,0.001,10,false
twitch,2026-09-30,Tainted Grail: The Fall of Avalon,0.001,18,false
twitch,2026-09-30,Seafarer: The Ship Sim,0.001,23,false
twitch,2026-09-30,Monster Hunter 4 Ultimate,0.001,16,false
twitch,2026-09-30,Train Simulator Classic,0.000,5,false
twitch,2026-09-30,High on Life 2,0.000,41,false
twitch,2026-09-30,Star Wars: Knights of the Old Republic,0.000,21,false
twitch,2026-09-30,Wolfenstein II: The New Colossus,0.000,15,false
twitch,2026-09-30,The King of Fighters '98,0.000,7,false
twitch,2026-09-30,Medieval Juice Crafter,0.000,13,false
twitch,2026-09-30,Counter-Strike: Source,0.000,17,false
twitch,2026-09-30,Zombie Army 4: Dead War,0.000,32,false
twitch,2026-09-30,Happy's Humble Burger Farm,0.000,8,false
twitch,2026-09-30,Tekken Tag Tournament 2,0.000,5,false
twitch,2026-09-30,Metal: Hellsinger,0.000,7,false
twitch,2026-09-30,Animal Crossing: New Leaf,0.000,7,false
twitch,2026-09-30,Dravo's Twisted Show,0.000,6,false
twitch,2026-09-30,Captain Tsubasa II: World Fighters,0.000,25,false
twitch,2026-09-30,Sonic Origins,0.000,20,false
twitch,2026-09-30,MOBILE SUIT GUNDAM BATTLE OPERATION 2,0.000,45,false
twitch,2026-09-30,Yo-kai Watch,0.000,20,false
twitch,2026-09-30,MLB The Show 24,0.000,27,false
twitch,2026-09-30,Modern Warships,0.000,10,false
twitch,2026-09-30,Fallout 2,0.000,9,false
twitch,2026-09-30,Critical Ops,0.000,5,false
twitch,2026-09-30,Dr. Robotnik's Ring Racers,0.000,8,false
twitch,2026-09-30,Dragon Warrior IV,0.000,6,false
twitch,2026-09-30,Mortal Shell,0.000,10,false
twitch,2026-09-30,Evil School,0.000,5,false
twitch,2026-09-30,Pokémon Red Version,0.000,16,false
twitch,2026-09-30,Dungeon Fighter Online,0.000,11,false
twitch,2026-09-30,Pokémon Black Version 2,0.000,10,false
twitch,2026-09-30,Age of Empires,0.000,18,false
twitch,2026-09-30,Super Street Fighter II Turbo,0.000,7,false
twitch,2026-09-30,Streets of Rage 2,0.000,9,false
twitch,2026-09-30,Donkey Kong Country 3: Dixie Kong's Double Trouble!,0.000,6,false
twitch,2026-09-30,Insurgency: Sandstorm,0.000,73,false
twitch,2026-09-30,Lycans,0.000,7,false
twitch,2026-09-30,The Prince of Tennis Doki Doki Survival ~eternal passion! Tie break ♡ game,0.000,5,false
twitch,2026-09-30,SPLITGATE: Arena Reloaded,0.000,14,false
twitch,2026-09-30,Train Sim World 7,0.000,39,false
twitch,2026-09-30,Worms W.M.D,0.000,13,false
twitch,2026-09-30,Space Station 14,0.000,7,false
twitch,2026-09-30,Tom Clancy's Rainbow Six,0.000,41,false
twitch,2026-09-30,Two Point Hospital,0.000,10,false
twitch,2026-09-30,Winning Eleven: Pro Evolution Soccer 2007,0.000,20,false
twitch,2026-09-30,Iron Blight,0.000,9,false
twitch,2026-09-30,Fast Food Simulator,0.000,15,false
twitch,2026-09-30,Session: Skate Sim,0.000,21,false
twitch,2026-09-30,Call of Duty: Black Ops - Zombies,0.000,14,false
twitch,2026-09-30,Human Fall Flat 2,0.000,13,false
twitch,2026-09-30,Ultimate Chicken Horse,0.000,13,false
twitch,2026-09-30,Monster Hunter Stories 2: Wings of Ruin,0.000,10,false
twitch,2026-09-30,VALORANT Mobile,0.000,9,false
twitch,2026-09-30,The Seven Deadly Sins: Grand Cross,0.000,16,false
twitch,2026-09-30,Tales of the Shire,0.000,8,false
twitch,2026-09-30,Spyro the Dragon,0.000,15,false
twitch,2026-09-30,Dungeon Clawler,0.000,9,false
twitch,2026-09-30,The Legend of Zelda: Twilight Princess HD,0.000,12,false
twitch,2026-09-30,Powerful Pro Yakyuu 2026-2027,0.000,9,false
twitch,2026-09-30,Ghost Watchers,0.000,18,false
twitch,2026-09-30,Foolish Mortals,0.000,5,false
twitch,2026-09-30,Tomodachi Life,0.000,5,false
twitch,2026-09-30,Metalstorm,0.000,17,false
twitch,2026-09-30,Nickelodeon All-Star Brawl 2,0.000,9,false
twitch,2026-09-30,Street Fighter V,0.000,18,false
twitch,2026-09-30,Resident Evil Code: Veronica,0.000,9,false
twitch,2026-09-30,Anime Music Quiz,0.000,9,false
twitch,2026-09-30,The Battle Cats,0.000,22,false
twitch,2026-09-30,WGT Golf,0.000,28,false
twitch,2026-09-30,The Sims,0.000,10,false
twitch,2026-09-30,Coffee Talk,0.000,12,false
twitch,2026-09-30,Persona 5 Tactica,0.000,6,false
twitch,2026-09-30,Grand Theft Auto Advance,0.000,17,false
twitch,2026-09-30,Mount & Blade: Warband,0.000,8,false
twitch,2026-09-30,Farm Simulator 2025,0.000,7,false
twitch,2026-09-30,Don’t Sleep with the Fishes,0.000,7,false
twitch,2026-09-30,Wii Sports,0.000,8,false
twitch,2026-09-30,MapleStory N,0.000,7,false
twitch,2026-09-30,Mortal Kombat: Legacy Kollection,0.000,13,false
twitch,2026-09-30,LEGO Star Wars: The Skywalker Saga,0.000,20,false
twitch,2026-09-30,Soul Chained,0.000,9,false
twitch,2026-09-30,Forbidden Solitaire,0.000,8,false
twitch,2026-09-30,Life is Strange: Before the Storm,0.000,14,false
twitch,2026-09-30,F1 Manager 2024,0.000,18,false
twitch,2026-09-30,Forest Escape: Last Train,0.000,6,false
twitch,2026-09-30,Dead Island: Definitive Edition,0.000,20,false
twitch,2026-09-30,Thronebreaker: The Witcher Tales,0.000,5,false
twitch,2026-09-30,Persona 5 Strikers,0.000,11,false
twitch,2026-09-30,Terrinoth: Heroes of Descent,0.000,5,false
twitch,2026-09-30,Tales of Graces f Remastered,0.000,11,false
twitch,2026-09-30,Sonic Adventure DX: Director's Cut,0.000,13,false
twitch,2026-09-30,Halo 2: Anniversary,0.000,7,false
twitch,2026-09-30,Yet Another Zombie Survivors,0.000,21,false
twitch,2026-09-30,Halo 2,0.000,15,false
twitch,2026-09-30,Fallout: A Post Nuclear Role Playing Game,0.000,12,false
twitch,2026-09-30,Granblue Fantasy: Relink - Endless Ragnarok,0.000,15,false
twitch,2026-09-30,Into the Dead: Our Darkest Days,0.000,10,false
twitch,2026-09-30,EA Sports College Football 25,0.000,86,false
twitch,2026-09-30,Ni no Kuni: Wrath of the White Witch Remastered,0.000,9,false
twitch,2026-09-30,The Lord of the Rings: The Battle for Middle-earth,0.000,9,false
twitch,2026-09-30,Just Cause 2,0.000,7,false
twitch,2026-09-30,Titan Quest II,0.000,10,false
twitch,2026-09-30,Coffee Talk: Episode 2 - Hibiscus & Butterfly,0.000,5,false
twitch,2026-09-30,Star Wars Galaxies: An Empire Divided,0.000,7,false
twitch,2026-09-30,Anvil Empires,0.000,8,false
twitch,2026-09-30,Coffee Talk: Tokyo,0.000,7,false
twitch,2026-09-30,Luma Island,0.000,5,false
twitch,2026-09-30,DOOM³,0.000,6,false
twitch,2026-09-30,L.A. Noire,0.000,24,false
twitch,2026-09-30,Crash Tag Team Racing,0.000,8,false
twitch,2026-09-30,Suicide Squad: Kill the Justice League,0.000,19,false
twitch,2026-09-30,Wolfenstein: The New Order,0.000,18,false
twitch,2026-09-30,"20 More, Somehow Even Smaller, Mazes",0.000,5,false
twitch,2026-09-30,Uncanny Tales: The Watcher,0.000,5,false
twitch,2026-09-30,Trials of Mana,0.000,7,false
twitch,2026-09-30,Silent Still II,0.000,6,false
twitch,2026-09-30,Doom,0.000,29,false
twitch,2026-09-30,CRSED: F.O.A.D.,0.000,20,false
twitch,2026-09-30,Silent Hill: Origins,0.000,9,false
twitch,2026-09-30,DRAGON QUEST MONSTERS: The Withered World,0.000,9,false
twitch,2026-09-30,Birds Watching,0.000,5,false
twitch,2026-09-30,The Lord of the Rings: The Third Age,0.000,6,false
twitch,2026-09-30,Doom 3,0.000,6,false
twitch,2026-09-30,Tingus Goose,0.000,6,false
twitch,2026-09-30,ANIMAL WELL,0.000,8,false
twitch,2026-09-30,Make it Meme,0.000,10,false
twitch,2026-09-30,The Outer Worlds: Spacer's Choice Edition,0.000,14,false
twitch,2026-09-30,Blood Dungeon,0.000,6,false
twitch,2026-09-30,Digimon Story: Cyber Sleuth,0.000,12,false
twitch,2026-09-30,The Witcher 2: Assassins of Kings - Enhanced Edition,0.000,9,false
twitch,2026-09-30,Super Meat Boy 3D,0.000,7,false
twitch,2026-09-30,Religious Idle,0.000,5,false
twitch,2026-09-30,American Truck,0.000,7,false
twitch,2026-09-30,Streamer Life Simulator 2,0.000,8,false
twitch,2026-09-30,Streets of Rage,0.000,5,false
twitch,2026-09-30,Star Wars: Jedi Knight - Jedi Academy,0.000,7,false
twitch,2026-09-30,DEAD OR ALIVE 6 Last Round,0.000,16,false
twitch,2026-09-30,The Legend of Zelda: Majora's Mask 3D,0.000,7,false
twitch,2026-09-30,SWORD ART ONLINE Fractured Daydream,0.000,8,false
twitch,2026-09-30,Half-Life: Alyx,0.000,11,false
twitch,2026-09-30,Final Fantasy V,0.000,7,false
twitch,2026-09-30,Mortal Kombat XL,0.000,35,false
twitch,2026-09-30,Return to Monkey Island,0.000,5,false
twitch,2026-09-30,Dark Pals,0.000,5,false
twitch,2026-09-30,X-Men Origins: Wolverine,0.000,13,false
twitch,2026-09-30,Pool Blitz,0.000,28,false
twitch,2026-09-30,Rival Stars Horse Racing,0.000,8,false
twitch,2026-09-30,Fire Pro Wrestling World,0.000,7,false
twitch,2026-09-30,F-Zero 99,0.000,7,false
twitch,2026-09-30,Monster Hunter Stories,0.000,9,false
twitch,2026-09-30,Sonic Adventure,0.000,7,false
twitch,2026-09-30,Shovel Knight,0.000,6,false
twitch,2026-09-30,Horse Magnifier: The Full Horse,0.000,6,false
twitch,2026-09-30,LEGO The Lord of the Rings,0.000,5,false
twitch,2026-09-30,Pokémon Mystery Dungeon: Rescue Team DX,0.000,5,false
twitch,2026-09-30,Click the Button,0.000,5,false
twitch,2026-09-30,Cyber Hunter,0.000,5,false
twitch,2026-09-30,Metal Gear Solid V: Ground Zeroes,0.000,7,false
twitch,2026-09-30,Plants vs. Zombies: Replanted,0.000,10,false
twitch,2026-09-30,Tears of Metal,0.000,8,false
twitch,2026-09-30,Pizza House Simulator,0.000,14,false
twitch,2026-09-30,s&box,0.000,5,false
twitch,2026-09-30,.hack//G.U. Vol. 2: Reminisce,0.000,5,false
twitch,2026-09-30,Fallout 4: Anniversary Edition,0.000,7,false
twitch,2026-09-30,Silent Hill: The Short Message,0.000,30,false
twitch,2026-09-30,Super Mario Strikers,0.000,5,false
twitch,2026-09-30,Tekken 7,0.000,15,false
twitch,2026-09-30,CookieRun: Kingdom,0.000,10,false
twitch,2026-09-30,Poker Night at the Inventory,0.000,6,false
twitch,2026-09-30,Mega Man X Regenesis,0.000,5,false
twitch,2026-09-30,Monster Hunter Frontier G,0.000,6,false
twitch,2026-09-30,Project Wingman,0.000,16,false
twitch,2026-09-30,WE ARE SO DEAD,0.000,8,false
twitch,2026-09-30,Kingdom Hearts,0.000,8,false
twitch,2026-09-30,Scarlet Hollow,0.000,7,false
twitch,2026-09-30,NBA 2K24,0.000,18,false
twitch,2026-09-30,Fushigi no Dungeon: Torneko no Daibouken,0.000,6,false
twitch,2026-09-30,Sonic Mania,0.000,10,false
twitch,2026-09-30,Age of Empires Mobile,0.000,6,false
twitch,2026-09-30,Plants vs. Zombies: Garden Warfare,0.000,15,false
twitch,2026-09-30,Max Payne 2: The Fall of Max Payne,0.000,10,false
twitch,2026-09-30,Super Mario Bros. Wonder,0.000,10,false
twitch,2026-09-30,Little Rocket Lab,0.000,5,false
twitch,2026-09-30,Grand Theft Auto: Liberty City Stories,0.000,9,false
twitch,2026-09-30,Star Trucker,0.000,9,false
twitch,2026-09-30,Dragon Quest XI: Echoes of an Elusive Age,0.000,6,false
twitch,2026-09-30,Mage Arena,0.000,5,false
twitch,2026-09-30,Halo Wars,0.000,11,false
twitch,2026-09-30,Retro Game Challenge,0.000,7,false
twitch,2026-09-30,Halo 3: ODST,0.000,6,false
twitch,2026-09-30,Wrestling Empire,0.000,5,false
twitch,2026-09-30,Cast n Chill,0.000,5,false
twitch,2026-09-30,Gears Tactics,0.000,7,false
twitch,2026-09-30,Yo-Kai Watch 2: Psychic Specters,0.000,5,false
twitch,2026-09-30,Plants vs. Zombies,0.000,15,false
twitch,2026-09-30,Dofus Retro,0.000,7,false
twitch,2026-09-30,Clash of Critters,0.000,5,false
twitch,2026-09-30,Tekken,0.000,5,false
twitch,2026-09-30,Euro Truck Simulator,0.000,7,false
twitch,2026-09-30,Just Cause 4,0.000,9,false
twitch,2026-09-30,Pokkén Tournament DX,0.000,5,false
twitch,2026-09-30,Pixel Gun 3D,0.000,11,false
twitch,2026-09-30,Rugby League 26,0.000,16,false
twitch,2026-09-30,Destiny: Rising,0.000,5,false
twitch,2026-09-30,Dive or Die: Children of Rain,0.000,5,false
twitch,2026-09-30,Hatsune Miku: Project DIVA Mega Mix,0.000,5,false
twitch,2026-09-30,Ace Combat 04: Shattered Skies,0.000,5,false
twitch,2026-09-30,RollerCoaster Tycoon,0.000,5,false
twitch,2026-09-30,CS2D,0.000,5,false
twitch,2026-09-30,F.E.A.R. 2: Project Origin,0.000,5,false
twitch,2026-09-30,Tekken 4,0.000,5,false
twitch,2026-09-30,Pro Evolution Soccer,0.000,7,false
twitch,2026-09-30,Star Wars: Jedi Knight II - Jedi Outcast,0.000,5,false
twitch,2026-09-30,Ghost Exile,0.000,5,false
twitch,2026-09-30,Dragon's Dogma,0.000,5,false
twitch,2026-09-30,Borderlands 3,0.000,20,false
twitch,2026-09-30,The Four Kings Casino and Slots,0.000,7,false
twitch,2026-09-30,The Bus,0.000,15,false
twitch,2026-09-30,Buckshot Roulette,0.000,14,false
twitch,2026-09-30,EZ2ON REBOOT : R,0.000,6,false
twitch,2026-09-30,Talk To Me,0.000,7,false
twitch,2026-09-30,Tekken 6,0.000,7,false
twitch,2026-09-30,The Legend of Zelda: Oracle of Ages,0.000,5,false
twitch,2026-09-30,Rune Factory 4 Special,0.000,5,false
twitch,2026-09-30,Metro 2033,0.000,7,false
twitch,2026-09-30,BMX Streets,0.000,9,false
twitch,2026-09-30,Poker Chase,0.000,5,false
twitch,2026-09-30,Rocket League Sideswipe,0.000,11,false
twitch,2026-09-30,The Witcher: Enhanced Edition Director's Cut,0.000,5,false
twitch,2026-09-30,Jujutsu Kaisen: Cursed Clash,0.000,7,false
twitch,2026-09-30,Plants vs. Zombies: Battle for Neighborville,0.000,8,false
twitch,2026-09-30,Sly 2: Band of Thieves,0.000,5,false
twitch,2026-09-30,Music Maker,0.000,12,false
twitch,2026-09-30,Injustice: Gods Among Us,0.000,6,false
twitch,2026-09-30,Super Mega Baseball 4,0.000,11,false
twitch,2026-09-30,S.O.N.A.R.: Submarine Operators Not Actually Ready,0.000,5,false
twitch,2026-09-30,BlazBlue: Entropy Effect X,0.000,6,false
twitch,2026-09-30,Scam Line,0.000,6,false
twitch,2026-09-30,Apex Legends Mobile,0.000,7,false
twitch,2026-09-30,Just Shapes & Beats,0.000,6,false
twitch,2026-09-30,Football Life 2025,0.000,5,false
twitch,2026-09-30,Strikers Club,0.000,8,false
twitch,2026-09-30,JoJo’s Bizarre Adventure: All-Star Battle R,0.000,8,false
twitch,2026-09-30,Blade & Sorcery,0.000,6,false
twitch,2026-09-30,Animal Company,0.000,9,false
twitch,2026-09-30,Bus Simulator,0.000,9,false
twitch,2026-09-30,Mortal Kombat,0.000,8,false
twitch,2026-09-30,Need for Speed Most Wanted U,0.000,8,false
twitch,2026-09-30,FIFA 14,0.000,6,false
twitch,2026-09-30,FPS Chess,0.000,5,false
twitch,2026-09-30,Fitness Boxing 3: Your Personal Trainer,0.000,6,false
twitch,2026-09-30,Morbid Metal,0.000,5,false
twitch,2026-09-30,Far Cry,0.000,5,false
twitch,2026-09-30,Train Sim World 6,0.000,7,false
twitch,2026-09-30,Basketball,0.000,5,false
twitch,2026-09-30,Zombie Army Trilogy,0.000,6,false
twitch,2026-09-30,Candy Crush Saga,0.000,6,false
twitch,2026-09-30,Bus Bound,0.000,5,false
twitch,2026-09-30,(other: 668 categories with fewer than 5 channels),0.173,,false
twitch,2026-10-01,Just Chatting,11.489,327,false
twitch,2026-10-01,Grand Theft Auto V,5.204,204,false
twitch,2026-10-01,Apex Legends,4.269,227,false
twitch,2026-10-01,AION 2,3.979,131,false
twitch,2026-10-01,World of Warcraft,3.538,187,false
twitch,2026-10-01,VALORANT,3.394,234,false
twitch,2026-10-01,IRL,3.016,215,false
twitch,2026-10-01,Dota 2,2.752,206,false
twitch,2026-10-01,League of Legends,2.478,179,false
twitch,2026-10-01,Minecraft,2.262,269,false
twitch,2026-10-01,Counter-Strike,2.251,347,false
twitch,2026-10-01,Fortnite,2.164,267,false
twitch,2026-10-01,Gears of War: E-Day,1.922,170,false
twitch,2026-10-01,Rust,1.833,143,false
twitch,2026-10-01,EA Sports FC 27,1.793,220,false
twitch,2026-10-01,Among Us,1.547,352,false
twitch,2026-10-01,WARDOGS,1.370,207,false
twitch,2026-10-01,The Witcher 3: Wild Hunt Remastered,1.204,200,false
twitch,2026-10-01,Slots,1.176,221,true
twitch,2026-10-01,Deadlock,1.150,197,false
twitch,2026-10-01,World of Tanks,1.009,229,false
twitch,2026-10-01,Overwatch,0.914,233,false
twitch,2026-10-01,Rainbow Six Siege,0.831,299,false
twitch,2026-10-01,Always On,0.819,77,false
twitch,2026-10-01,Dead by Daylight,0.780,277,false
twitch,2026-10-01,Teamfight Tactics,0.778,225,false
twitch,2026-10-01,Special Events,0.754,197,false
twitch,2026-10-01,Minecraft Dungeons II,0.743,257,false
twitch,2026-10-01,Hearthstone,0.723,214,false
twitch,2026-10-01,SILENT HILL: townfall,0.722,279,false
twitch,2026-10-01,Rocket League,0.681,364,false
twitch,2026-10-01,Pokémon FireRed/LeafGreen,0.658,255,false
twitch,2026-10-01,Tibia,0.650,156,false
twitch,2026-10-01,Street Fighter 6,0.647,294,false
twitch,2026-10-01,ASMR,0.631,230,false
twitch,2026-10-01,Valheim,0.607,222,false
twitch,2026-10-01,Escape from Tarkov,0.599,206,false
twitch,2026-10-01,Call of Duty: Warzone,0.590,225,false
twitch,2026-10-01,Heroes of the Storm,0.513,219,false
twitch,2026-10-01,I'm Only Sleeping,0.511,138,false
twitch,2026-10-01,Don't Drop The Cake,0.496,32,false
twitch,2026-10-01,Marvel Rivals,0.474,214,false
twitch,2026-10-01,Sports,0.425,292,false
twitch,2026-10-01,PUBG: BATTLEGROUNDS,0.359,286,false
twitch,2026-10-01,Arena Breakout: Infinite,0.350,187,false
twitch,2026-10-01,Albion Online,0.348,173,false
twitch,2026-10-01,ARC Raiders,0.329,192,false
twitch,2026-10-01,"Warhammer 40,000: Space Marine II",0.326,275,false
twitch,2026-10-01,Crypto,0.321,177,false
twitch,2026-10-01,Retro,0.318,228,false
twitch,2026-10-01,ELDEN RING,0.316,213,false
twitch,2026-10-01,Music,0.312,291,false
twitch,2026-10-01,DJs,0.304,320,false
twitch,2026-10-01,"Animals, Aquariums, and Zoos",0.291,49,false
twitch,2026-10-01,Genshin Impact,0.287,276,false
twitch,2026-10-01,Delta Force,0.280,221,false
twitch,2026-10-01,NBA 2K27,0.275,205,false
twitch,2026-10-01,CONTROL Resonant,0.269,240,false
twitch,2026-10-01,Heroes of Might and Magic III: The Restoration of Erathia,0.268,125,false
twitch,2026-10-01,Science & Technology,0.263,146,false
twitch,2026-10-01,Art,0.257,265,false
twitch,2026-10-01,Black Desert,0.256,195,false
twitch,2026-10-01,"Pools, Hot Tubs, and Beaches",0.253,136,false
twitch,2026-10-01,Warframe,0.237,264,false
twitch,2026-10-01,NTE: Neverness to Everness,0.236,320,false
twitch,2026-10-01,Virtual Casino,0.235,112,true
twitch,2026-10-01,VRChat,0.233,319,false
twitch,2026-10-01,Project Zomboid,0.232,246,false
twitch,2026-10-01,Aniimo,0.229,289,false
twitch,2026-10-01,Fire Emblem: Fortune's Weave,0.221,220,false
twitch,2026-10-01,Z1: Battle Royale,0.218,301,false
twitch,2026-10-01,Old School RuneScape,0.217,232,false
twitch,2026-10-01,Magic: The Gathering,0.216,278,false
twitch,2026-10-01,Madden NFL 27,0.214,387,false
twitch,2026-10-01,Warcraft III,0.209,244,false
twitch,2026-10-01,Talk Shows & Podcasts,0.207,314,false
twitch,2026-10-01,The Witcher 3: Wild Hunt,0.204,240,false
twitch,2026-10-01,ACE COMBAT 8: WINGS OF THEVE,0.200,262,false
twitch,2026-10-01,Graveyard Keeper II,0.198,289,false
twitch,2026-10-01,Poker,0.195,220,true
twitch,2026-10-01,ROBLOX,0.193,517,false
twitch,2026-10-01,Palia,0.186,197,false
twitch,2026-10-01,Trackmania,0.173,191,false
twitch,2026-10-01,Games + Demos,0.170,413,false
twitch,2026-10-01,osu!,0.169,499,false
twitch,2026-10-01,Total War: WARHAMMER III,0.169,227,false
twitch,2026-10-01,FINAL FANTASY XIV ONLINE,0.160,296,false
twitch,2026-10-01,THE FINALS,0.157,294,false
twitch,2026-10-01,Halloween: The Game,0.152,326,false
twitch,2026-10-01,Clash Royale,0.152,401,false
twitch,2026-10-01,Diablo IV,0.152,232,false
twitch,2026-10-01,Mobile Legends: Bang Bang,0.151,265,false
twitch,2026-10-01,DayZ,0.151,251,false
twitch,2026-10-01,Red Dead Redemption II,0.151,297,false
twitch,2026-10-01,Kingdom Hearts II Final Mix,0.142,29,false
twitch,2026-10-01,Star Citizen,0.141,196,false
twitch,2026-10-01,Knight Online,0.141,177,false
twitch,2026-10-01,Chess,0.137,354,false
twitch,2026-10-01,Marbles on Stream,0.136,262,false
twitch,2026-10-01,Kings League,0.136,10,false
twitch,2026-10-01,Backrooms: Code Yellow,0.132,34,false
twitch,2026-10-01,Garry's Mod,0.131,164,false
twitch,2026-10-01,nanos world,0.127,78,false
twitch,2026-10-01,Slay the Spire II,0.126,366,false
twitch,2026-10-01,Watch Your Plastic Duck,0.126,11,false
twitch,2026-10-01,RuneScape: Dragonwilds,0.125,283,false
twitch,2026-10-01,Hunt: Showdown 1896,0.125,276,false
twitch,2026-10-01,Destiny 2,0.122,198,false
twitch,2026-10-01,The Blood of Dawnwalker,0.118,299,false
twitch,2026-10-01,ARK: Survival Ascended,0.118,247,false
twitch,2026-10-01,Age of Empires II,0.118,243,false
twitch,2026-10-01,Super Mario Maker 2,0.117,121,false
twitch,2026-10-01,Pokémon Champions,0.116,340,false
twitch,2026-10-01,BOMBANANA!,0.112,350,false
twitch,2026-10-01,Path of Exile 2,0.112,208,false
twitch,2026-10-01,Dark Souls: Remastered,0.108,317,false
twitch,2026-10-01,Geometry Dash,0.105,526,false
twitch,2026-10-01,MARVEL SNAP,0.104,125,false
twitch,2026-10-01,Software and Game Development,0.104,272,false
twitch,2026-10-01,Call of Duty: Black Ops 7,0.103,272,false
twitch,2026-10-01,Terraria,0.100,358,false
twitch,2026-10-01,Sea of Thieves,0.099,250,false
twitch,2026-10-01,My Hero Ultra Rumble,0.096,276,false
twitch,2026-10-01,Big Walk,0.096,260,false
twitch,2026-10-01,Pokémon HeartGold/SoulSilver,0.095,140,false
twitch,2026-10-01,Phasmophobia,0.093,408,false
twitch,2026-10-01,Food & Drink,0.092,180,false
twitch,2026-10-01,Guild Wars 2,0.090,247,false
twitch,2026-10-01,Tom Clancy's The Division 2,0.088,235,false
twitch,2026-10-01,SMITE 2,0.088,272,false
twitch,2026-10-01,Co-working & Studying,0.087,229,false
twitch,2026-10-01,Gakuen iDOLM@STER,0.086,6,false
twitch,2026-10-01,Super Battle Golf,0.085,110,false
twitch,2026-10-01,theHunter: Call of the Wild,0.084,301,false
twitch,2026-10-01,Dungeons & Dragons,0.084,237,false
twitch,2026-10-01,PEAK,0.082,447,false
twitch,2026-10-01,Jinro Metropolis,0.082,25,false
twitch,2026-10-01,Grand Theft Auto: San Andreas,0.082,325,false
twitch,2026-10-01,Super Smash Bros. Ultimate,0.082,352,false
twitch,2026-10-01,MLB The Show 26,0.079,381,false
twitch,2026-10-01,Call of Duty: Black Ops III,0.079,432,false
twitch,2026-10-01,The Binding of Isaac: Repentance,0.078,397,false
twitch,2026-10-01,TEKKEN 8,0.078,354,false
twitch,2026-10-01,iRacing,0.078,359,false
twitch,2026-10-01,The Isle,0.076,287,false
twitch,2026-10-01,EVE Online,0.076,121,false
twitch,2026-10-01,Mortal Shell II,0.073,293,false
twitch,2026-10-01,American Truck Simulator,0.073,309,false
twitch,2026-10-01,Dofus,0.073,183,false
twitch,2026-10-01,The Elder Scrolls Online,0.072,240,false
twitch,2026-10-01,MARVEL TŌKON: Fighting Souls,0.071,182,false
twitch,2026-10-01,Super Mario 64,0.071,240,false
twitch,2026-10-01,Eternal Return,0.070,164,false
twitch,2026-10-01,ELDEN RING NIGHTREIGN,0.070,291,false
twitch,2026-10-01,MapleStory,0.069,201,false
twitch,2026-10-01,Fall Guys,0.068,427,false
twitch,2026-10-01,Super Smash Bros. Melee,0.068,149,false
twitch,2026-10-01,Battlefield 6,0.066,355,false
twitch,2026-10-01,RESIDENT EVIL: requiem,0.064,332,false
twitch,2026-10-01,Yu-Gi-Oh! Master Duel,0.063,321,false
twitch,2026-10-01,League of Legends: Wild Rift,0.062,273,false
twitch,2026-10-01,Pokémon Trading Card Game,0.061,225,false
twitch,2026-10-01,Euro Truck Simulator 2,0.060,384,false
twitch,2026-10-01,Brawl Stars,0.057,421,false
twitch,2026-10-01,Hollow Knight: Silksong,0.057,311,false
twitch,2026-10-01,RuneScape,0.057,144,false
twitch,2026-10-01,Honkai: Star Rail,0.057,386,false
twitch,2026-10-01,Kingdom Hearts HD 1.5 + 2.5 ReMIX,0.057,297,false
twitch,2026-10-01,Once Human,0.056,264,false
twitch,2026-10-01,Rise Online,0.056,69,false
twitch,2026-10-01,Hollow Knight,0.056,374,false
twitch,2026-10-01,The Sims 4,0.055,348,false
twitch,2026-10-01,EA Sports FC 26,0.054,335,false
twitch,2026-10-01,Farming Simulator 25,0.054,339,false
twitch,2026-10-01,Baldur's Gate 3,0.053,335,false
twitch,2026-10-01,Mimic Party,0.053,192,false
twitch,2026-10-01,Pokémon,0.053,236,false
twitch,2026-10-01,Pokémon GO,0.052,189,false
twitch,2026-10-01,Super Mario Odyssey,0.051,112,false
twitch,2026-10-01,Dark and Darker,0.051,206,false
twitch,2026-10-01,STALZONE,0.050,259,false
twitch,2026-10-01,DARK SOULS III,0.049,323,false
twitch,2026-10-01,Zenless Zone Zero,0.048,491,false
twitch,2026-10-01,Pokémon Community Game,0.048,138,false
twitch,2026-10-01,Mario Kart World,0.048,258,false
twitch,2026-10-01,Balatro,0.047,246,false
twitch,2026-10-01,RESIDENT EVIL 7 biohazard,0.046,334,false
twitch,2026-10-01,WWE 2K26,0.045,448,false
twitch,2026-10-01,R.E.P.O.,0.045,460,false
twitch,2026-10-01,The Elder Scrolls V: Skyrim - Special Edition,0.045,253,false
twitch,2026-10-01,Black Russia,0.045,91,false
twitch,2026-10-01,War Thunder,0.045,369,false
twitch,2026-10-01,Diablo II: Resurrected,0.044,214,false
twitch,2026-10-01,Grand Theft Auto IV,0.044,344,false
twitch,2026-10-01,Pokémon Emerald Version,0.043,188,false
twitch,2026-10-01,RimWorld,0.041,210,false
twitch,2026-10-01,Clair Obscur: Expedition 33,0.041,312,false
twitch,2026-10-01,HELLDIVERS 2,0.040,386,false
twitch,2026-10-01,Dune: Awakening,0.040,279,false
twitch,2026-10-01,Marathon,0.039,244,false
twitch,2026-10-01,Ready or Not,0.039,439,false
twitch,2026-10-01,Lost Ark,0.039,193,false
twitch,2026-10-01,Le Mans Ultimate,0.039,267,false
twitch,2026-10-01,eFootball,0.039,418,false
twitch,2026-10-01,A Weird Game About Sausage,0.039,105,false
twitch,2026-10-01,Makers & Crafting,0.037,274,false
twitch,2026-10-01,Animal Crossing: New Horizons,0.037,198,false
twitch,2026-10-01,Football Manager 26,0.037,155,false
twitch,2026-10-01,The Bazaar,0.036,45,false
twitch,2026-10-01,Shakes and Fidget,0.036,32,false
twitch,2026-10-01,Persona 5 Royal,0.036,272,false
twitch,2026-10-01,Call of Duty: Black Ops II,0.036,434,false
twitch,2026-10-01,Heroes of Might & Magic: Olden Era,0.036,51,false
twitch,2026-10-01,The Outlast Trials,0.035,398,false
twitch,2026-10-01,Lies of P,0.035,273,false
twitch,2026-10-01,the cabin game,0.034,61,false
twitch,2026-10-01,Pokémon UNITE,0.034,267,false
twitch,2026-10-01,The Legend of Zelda: Majora's Mask,0.034,178,false
twitch,2026-10-01,Age of Empires IV,0.034,156,false
twitch,2026-10-01,DARK SOULS II: Scholar of the First Sin,0.034,268,false
twitch,2026-10-01,The Legend of Zelda: Twilight Princess,0.033,195,false
twitch,2026-10-01,Stardew Valley,0.033,393,false
twitch,2026-10-01,Resident Evil 2,0.033,337,false
twitch,2026-10-01,Call of Duty,0.032,536,false
twitch,2026-10-01,Fallout 76,0.032,297,false
twitch,2026-10-01,Cyberpunk 2077,0.032,342,false
twitch,2026-10-01,007 First Light,0.032,268,false
twitch,2026-10-01,Anime Squad,0.032,57,false
twitch,2026-10-01,Machine Party,0.031,89,false
twitch,2026-10-01,Where Winds Meet,0.031,254,false
twitch,2026-10-01,Politics,0.031,122,false
twitch,2026-10-01,Pokémon Platinum Version,0.031,92,false
twitch,2026-10-01,No Man's Sky,0.031,304,false
twitch,2026-10-01,Jackbox Party Packs,0.031,176,false
twitch,2026-10-01,REMATCH,0.030,439,false
twitch,2026-10-01,GeoGuessr,0.030,352,false
twitch,2026-10-01,The Elder Scrolls V: Skyrim,0.030,356,false
twitch,2026-10-01,NARAKA: BLADEPOINT,0.029,191,false
twitch,2026-10-01,Halo Infinite,0.029,314,false
twitch,2026-10-01,TCG Card Shop Simulator,0.029,287,false
twitch,2026-10-01,The Legend of Zelda: Breath of the Wild,0.028,208,false
twitch,2026-10-01,Palworld,0.028,350,false
twitch,2026-10-01,Walk of Life,0.028,12,false
twitch,2026-10-01,F1 25,0.028,500,false
twitch,2026-10-01,For Honor,0.028,382,false
twitch,2026-10-01,MECCHA CHAMELEON,0.027,303,false
twitch,2026-10-01,Miniatures & Models,0.027,259,false
twitch,2026-10-01,How to Fish,0.027,434,false
twitch,2026-10-01,The Last of Us Part I,0.026,374,false
twitch,2026-10-01,Forza Horizon 6,0.026,423,false
twitch,2026-10-01,Dragon Ball Z: Dokkan Battle,0.026,103,false
twitch,2026-10-01,EA Sports College Football 27,0.025,836,false
twitch,2026-10-01,Resonance: A Plague Tale Legacy,0.025,224,false
twitch,2026-10-01,Contraband Police,0.025,24,false
twitch,2026-10-01,Microsoft Flight Simulator 2024,0.024,273,false
twitch,2026-10-01,Dark Souls II,0.024,39,false
twitch,2026-10-01,The Legend of Zelda: Tears of the Kingdom,0.024,177,false
twitch,2026-10-01,Summoners War: Sky Arena,0.024,70,false
twitch,2026-10-01,DRAGON BALL GEKISHIN SQUADRA,0.023,279,false
twitch,2026-10-01,FINAL FANTASY VII,0.023,98,false
twitch,2026-10-01,Assassin's Creed Valhalla,0.023,197,false
twitch,2026-10-01,Resident Evil Village,0.022,360,false
twitch,2026-10-01,Super Mario World,0.022,139,false
twitch,2026-10-01,Dead as Disco,0.022,166,false
twitch,2026-10-01,FTL: Faster Than Light,0.022,25,false
twitch,2026-10-01,Halo: The Master Chief Collection,0.022,280,false
twitch,2026-10-01,Casino Simulator 2024,0.021,31,false
twitch,2026-10-01,Team Fortress 2,0.021,310,false
twitch,2026-10-01,Grand Theft Auto: Vice City,0.021,92,false
twitch,2026-10-01,Pokémon Pokopia,0.021,191,false
twitch,2026-10-01,The Last of Us Part II Remastered,0.021,387,false
twitch,2026-10-01,God of War Ragnarök,0.021,382,false
twitch,2026-10-01,False Hero,0.021,19,false
twitch,2026-10-01,Tomodachi Life: Living the Dream,0.020,232,false
twitch,2026-10-01,Pokémon Crystal Version,0.020,40,false
twitch,2026-10-01,SILENT HILL ƒ,0.020,249,false
twitch,2026-10-01,FINAL FANTASY X,0.020,108,false
twitch,2026-10-01,Gartic Phone,0.020,243,false
twitch,2026-10-01,Riftbound,0.020,66,false
twitch,2026-10-01,lily's world XD,0.019,43,false
twitch,2026-10-01,Shadowverse: Worlds Beyond,0.019,128,false
twitch,2026-10-01,Super Mario Party Jamboree,0.019,47,false
twitch,2026-10-01,POOL LOOP,0.019,18,false
twitch,2026-10-01,Control,0.018,251,false
twitch,2026-10-01,Deskrawl: Idle APRG,0.018,32,false
twitch,2026-10-01,Fallout 4,0.018,305,false
twitch,2026-10-01,FINAL FANTASY XI ONLINE,0.018,93,false
twitch,2026-10-01,PlateUp!,0.018,109,false
twitch,2026-10-01,The Quarry,0.018,210,false
twitch,2026-10-01,Dragon's Dogma II,0.018,167,false
twitch,2026-10-01,Umamusume: Pretty Derby,0.017,190,false
twitch,2026-10-01,Happy's Humble Burger Farm,0.017,8,false
twitch,2026-10-01,Minecraft: Story Mode,0.017,17,false
twitch,2026-10-01,Shift at Midnight,0.017,341,false
twitch,2026-10-01,Resident Evil 4,0.017,475,false
twitch,2026-10-01,Blue Prince,0.017,125,false
twitch,2026-10-01,Darkest Dungeon,0.017,90,false
twitch,2026-10-01,FINAL FANTASY XVI,0.017,170,false
twitch,2026-10-01,Metaphor: ReFantazio,0.017,102,false
twitch,2026-10-01,Watch_Dogs,0.016,103,false
twitch,2026-10-01,Animaly Bar: NO HUMANITY!,0.016,31,false
twitch,2026-10-01,Call of Duty: Black Ops,0.016,294,false
twitch,2026-10-01,Deltarune,0.016,279,false
twitch,2026-10-01,The Legend of Zelda: A Link to the Past,0.016,184,false
twitch,2026-10-01,Pokémon Legends: Z-A,0.016,183,false
twitch,2026-10-01,Out of the Park Baseball 27,0.016,14,false
twitch,2026-10-01,Super Metroid,0.015,102,false
twitch,2026-10-01,Mistfall Hunter,0.015,167,false
twitch,2026-10-01,FINAL FANTASY VII REBIRTH,0.015,272,false
twitch,2026-10-01,Raid: Shadow Legends,0.015,70,false
twitch,2026-10-01,Call of Duty: Modern Warfare III,0.015,539,false
twitch,2026-10-01,Left 4 Dead 2,0.015,395,false
twitch,2026-10-01,Kingdom Come: Deliverance II,0.014,287,false
twitch,2026-10-01,Raft,0.014,167,false
twitch,2026-10-01,They Are Billions,0.014,28,false
twitch,2026-10-01,Super Mario Bros. 3,0.014,24,false
twitch,2026-10-01,Endacopia,0.014,97,false
twitch,2026-10-01,Path of Exile,0.014,171,false
twitch,2026-10-01,F.E.A.R.,0.014,24,false
twitch,2026-10-01,Star Wars Zero Company,0.013,233,false
twitch,2026-10-01,Heroes of Newerth Reborn,0.013,33,false
twitch,2026-10-01,Resident Evil 3,0.013,286,false
twitch,2026-10-01,Assassin's Creed Black Flag Resynced,0.013,300,false
twitch,2026-10-01,Touhou Koumakyou: New Classic - The Embodiment of Scarlet Devil,0.013,29,false
twitch,2026-10-01,Pogostuck: Rage With Your Friends,0.013,45,false
twitch,2026-10-01,Escape the Backrooms,0.012,394,false
twitch,2026-10-01,Fallout: New Vegas,0.012,152,false
twitch,2026-10-01,Star Wars: The Old Republic,0.012,125,false
twitch,2026-10-01,Dragon Quest Heroes: Torneko's Mystery Dungeon Classic HD,0.012,73,false
twitch,2026-10-01,Active Matter,0.012,68,false
twitch,2026-10-01,Okko the Exiled,0.012,55,false
twitch,2026-10-01,Sid Meier's Civilization V,0.012,35,false
twitch,2026-10-01,Schedule I,0.012,279,false
twitch,2026-10-01,Clone Hero,0.012,207,false
twitch,2026-10-01,NBA 2K26,0.012,417,false
twitch,2026-10-01,Crash Bash,0.012,18,false
twitch,2026-10-01,FINAL FANTASY VII REMAKE,0.012,248,false
twitch,2026-10-01,FINAL FANTASY IX,0.012,70,false
twitch,2026-10-01,Resident Evil,0.012,139,false
twitch,2026-10-01,Lethal Company,0.012,265,false
twitch,2026-10-01,Gears 5,0.011,299,false
twitch,2026-10-01,FINAL FANTASY VIII,0.011,44,false
twitch,2026-10-01,Lego & Brickbuilding,0.011,102,false
twitch,2026-10-01,Mortal Kombat 1,0.011,348,false
twitch,2026-10-01,Microscape,0.011,24,false
twitch,2026-10-01,Mario Kart Wii,0.011,114,false
twitch,2026-10-01,Battle Brothers,0.011,30,false
twitch,2026-10-01,Graveyard Keeper,0.011,156,false
twitch,2026-10-01,Casino Jackpot,0.011,6,false
twitch,2026-10-01,Anime Shop Simulator ✨,0.011,95,false
twitch,2026-10-01,House 2,0.011,15,false
twitch,2026-10-01,Call of Duty: Black Ops 6,0.011,273,false
twitch,2026-10-01,Risk of Rain 2,0.011,183,false
twitch,2026-10-01,Disciples II: Rise of the Elves,0.010,22,false
twitch,2026-10-01,Escape from Tarkov: Arena,0.010,174,false
twitch,2026-10-01,Writing & Reading,0.010,163,false
twitch,2026-10-01,Star Trek Fleet Command,0.010,33,false
twitch,2026-10-01,Board Games,0.010,63,false
twitch,2026-10-01,Fitness & Health,0.010,157,false
twitch,2026-10-01,Tomb Raider I•II•III Remastered,0.010,91,false
twitch,2026-10-01,Legend of YMIR,0.010,28,false
twitch,2026-10-01,Gran Turismo 7,0.010,456,false
twitch,2026-10-01,Mahjong Soul,0.010,169,false
twitch,2026-10-01,Fears to Fathom - Scratch Creek,0.010,62,false
twitch,2026-10-01,Mario Kart 8 Deluxe,0.010,196,false
twitch,2026-10-01,Pokémon Sword/Shield,0.010,136,false
twitch,2026-10-01,Heavy Rain,0.010,60,false
twitch,2026-10-01,Princess Maker: Children of Revelation,0.010,6,false
twitch,2026-10-01,HλLF-LIFE,0.010,59,false
twitch,2026-10-01,Silent Hill 2,0.010,324,false
twitch,2026-10-01,Clash of Clans,0.010,147,false
twitch,2026-10-01,GUILTY GEAR -STRIVE-,0.009,161,false
twitch,2026-10-01,Shiren the Wanderer: The Mystery Dungeon of Serpentcoil Island,0.009,32,false
twitch,2026-10-01,hololive Dreams,0.009,62,false
twitch,2026-10-01,Sid Meier's Civilization VI,0.009,74,false
twitch,2026-10-01,Gwent: The Witcher Card Game,0.009,27,false
twitch,2026-10-01,Free Fire,0.009,415,false
twitch,2026-10-01,Pokémon Scarlet/Violet,0.009,125,false
twitch,2026-10-01,I Know a Guy,0.009,52,false
twitch,2026-10-01,Golf With Your Friends,0.009,163,false
twitch,2026-10-01,Call of Duty: Mobile,0.009,430,false
twitch,2026-10-01,EarthBound,0.009,34,false
twitch,2026-10-01,Cities: Skylines II,0.009,46,false
twitch,2026-10-01,The Walking Dead,0.009,151,false
twitch,2026-10-01,Resident Evil 0,0.009,144,false
twitch,2026-10-01,Vintage Story,0.008,106,false
twitch,2026-10-01,Sort Them Ducks,0.008,55,false
twitch,2026-10-01,Silent Hill,0.008,72,false
twitch,2026-10-01,God of War,0.008,290,false
twitch,2026-10-01,Dying Light 2: Stay Human,0.008,239,false
twitch,2026-10-01,Dying Light,0.008,278,false
twitch,2026-10-01,Age of Mythology,0.008,55,false
twitch,2026-10-01,Avatar Legends: The Fighting Game,0.008,93,false
twitch,2026-10-01,ARK: Survival Evolved,0.008,224,false
twitch,2026-10-01,Mina the Hollower,0.008,45,false
twitch,2026-10-01,Dying Light: The Beast,0.008,222,false
twitch,2026-10-01,Alan Wake,0.008,88,false
twitch,2026-10-01,Horse Magnifier: The Full Horse,0.008,5,false
twitch,2026-10-01,Path of Titans,0.008,215,false
twitch,2026-10-01,Subnautica,0.008,175,false
twitch,2026-10-01,Resident Evil 5,0.008,190,false
twitch,2026-10-01,Assetto Corsa,0.008,254,false
twitch,2026-10-01,Mu: Dark Epoch,0.008,51,false
twitch,2026-10-01,The Legend of Zelda: The Wind Waker,0.007,106,false
twitch,2026-10-01,Resident Evil 6,0.007,241,false
twitch,2026-10-01,Dead Space (2008),0.007,40,false
twitch,2026-10-01,DOOM: The Dark Ages,0.007,118,false
twitch,2026-10-01,DOOM Eternal,0.007,113,false
twitch,2026-10-01,Poppy Playtime,0.007,160,false
twitch,2026-10-01,Diablo III,0.007,32,false
twitch,2026-10-01,Dead Island 2,0.007,157,false
twitch,2026-10-01,Happy Wheels,0.007,104,false
twitch,2026-10-01,Crimson Desert,0.007,245,false
twitch,2026-10-01,Dragon Age™: Origins,0.007,45,false
twitch,2026-10-01,Call of Duty: Modern Warfare II,0.007,133,false
twitch,2026-10-01,Pokémon Trading Card Game Pocket,0.007,81,false
twitch,2026-10-01,At Dead of Night,0.007,20,false
twitch,2026-10-01,Outlast II,0.007,137,false
twitch,2026-10-01,Beat Saber,0.007,179,false
twitch,2026-10-01,DRAGON QUEST XI S: Echoes of an Elusive Age,0.007,45,false
twitch,2026-10-01,Auto Chess,0.007,18,false
twitch,2026-10-01,Sonic Racing: CrossWorlds,0.007,146,false
twitch,2026-10-01,Space Station 13,0.007,10,false
twitch,2026-10-01,MLB The Show 25,0.007,16,false
twitch,2026-10-01,Retro Rewind: Video Store Simulator,0.007,48,false
twitch,2026-10-01,Call of Duty: Modern Warfare 4,0.007,114,false
twitch,2026-10-01,Call of Duty: Black Ops IIII,0.007,220,false
twitch,2026-10-01,Party Animals,0.007,172,false
twitch,2026-10-01,BanG Dream! Our Notes,0.006,28,false
twitch,2026-10-01,MARVEL Strike Force,0.006,24,false
twitch,2026-10-01,Kingdom Hearts III,0.006,133,false
twitch,2026-10-01,Fallout 3,0.006,69,false
twitch,2026-10-01,The Elder Scrolls IV: Oblivion Remastered,0.006,102,false
twitch,2026-10-01,Pummel Party,0.006,67,false
twitch,2026-10-01,Super Mario Strikers,0.006,7,false
twitch,2026-10-01,Normal Golf Game,0.006,35,false
twitch,2026-10-01,Getting Over It with Bennett Foddy,0.006,34,false
twitch,2026-10-01,New Super Mario Bros.,0.006,9,false
twitch,2026-10-01,EverQuest Legends,0.006,36,false
twitch,2026-10-01,CURE - A Hospital Simulator,0.006,47,false
twitch,2026-10-01,Chained Together,0.006,101,false
twitch,2026-10-01,No More Room in Hell 2,0.006,244,false
twitch,2026-10-01,Resident Evil Code: Veronica X HD,0.006,20,false
twitch,2026-10-01,S.O.N.A.R.: Submarine Operators Not Actually Ready,0.006,21,false
twitch,2026-10-01,Halo 2,0.006,17,false
twitch,2026-10-01,Grand Theft Auto Advance,0.006,13,false
twitch,2026-10-01,Danganronpa: Trigger Happy Havoc,0.006,76,false
twitch,2026-10-01,Grand Theft Auto III,0.006,68,false
twitch,2026-10-01,Rehaunted,0.006,51,false
twitch,2026-10-01,Ultra Street Fighter IV,0.006,40,false
twitch,2026-10-01,Stray,0.006,113,false
twitch,2026-10-01,Spyro: Year of the Dragon,0.006,17,false
twitch,2026-10-01,Windrose,0.006,81,false
twitch,2026-10-01,X-Plane 12,0.006,21,false
twitch,2026-10-01,Placid Plastic Duck Simulator,0.006,35,false
twitch,2026-10-01,Forbidden Solitaire,0.006,11,false
twitch,2026-10-01,FINAL FANTASY IV,0.006,26,false
twitch,2026-10-01,Mortal Kombat 11,0.006,197,false
twitch,2026-10-01,Portal 2,0.006,109,false
twitch,2026-10-01,Conan Exiles,0.006,94,false
twitch,2026-10-01,Pokémon X/Y,0.006,37,false
twitch,2026-10-01,The Elder Scrolls III: Morrowind,0.006,36,false
twitch,2026-10-01,Madden NFL 26,0.005,454,false
twitch,2026-10-01,Relic Arena,0.005,15,false
twitch,2026-10-01,Guildrun,0.005,24,false
twitch,2026-10-01,FINAL FANTASY TACTICS,0.005,8,false
twitch,2026-10-01,Grounded,0.005,209,false
twitch,2026-10-01,Fatal Fury: City of the Wolves,0.005,83,false
twitch,2026-10-01,Diablo II,0.005,38,false
twitch,2026-10-01,House Flipper 2,0.005,84,false
twitch,2026-10-01,Five Nights at Freddy's 2,0.005,60,false
twitch,2026-10-01,The Legend of Zelda: Link's Awakening,0.005,6,false
twitch,2026-10-01,Ratchet & Clank (2002),0.005,12,false
twitch,2026-10-01,The Long Dark,0.005,107,false
twitch,2026-10-01,Metal Gear Solid 4: Guns of the Patriots,0.005,58,false
twitch,2026-10-01,GTA: La Heist,0.005,490,false
twitch,2026-10-01,Sky: Children of the Light,0.005,104,false
twitch,2026-10-01,Pokémon Trading Card Game Live,0.005,75,false
twitch,2026-10-01,Age of Empires III,0.005,45,false
twitch,2026-10-01,Kukoro: Stream Chat Games,0.005,48,false
twitch,2026-10-01,EA Sports UFC 6,0.005,331,false
twitch,2026-10-01,Pokémon Black/White Version 2,0.005,48,false
twitch,2026-10-01,PGA TOUR 2K25,0.005,177,false
twitch,2026-10-01,Star Wars Jedi: Survivor,0.005,128,false
twitch,2026-10-01,Blue Protocol: Star Resonance,0.005,20,false
twitch,2026-10-01,LEGO Batman: Legacy of the Dark Knight,0.005,106,false
twitch,2026-10-01,Gotham Knights,0.005,47,false
twitch,2026-10-01,Europa Universalis V,0.005,29,false
twitch,2026-10-01,Ace Combat Zero: The Belkan War,0.005,47,false
twitch,2026-10-01,Arena of Valor,0.005,39,false
twitch,2026-10-01,Space Engineers,0.005,45,false
twitch,2026-10-01,Destiny,0.005,77,false
twitch,2026-10-01,Monster Hunter 3 Ultimate,0.005,8,false
twitch,2026-10-01,Marvel's Spider-Man Remastered,0.005,231,false
twitch,2026-10-01,Planet Crafter,0.005,129,false
twitch,2026-10-01,Super Mario Sunshine,0.005,54,false
twitch,2026-10-01,Gears of War 2,0.004,77,false
twitch,2026-10-01,Gears of War: Reloaded,0.004,162,false
twitch,2026-10-01,RavenQuest,0.004,20,false
twitch,2026-10-01,Subnautica 2,0.004,113,false
twitch,2026-10-01,Magic Chess: Go Go,0.004,22,false
twitch,2026-10-01,Kingdom Come: Deliverance,0.004,151,false
twitch,2026-10-01,The Sinking City 2,0.004,44,false
twitch,2026-10-01,Halo: Campaign Evolved,0.004,240,false
twitch,2026-10-01,Days Gone,0.004,206,false
twitch,2026-10-01,Danganronpa 2: Goodbye Despair,0.004,38,false
twitch,2026-10-01,Sonic Adventure DX: Director's Cut,0.004,14,false
twitch,2026-10-01,Final Fantasy VI,0.004,45,false
twitch,2026-10-01,Gothic 1 Remake,0.004,82,false
twitch,2026-10-01,Skull and Bones,0.004,38,false
twitch,2026-10-01,Star Fox Adventures,0.004,44,false
twitch,2026-10-01,inKONBINI: One Store. Many Stories,0.004,9,false
twitch,2026-10-01,Dispatch,0.004,92,false
twitch,2026-10-01,IRON NEST: Heavy Turret Simulator,0.004,38,false
twitch,2026-10-01,Red Dead Redemption,0.004,154,false
twitch,2026-10-01,Arena Breakout,0.004,70,false
twitch,2026-10-01,Life Is Strange,0.004,86,false
twitch,2026-10-01,Minecraft Dungeons,0.004,188,false
twitch,2026-10-01,Fire Emblem: Three Houses,0.004,47,false
twitch,2026-10-01,Granblue Fantasy,0.004,27,false
twitch,2026-10-01,EA Sports College Football 26,0.004,312,false
twitch,2026-10-01,Batman: Arkham Knight,0.004,251,false
twitch,2026-10-01,Just Cause 3,0.004,19,false
twitch,2026-10-01,Crossout,0.004,82,false
twitch,2026-10-01,Metal Gear Solid 3: Snake Eater,0.004,16,false
twitch,2026-10-01,SMITE,0.004,95,false
twitch,2026-10-01,Rumbleverse,0.004,19,false
twitch,2026-10-01,GRWM,0.004,34,false
twitch,2026-10-01,With Your Destiny,0.004,19,false
twitch,2026-10-01,Dragon Ball Legends,0.004,42,false
twitch,2026-10-01,Forza Horizon 5,0.004,397,false
twitch,2026-10-01,Monster Train 2,0.004,10,false
twitch,2026-10-01,Guild Wars: Reforged,0.004,44,false
twitch,2026-10-01,Horsey Game,0.004,9,false
twitch,2026-10-01,XCOM: Enemy Unknown,0.004,10,false
twitch,2026-10-01,Call of Duty: Black Ops Cold War,0.004,293,false
twitch,2026-10-01,Granblue Fantasy Versus: Rising,0.004,53,false
twitch,2026-10-01,Dark Souls,0.004,54,false
twitch,2026-10-01,Star Trek Online,0.004,42,false
twitch,2026-10-01,Librarian: Tidy Up the Arcane Library!,0.004,73,false
twitch,2026-10-01,Borderlands 3,0.004,117,false
twitch,2026-10-01,Rush Royale,0.004,24,false
twitch,2026-10-01,The Lord of the Rings Online,0.004,65,false
twitch,2026-10-01,Grand Theft Auto III: The Definitive Edition,0.004,40,false
twitch,2026-10-01,Tournament Poker,0.004,13,false
twitch,2026-10-01,Spirit City: Lofi Sessions,0.004,58,false
twitch,2026-10-01,DCS World,0.004,46,false
twitch,2026-10-01,Just Dance 2026 Edition,0.003,16,false
twitch,2026-10-01,Mario Kart 64,0.003,20,false
twitch,2026-10-01,Duet Night Abyss,0.003,15,false
twitch,2026-10-01,The Legend of Zelda: The Wind Waker HD,0.003,37,false
twitch,2026-10-01,Call of Duty: Modern Warfare,0.003,137,false
twitch,2026-10-01,The Dark Pictures Anthology: Little Hope,0.003,34,false
twitch,2026-10-01,Snowed Under,0.003,11,false
twitch,2026-10-01,Phantasy Star Online 2 New Genesis,0.003,71,false
twitch,2026-10-01,Waterpark Simulator,0.003,47,false
twitch,2026-10-01,LEGO Fortnite: Odyssey,0.003,33,false
twitch,2026-10-01,Sonic Frontiers,0.003,29,false
twitch,2026-10-01,Honor of Kings,0.003,129,false
twitch,2026-10-01,Magical Girl Witch Trials,0.003,31,false
twitch,2026-10-01,Mortal Online 2,0.003,16,false
twitch,2026-10-01,God of War II,0.003,31,false
twitch,2026-10-01,FINAL FANTASY,0.003,20,false
twitch,2026-10-01,The Legend of Zelda: Tears of the Kingdom - Nintendo Switch 2 Edition,0.003,37,false
twitch,2026-10-01,The Dark Pictures Anthology: Man of Medan,0.003,53,false
twitch,2026-10-01,DRAGON BALL: Sparking! ZERO,0.003,332,false
twitch,2026-10-01,The Walking Dead: The Final Season,0.003,29,false
twitch,2026-10-01,HλLF-LIFE²,0.003,53,false
twitch,2026-10-01,Metal Gear Solid V: The Phantom Pain,0.003,97,false
twitch,2026-10-01,The Evil Within,0.003,118,false
twitch,2026-10-01,New World: Aeternum,0.003,52,false
twitch,2026-10-01,Yakuza: Like a Dragon,0.003,58,false
twitch,2026-10-01,The Choicer Voicer,0.003,62,false
twitch,2026-10-01,Crash Bandicoot: Warped,0.003,28,false
twitch,2026-10-01,FIFA Mobile,0.003,24,false
twitch,2026-10-01,Quasimorph,0.003,28,false
twitch,2026-10-01,Dead Space,0.003,70,false
twitch,2026-10-01,The Legend of Zelda: Ocarina of Time 3D,0.003,17,false
twitch,2026-10-01,Heroes of Might and Magic V,0.003,23,false
twitch,2026-10-01,The Witcher 2: Assassins of Kings,0.003,39,false
twitch,2026-10-01,DIGIMON STORY: TIME STRANGER,0.003,88,false
twitch,2026-10-01,Metal Gear Solid,0.003,34,false
twitch,2026-10-01,HATSUNE MIKU: COLORFUL STAGE!,0.003,91,false
twitch,2026-10-01,Cronos: The New Dawn,0.003,65,false
twitch,2026-10-01,Counter-Strike 1.6,0.003,80,false
twitch,2026-10-01,Pokémon Black/White,0.003,72,false
twitch,2026-10-01,Resident Evil 3: Nemesis,0.003,38,false
twitch,2026-10-01,GRAIN ROT,0.003,72,false
twitch,2026-10-01,The Legend of Zelda,0.003,56,false
twitch,2026-10-01,Security 51,0.003,7,false
twitch,2026-10-01,Romance Club,0.003,6,false
twitch,2026-10-01,Coral Island,0.003,55,false
twitch,2026-10-01,Roblox Studio,0.003,45,false
twitch,2026-10-01,Dungeons & Dragons Online,0.003,37,false
twitch,2026-10-01,FINAL FANTASY XIII,0.003,43,false
twitch,2026-10-01,Pokémon Gold Version,0.003,13,false
twitch,2026-10-01,Little Witch in the Woods,0.003,21,false
twitch,2026-10-01,Castlevania: Symphony of the Night,0.003,36,false
twitch,2026-10-01,Stumble Guys,0.003,109,false
twitch,2026-10-01,Super Mario Galaxy 2,0.003,18,false
twitch,2026-10-01,Train Station Tycoon,0.003,8,false
twitch,2026-10-01,Silent Hill 4: The Room,0.003,29,false
twitch,2026-10-01,Sonic Adventure 2: Battle,0.003,28,false
twitch,2026-10-01,Kingdom Hearts II,0.003,43,false
twitch,2026-10-01,Halo: Combat Evolved,0.003,29,false
twitch,2026-10-01,Batman: Arkham City,0.003,53,false
twitch,2026-10-01,Dead Cells,0.003,73,false
twitch,2026-10-01,"Pokémon: Let's Go, Pikachu!/Eevee!",0.003,35,false
twitch,2026-10-01,Blair Witch,0.002,32,false
twitch,2026-10-01,Resident Evil: Revelations 2,0.002,33,false
twitch,2026-10-01,War Robots,0.002,26,false
twitch,2026-10-01,FINAL FANTASY VIII Remastered,0.002,16,false
twitch,2026-10-01,DIRECTIVE 8020,0.002,37,false
twitch,2026-10-01,Fate/Grand Order,0.002,53,false
twitch,2026-10-01,MLB The Show 18,0.002,250,false
twitch,2026-10-01,Crash Bandicoot,0.002,44,false
twitch,2026-10-01,Gears of War 3,0.002,106,false
twitch,2026-10-01,As Dusk Falls,0.002,23,false
twitch,2026-10-01,The Wolf Among Us,0.002,36,false
twitch,2026-10-01,Like a Dragon: Infinite Wealth,0.002,64,false
twitch,2026-10-01,Pokémon Brilliant Diamond/Shining Pearl,0.002,59,false
twitch,2026-10-01,Backpack Battles,0.002,19,false
twitch,2026-10-01,The Legend of Zelda: Skyward Sword HD,0.002,52,false
twitch,2026-10-01,Gears of War 4,0.002,125,false
twitch,2026-10-01,Moonlighter 2: The Endless Vault,0.002,52,false
twitch,2026-10-01,The Elder Scrolls V: Skyrim - Anniversary Edition,0.002,52,false
twitch,2026-10-01,Metro Exodus,0.002,129,false
twitch,2026-10-01,Star Wars Outlaws,0.002,91,false
twitch,2026-10-01,Dead Space 2,0.002,44,false
twitch,2026-10-01,Crash Bandicoot 2: Cortex Strikes Back,0.002,21,false
twitch,2026-10-01,Company of Heroes 3,0.002,30,false
twitch,2026-10-01,Rhythm Heaven Groove,0.002,23,false
twitch,2026-10-01,Train Sim World 7,0.002,51,false
twitch,2026-10-01,Sally Face,0.002,41,false
twitch,2026-10-01,"KOTÁMON: My Sis Found A Super-Rare Card In Her Cereal Box, So I Became A Garbage Man To Find The Entire Collection And Earn $1,000,000",0.002,30,false
twitch,2026-10-01,Call of Duty: Vanguard,0.002,44,false
twitch,2026-10-01,Yakuza 0,0.002,42,false
twitch,2026-10-01,The Sims 2,0.002,31,false
twitch,2026-10-01,PowerWash Simulator,0.002,58,false
twitch,2026-10-01,The Elder Scrolls II: Daggerfall,0.002,18,false
twitch,2026-10-01,TBH: Task Bar Hero,0.002,7,false
twitch,2026-10-01,Rain World,0.002,54,false
twitch,2026-10-01,Pokémon Legends: Arceus,0.002,57,false
twitch,2026-10-01,Ghost Exile,0.002,15,false
twitch,2026-10-01,METAL GEAR SOLID Δ: SNAKE EATER,0.002,59,false
twitch,2026-10-01,Beyond: Two Souls,0.002,61,false
twitch,2026-10-01,Omega Strikers,0.002,23,false
twitch,2026-10-01,The Sinking City Remastered,0.002,12,false
twitch,2026-10-01,The Dark Pictures Anthology: House of Ashes,0.002,32,false
twitch,2026-10-01,Sonic Rumble Party,0.002,29,false
twitch,2026-10-01,Scapewatch,0.002,10,false
twitch,2026-10-01,Hero Siege,0.002,18,false
twitch,2026-10-01,Disco Elysium,0.002,51,false
twitch,2026-10-01,FINAL FANTASY XV,0.002,67,false
twitch,2026-10-01,CarX Street,0.002,113,false
twitch,2026-10-01,Tomb Raider,0.002,50,false
twitch,2026-10-01,Star Wars Battlefront II,0.002,156,false
twitch,2026-10-01,Life Is Strange 2,0.002,46,false
twitch,2026-10-01,Call of Duty: Infinite Warfare,0.002,105,false
twitch,2026-10-01,Pokémon Infinite Fusion,0.002,59,false
twitch,2026-10-01,World War Z: Aftermath,0.002,101,false
twitch,2026-10-01,The Dark Pictures Anthology: The Devil in Me,0.002,44,false
twitch,2026-10-01,IdleOn,0.002,24,false
twitch,2026-10-01,Artifact,0.002,13,false
twitch,2026-10-01,South Park: The Fractured But Whole,0.002,99,false
twitch,2026-10-01,Stellaris,0.002,39,false
twitch,2026-10-01,Kerbal Space Program,0.002,39,false
twitch,2026-10-01,Metal Gear Solid: Peace Walker,0.002,17,false
twitch,2026-10-01,Crash Bandicoot 4: It's About Time,0.002,80,false
twitch,2026-10-01,Into the Dead: Our Darkest Days,0.002,19,false
twitch,2026-10-01,Call of Duty 2,0.002,31,false
twitch,2026-10-01,The Witcher,0.002,41,false
twitch,2026-10-01,Vindictus,0.002,21,false
twitch,2026-10-01,TERA,0.002,32,false
twitch,2026-10-01,The Sims 3,0.002,22,false
twitch,2026-10-01,The Legend of Zelda: The Minish Cap,0.002,35,false
twitch,2026-10-01,Sea of Stars,0.002,41,false
twitch,2026-10-01,Darkest Dungeon II,0.002,26,false
twitch,2026-10-01,Shenmue,0.002,11,false
twitch,2026-10-01,Animal Crossing: City Folk,0.002,8,false
twitch,2026-10-01,Spiritfarer,0.002,23,false
twitch,2026-10-01,Diablo,0.002,19,false
twitch,2026-10-01,Sonic and the Secret Rings,0.002,6,false
twitch,2026-10-01,Mega Man X,0.002,33,false
twitch,2026-10-01,Watcher of Realms,0.002,23,false
twitch,2026-10-01,Fright Train,0.002,18,false
twitch,2026-10-01,New Super Mario Bros. Wii,0.002,25,false
twitch,2026-10-01,Call of Duty: WWII,0.002,146,false
twitch,2026-10-01,FINAL FANTASY TACTICS - The Ivalice Chronicles,0.002,33,false
twitch,2026-10-01,Grand Theft Auto: San Andreas - The Definitive Edition,0.002,101,false
twitch,2026-10-01,Devil May Cry 3: Dante's Awakening - Special Edition,0.002,33,false
twitch,2026-10-01,KovaaK's Aim Trainer,0.002,90,false
twitch,2026-10-01,Blossom: The Seed of Life,0.002,8,false
twitch,2026-10-01,Grand Theft Auto: Vice City - The Definitive Edition,0.002,56,false
twitch,2026-10-01,The Lord of the Rings: War in the North,0.002,15,false
twitch,2026-10-01,Sonic The Hedgehog,0.002,12,false
twitch,2026-10-01,Metal Gear Solid: Peace Walker - Master Collection Version,0.002,57,false
twitch,2026-10-01,Phantasy Star Online Blue Burst,0.002,13,false
twitch,2026-10-01,Super Mario RPG: Legend of the Seven Stars,0.002,9,false
twitch,2026-10-01,The Legend of Zelda: Echoes of Wisdom,0.002,25,false
twitch,2026-10-01,DOOM II: Hell on Earth,0.002,35,false
twitch,2026-10-01,Halo 2: Anniversary,0.002,5,false
twitch,2026-10-01,Zelda II: The Adventure of Link,0.002,26,false
twitch,2026-10-01,STAR WARS Jedi: Fallen Order™,0.002,75,false
twitch,2026-10-01,Donkey Kong Country 3: Dixie Kong's Double Trouble!,0.002,10,false
twitch,2026-10-01,Jump Space,0.002,46,false
twitch,2026-10-01,Dragon Age: Inquisition,0.002,44,false
twitch,2026-10-01,Cities: Skylines,0.002,43,false
twitch,2026-10-01,Police Chief Simulator,0.002,29,false
twitch,2026-10-01,ENDER MAGNOLIA: Bloom in the Mist,0.002,22,false
twitch,2026-10-01,Neverwinter,0.002,52,false
twitch,2026-10-01,Hello Kitty Island Adventure,0.002,46,false
twitch,2026-10-01,FINAL FANTASY X-2,0.002,19,false
twitch,2026-10-01,Fran Bow,0.002,26,false
twitch,2026-10-01,Pokémon Mystery Dungeon: Explorers of Sky,0.002,19,false
twitch,2026-10-01,Grand Chase Classic,0.002,30,false
twitch,2026-10-01,Coin maker simulator,0.002,11,false
twitch,2026-10-01,Call of Duty 4: Modern Warfare,0.002,36,false
twitch,2026-10-01,Fire Emblem: Path of Radiance,0.002,17,false
twitch,2026-10-01,Banishers: Ghosts of New Eden,0.002,32,false
twitch,2026-10-01,Sonic Heroes,0.002,20,false
twitch,2026-10-01,Pokemon Auto Chess,0.002,23,false
twitch,2026-10-01,Kingdom Hearts 358/2 Days,0.002,17,false
twitch,2026-10-01,Metal Gear Solid 2: Sons of Liberty,0.001,33,false
twitch,2026-10-01,Farm Together 2,0.001,24,false
twitch,2026-10-01,Servant of the Lake,0.001,10,false
twitch,2026-10-01,Agefield High: Rock the School,0.001,26,false
twitch,2026-10-01,Slay the Spire,0.001,60,false
twitch,2026-10-01,The Walking Dead: The Telltale Definitive Series - Protector Pack,0.001,29,false
twitch,2026-10-01,Metal Gear Solid 4: Guns of the Patriots - Master Collection Version,0.001,72,false
twitch,2026-10-01,MOBILE SUIT GUNDAM BATTLE OPERATION 2,0.001,72,false
twitch,2026-10-01,Sun Haven,0.001,24,false
twitch,2026-10-01,Slay the Princess,0.001,25,false
twitch,2026-10-01,FreeStyle Street Basketball,0.001,9,false
twitch,2026-10-01,Company of Heroes 2,0.001,22,false
twitch,2026-10-01,Karaoke Joysound for Streamer,0.001,19,false
twitch,2026-10-01,Sonic X Shadow Generations,0.001,45,false
twitch,2026-10-01,Ragnarok Origin: Classic,0.001,20,false
twitch,2026-10-01,Call of Duty: Modern Warfare 2,0.001,48,false
twitch,2026-10-01,Dragon Ball FighterZ,0.001,56,false
twitch,2026-10-01,Saint Seiya: Awakening,0.001,13,false
twitch,2026-10-01,WarCraft II: Tides of Darkness,0.001,7,false
twitch,2026-10-01,House Flipper,0.001,62,false
twitch,2026-10-01,World of Sea Battle,0.001,21,false
twitch,2026-10-01,SpongeBob SquarePants: Battle for Bikini Bottom,0.001,12,false
twitch,2026-10-01,Bus Simulator 27,0.001,38,false
twitch,2026-10-01,Bleach: Brave Souls,0.001,33,false
twitch,2026-10-01,The Lord of the Rings: The Battle for Middle-earth II,0.001,17,false
twitch,2026-10-01,Dragon Age: The Veilguard,0.001,47,false
twitch,2026-10-01,Metal Gear Rising: Revengeance,0.001,36,false
twitch,2026-10-01,TV Total Events,0.001,6,false
twitch,2026-10-01,Wobbly Life,0.001,108,false
twitch,2026-10-01,Mortal Kombat X,0.001,54,false
twitch,2026-10-01,Metro 2033 Redux,0.001,73,false
twitch,2026-10-01,Watch Dogs 2,0.001,125,false
twitch,2026-10-01,Final Fantasy Resonance,0.001,29,false
twitch,2026-10-01,Ring Fit Adventure,0.001,20,false
twitch,2026-10-01,Gartic Show,0.001,20,false
twitch,2026-10-01,Kingdom Hearts Dream Drop Distance HD,0.001,17,false
twitch,2026-10-01,Super Meat Boy,0.001,9,false
twitch,2026-10-01,The Lord of the Rings: Return to Moria,0.001,29,false
twitch,2026-10-01,X4: Foundations,0.001,26,false
twitch,2026-10-01,Super Animal Royale,0.001,33,false
twitch,2026-10-01,The Witness,0.001,17,false
twitch,2026-10-01,Corsair Cove,0.001,7,false
twitch,2026-10-01,Jak and Daxter: The Precursor Legacy,0.001,19,false
twitch,2026-10-01,Star Wars: Galaxy of Heroes,0.001,22,false
twitch,2026-10-01,UNBEATABLE,0.001,16,false
twitch,2026-10-01,Halo 5: Guardians,0.001,44,false
twitch,2026-10-01,2XKO,0.001,33,false
twitch,2026-10-01,Heroes & Generals,0.001,13,false
twitch,2026-10-01,Donkey Kong Country 2: Diddy's Kong-Quest,0.001,14,false
twitch,2026-10-01,Dead Space 3,0.001,30,false
twitch,2026-10-01,Dragon Quest III HD-2D Remake,0.001,19,false
twitch,2026-10-01,Diablo Immortal,0.001,40,false
twitch,2026-10-01,Dungeon Settlers,0.001,10,false
twitch,2026-10-01,Lineage 2M,0.001,13,false
twitch,2026-10-01,Dark Hours,0.001,41,false
twitch,2026-10-01,Dream League Soccer 2024,0.001,10,false
twitch,2026-10-01,Sonic Unleashed,0.001,26,false
twitch,2026-10-01,Demon's Souls,0.001,71,false
twitch,2026-10-01,CTR: Crash Team Racing,0.001,21,false
twitch,2026-10-01,Night Crows,0.001,16,false
twitch,2026-10-01,Tales of Fear: Episode Zero,0.001,16,false
twitch,2026-10-01,LEGO Star Wars: The Complete Saga,0.001,22,false
twitch,2026-10-01,Life is Strange Remastered,0.001,30,false
twitch,2026-10-01,The Walking Dead: Season Two,0.001,33,false
twitch,2026-10-01,Sonic Adventure 2,0.001,18,false
twitch,2026-10-01,Mongil: Star Dive,0.001,47,false
twitch,2026-10-01,Microsoft Flight Simulator,0.001,74,false
twitch,2026-10-01,Coffee Talk: Episode 2 - Hibiscus & Butterfly,0.001,7,false
twitch,2026-10-01,Berserk Heroes Online,0.001,9,false
twitch,2026-10-01,Life is Strange: Reunion,0.001,21,false
twitch,2026-10-01,Tiny Eden,0.001,27,false
twitch,2026-10-01,SoulCalibur VI,0.001,27,false
twitch,2026-10-01,DRAGON BALL Z: KAKAROT,0.001,74,false
twitch,2026-10-01,Tomb Raider II,0.001,9,false
twitch,2026-10-01,Pokémon XD: Gale of Darkness,0.001,26,false
twitch,2026-10-01,The Elder Scrolls IV: Oblivion,0.001,31,false
twitch,2026-10-01,Street Fighter III: 3rd Strike,0.001,19,false
twitch,2026-10-01,Silent Hill: Downpour,0.001,8,false
twitch,2026-10-01,Star Wars: Knights of the Old Republic,0.001,24,false
twitch,2026-10-01,Tormented Souls,0.001,27,false
twitch,2026-10-01,Street Fighter V,0.001,20,false
twitch,2026-10-01,Battle Teams,0.001,14,false
twitch,2026-10-01,The Witcher: Enhanced Edition,0.001,29,false
twitch,2026-10-01,Kingdom Hearts Final Mix,0.001,29,false
twitch,2026-10-01,Among Us 3D: VR,0.001,9,false
twitch,2026-10-01,Echoes of Aincrad,0.001,40,false
twitch,2026-10-01,Marvel's Guardians of the Galaxy,0.001,47,false
twitch,2026-10-01,Sonic the Hedgehog 3 & Knuckles,0.001,5,false
twitch,2026-10-01,Fallout 2,0.001,11,false
twitch,2026-10-01,Two Point Hospital,0.001,6,false
twitch,2026-10-01,The King of Fighters 2002,0.001,21,false
twitch,2026-10-01,Whatsamusic,0.001,8,false
twitch,2026-10-01,ENDER LILIES: Quietus of the Knights,0.001,22,false
twitch,2026-10-01,FC MOBILE,0.001,82,false
twitch,2026-10-01,Silent Hill: Origins,0.001,11,false
twitch,2026-10-01,Assassin's Creed IV Black Flag,0.001,64,false
twitch,2026-10-01,Table Tennis,0.001,7,false
twitch,2026-10-01,Ratchet & Clank: Going Commando,0.001,9,false
twitch,2026-10-01,RPG Maker,0.001,12,false
twitch,2026-10-01,The Sims,0.001,12,false
twitch,2026-10-01,S4 League,0.001,15,false
twitch,2026-10-01,Bills Must Be Paid,0.001,22,false
twitch,2026-10-01,The Walking Dead: A New Frontier,0.001,33,false
twitch,2026-10-01,Counter-Strike: Source,0.001,22,false
twitch,2026-10-01,Dungeon Defenders II,0.001,13,false
twitch,2026-10-01,Anvil Empires,0.001,18,false
twitch,2026-10-01,Call of Duty: World at War,0.001,67,false
twitch,2026-10-01,High on Life,0.001,56,false
twitch,2026-10-01,The Legend of Zelda: Ocarina of Time,0.001,36,false
twitch,2026-10-01,Life is Strange: Before the Storm,0.001,10,false
twitch,2026-10-01,Can I Come In?,0.001,6,false
twitch,2026-10-01,Pokémon Red/Blue,0.001,21,false
twitch,2026-10-01,Nuclear Option,0.001,7,false
twitch,2026-10-01,DRAGON QUEST VII Reimagined,0.001,27,false
twitch,2026-10-01,Dokapon Kingdom: Connect,0.001,21,false
twitch,2026-10-01,Road to Jukai,0.001,23,false
twitch,2026-10-01,Titan Quest II,0.001,7,false
twitch,2026-10-01,THE KING OF FIGHTERS XV,0.001,41,false
twitch,2026-10-01,One Piece: Fighting Path,0.001,5,false
twitch,2026-10-01,Grand Theft Auto,0.001,21,false
twitch,2026-10-01,Counter-Strike Online 2,0.001,68,false
twitch,2026-10-01,GRANBLUE FANTASY Relink,0.001,25,false
twitch,2026-10-01,Dragon Quest X: Mezameshi Itsutsu no Shuzoku Online,0.001,23,false
twitch,2026-10-01,Uncharted 2: Among Thieves,0.001,19,false
twitch,2026-10-01,Hatsune Miku: Project DIVA Mega Mix+,0.001,24,false
twitch,2026-10-01,Human: Fall Flat,0.001,43,false
twitch,2026-10-01,Tekken 7,0.001,14,false
twitch,2026-10-01,Train Simulator Classic,0.001,8,false
twitch,2026-10-01,Cash Cleaner Simulator,0.001,18,false
twitch,2026-10-01,Guilty Gear Xrd REV 2,0.001,12,false
twitch,2026-10-01,TORMENTED SOULS II,0.001,20,false
twitch,2026-10-01,Guilty Gear XX Accent Core Plus R,0.001,8,false
twitch,2026-10-01,Grand Theft Auto: Vice City Stories,0.001,13,false
twitch,2026-10-01,Marvel vs. Capcom 2: New Age of Heroes,0.001,21,false
twitch,2026-10-01,Star Trek: Voyager - Across the Unknown,0.001,13,false
twitch,2026-10-01,Farm Frenzy,0.001,7,false
twitch,2026-10-01,Keep Talking and Nobody Explodes,0.001,14,false
twitch,2026-10-01,Tomodachi Life,0.001,7,false
twitch,2026-10-01,Strikers Club,0.001,12,false
twitch,2026-10-01,Portal,0.001,24,false
twitch,2026-10-01,The Death Game Report,0.001,6,false
twitch,2026-10-01,ANIMAL WELL,0.001,10,false
twitch,2026-10-01,The Lord of the Rings: The Return of the King,0.001,8,false
twitch,2026-10-01,RoboCop: Rogue City,0.001,22,false
twitch,2026-10-01,Fortune Street,0.001,8,false
twitch,2026-10-01,Dragon Quest I & II HD-2D Remake,0.001,18,false
twitch,2026-10-01,The Legend of Zelda: Skyward Sword,0.001,18,false
twitch,2026-10-01,Ragnarok: The New World,0.001,18,false
twitch,2026-10-01,OneState,0.001,212,false
twitch,2026-10-01,Dive or Die: Children of Rain,0.001,6,false
twitch,2026-10-01,Wii Sports,0.001,12,false
twitch,2026-10-01,Kingdom Hearts Birth by Sleep,0.001,23,false
twitch,2026-10-01,Wolfenstein: The New Order,0.001,22,false
twitch,2026-10-01,The Seven Deadly Sins: Grand Cross,0.001,19,false
twitch,2026-10-01,Pokémon Red Version,0.001,17,false
twitch,2026-10-01,Superliminal,0.001,15,false
twitch,2026-10-01,Super Mario Bros.,0.001,24,false
twitch,2026-10-01,Welcome to the Game III,0.001,7,false
twitch,2026-10-01,The Legend of Zelda: Majora's Mask 3D,0.001,8,false
twitch,2026-10-01,Pokémon Yellow Version: Special Pikachu Edition,0.001,20,false
twitch,2026-10-01,Sonic the Hedgehog 2,0.001,7,false
twitch,2026-10-01,Watch Party,0.001,14,false
twitch,2026-10-01,Dragon Quest XI: Echoes of an Elusive Age,0.001,6,false
twitch,2026-10-01,F-Zero 99,0.001,9,false
twitch,2026-10-01,Secret of Mana,0.001,7,false
twitch,2026-10-01,Yakuza 0: Director's Cut,0.001,21,false
twitch,2026-10-01,TopSpin 2K25,0.001,28,false
twitch,2026-10-01,Dragon Quest III: The Seeds of Salvation,0.001,6,false
twitch,2026-10-01,Police Simulator: Patrol Officers,0.001,76,false
twitch,2026-10-01,High Times,0.001,8,false
twitch,2026-10-01,DRAGON QUEST MONSTERS: The Withered World,0.001,9,false
twitch,2026-10-01,Cozy Farm: Tidy Up!,0.001,13,false
twitch,2026-10-01,DEAD OR ALIVE 6 Last Round,0.001,24,false
twitch,2026-10-01,Batman: The Telltale Series,0.001,17,false
twitch,2026-10-01,Quake,0.001,27,false
twitch,2026-10-01,Ranch Simulator,0.001,18,false
twitch,2026-10-01,Super Mario World 2: Yoshi's Island,0.001,11,false
twitch,2026-10-01,Japan Stigmatized Property 3,0.001,17,false
twitch,2026-10-01,Devil May Cry 4: Special Edition,0.001,36,false
twitch,2026-10-01,The Sinking City,0.001,9,false
twitch,2026-10-01,Session: Skate Sim,0.001,20,false
twitch,2026-10-01,Mortal Kombat: Shaolin Monks,0.001,7,false
twitch,2026-10-01,Super Mario Bros. Wonder,0.001,21,false
twitch,2026-10-01,Cheap Car Repair,0.001,11,false
twitch,2026-10-01,Titan Quest Anniversary Edition,0.001,8,false
twitch,2026-10-01,Ace Combat 04: Shattered Skies,0.001,7,false
twitch,2026-10-01,Soulmask,0.001,13,false
twitch,2026-10-01,Ghost Watchers,0.001,24,false
twitch,2026-10-01,Liar's Bar,0.001,29,false
twitch,2026-10-01,Blade & Soul NEO,0.001,9,false
twitch,2026-10-01,Love and Deepspace,0.001,12,false
twitch,2026-10-01,ZeroSpace,0.001,8,false
twitch,2026-10-01,My Voice Zoo,0.001,11,false
twitch,2026-10-01,Modern Warships,0.001,16,false
twitch,2026-10-01,Holdfast: Nations At War,0.001,32,false
twitch,2026-10-01,Pony Island,0.001,5,false
twitch,2026-10-01,Streets of Rage 4,0.001,18,false
twitch,2026-10-01,The Legend of Zelda: Twilight Princess HD,0.001,19,false
twitch,2026-10-01,Realm Royale Reforged,0.001,8,false
twitch,2026-10-01,Dragonheir: Silent Gods,0.001,14,false
twitch,2026-10-01,Marvel's Avengers,0.001,40,false
twitch,2026-10-01,Wrestling Empire,0.001,5,false
twitch,2026-10-01,City of Heroes,0.001,6,false
twitch,2026-10-01,Life is Strange: Double Exposure,0.001,26,false
twitch,2026-10-01,Samson,0.001,43,false
twitch,2026-10-01,Deskrawl: Idle ARPG,0.001,11,false
twitch,2026-10-01,L.A. Noire,0.001,21,false
twitch,2026-10-01,Bus Bound,0.001,8,false
twitch,2026-10-01,Coffee Talk,0.001,17,false
twitch,2026-10-01,Mycelium: The Silent Contract,0.001,5,false
twitch,2026-10-01,Tainted Grail: The Fall of Avalon,0.001,31,false
twitch,2026-10-01,Yo-kai Watch,0.001,20,false
twitch,2026-10-01,Star Stable,0.001,35,false
twitch,2026-10-01,Scam Line,0.001,11,false
twitch,2026-10-01,Monster Hunter Freedom Unite,0.001,17,false
twitch,2026-10-01,Super Mario Galaxy,0.001,13,false
twitch,2026-10-01,Coffee Talk: Tokyo,0.000,6,false
twitch,2026-10-01,Mortal Kombat: Legacy Kollection,0.000,12,false
twitch,2026-10-01,Age of Empires,0.000,23,false
twitch,2026-10-01,Dota Underlords,0.000,7,false
twitch,2026-10-01,The Four Kings Casino and Slots,0.000,13,false
twitch,2026-10-01,The Coffin of Andy and Leyley,0.000,7,false
twitch,2026-10-01,Dead Island,0.000,9,false
twitch,2026-10-01,WGT Golf,0.000,39,false
twitch,2026-10-01,Dungeon Fighter Online,0.000,11,false
twitch,2026-10-01,Halo Wars 2,0.000,33,false
twitch,2026-10-01,High on Life 2,0.000,52,false
twitch,2026-10-01,Metro: Last Light Redux,0.000,30,false
twitch,2026-10-01,Midnight News Report,0.000,5,false
twitch,2026-10-01,Winning Eleven: Pro Evolution Soccer 2007,0.000,15,false
twitch,2026-10-01,BLEACH Rebirth of Souls,0.000,36,false
twitch,2026-10-01,Unrailed 2: Back on Track,0.000,5,false
twitch,2026-10-01,Virtua Fighter 5 R.E.V.O.,0.000,17,false
twitch,2026-10-01,Walkabout Mini Golf,0.000,7,false
twitch,2026-10-01,SPLITGATE: Arena Reloaded,0.000,15,false
twitch,2026-10-01,Yakuza,0.000,5,false
twitch,2026-10-01,SILENT BREATH,0.000,7,false
twitch,2026-10-01,STORY OF SEASONS: Grand Bazaar,0.000,13,false
twitch,2026-10-01,Spyro the Dragon,0.000,20,false
twitch,2026-10-01,Watch Dogs: Legion,0.000,45,false
twitch,2026-10-01,Skill Legends Royale,0.000,13,false
twitch,2026-10-01,Starsand Island,0.000,15,false
twitch,2026-10-01,MEGA MAN STAR FORCE: Legacy Collection,0.000,19,false
twitch,2026-10-01,Dr. Robotnik's Ring Racers,0.000,6,false
twitch,2026-10-01,slot!,0.000,5,false
twitch,2026-10-01,Mega Man X Regenesis,0.000,10,false
twitch,2026-10-01,Space Engineers 2,0.000,10,false
twitch,2026-10-01,Metalstorm,0.000,15,false
twitch,2026-10-01,Among the Sleep,0.000,11,false
twitch,2026-10-01,Dead Island: Definitive Edition,0.000,23,false
twitch,2026-10-01,Plants vs. Zombies: Garden Warfare 2,0.000,63,false
twitch,2026-10-01,Worms W.M.D,0.000,23,false
twitch,2026-10-01,The Message From Deep Space,0.000,5,false
twitch,2026-10-01,Pokkén Tournament DX,0.000,6,false
twitch,2026-10-01,Religious Idle,0.000,5,false
twitch,2026-10-01,DOOM³,0.000,9,false
twitch,2026-10-01,Leafy Corner,0.000,9,false
twitch,2026-10-01,Architect: Land of Exiles,0.000,9,false
twitch,2026-10-01,Zombie Army 4: Dead War,0.000,33,false
twitch,2026-10-01,Shovel Knight,0.000,6,false
twitch,2026-10-01,Ghosts 'n Goblins Resurrection,0.000,5,false
twitch,2026-10-01,SAROS,0.000,29,false
twitch,2026-10-01,Monster Hunter Stories,0.000,10,false
twitch,2026-10-01,Tom Clancy's Splinter Cell: Chaos Theory,0.000,7,false
twitch,2026-10-01,Max Payne 2: The Fall of Max Payne,0.000,12,false
twitch,2026-10-01,Football Life 2025,0.000,6,false
twitch,2026-10-01,Crimson Moon,0.000,28,false
twitch,2026-10-01,Tom Clancy's Rainbow Six,0.000,31,false
twitch,2026-10-01,Ball Guys : Stumble & Fall,0.000,5,false
twitch,2026-10-01,Vampire Crawlers: The Turbo Wildcard from Vampire Survivors,0.000,13,false
twitch,2026-10-01,Pizza House Simulator,0.000,16,false
twitch,2026-10-01,Totally Accurate Battle Simulator,0.000,21,false
twitch,2026-10-01,Monster Hunter Frontier G,0.000,12,false
twitch,2026-10-01,Metro 2033,0.000,10,false
twitch,2026-10-01,The Outer Worlds: Spacer's Choice Edition,0.000,14,false
twitch,2026-10-01,DRAGON QUEST MONSTERS: The Dark Prince,0.000,18,false
twitch,2026-10-01,Infestation: The New Z,0.000,13,false
twitch,2026-10-01,Animal Crossing: New Leaf,0.000,7,false
twitch,2026-10-01,Killer Klowns from Outer Space: The Game,0.000,12,false
twitch,2026-10-01,Super Mario 3D World,0.000,5,false
twitch,2026-10-01,Romancing SaGa 3,0.000,5,false
twitch,2026-10-01,SD Gundam G Generation Eternal,0.000,21,false
twitch,2026-10-01,Animal Crossing,0.000,8,false
twitch,2026-10-01,Pokémon Mystery Dungeon: Blue/Red Rescue Team,0.000,12,false
twitch,2026-10-01,Space Station 14,0.000,8,false
twitch,2026-10-01,Scarlet Hollow,0.000,9,false
twitch,2026-10-01,Buckshot Roulette,0.000,16,false
twitch,2026-10-01,MLB The Show 24,0.000,28,false
twitch,2026-10-01,LEGO Star Wars: The Skywalker Saga,0.000,22,false
twitch,2026-10-01,Star Wars: Knights of the Old Republic II - The Sith Lords,0.000,9,false
twitch,2026-10-01,SHINOBI: Art of Vengeance,0.000,9,false
twitch,2026-10-01,Yet Another Zombie Survivors,0.000,30,false
twitch,2026-10-01,The Legend of Zelda: Oracle of Ages,0.000,6,false
twitch,2026-10-01,Insurgency: Sandstorm,0.000,66,false
twitch,2026-10-01,Don't Panic! It Is Just Turbulence,0.000,12,false
twitch,2026-10-01,Medieval Juice Crafter,0.000,8,false
twitch,2026-10-01,Command & Conquer: Generals,0.000,8,false
twitch,2026-10-01,F1 Manager 2024,0.000,15,false
twitch,2026-10-01,Resident Evil Code: Veronica,0.000,7,false
twitch,2026-10-01,Talk To Me,0.000,14,false
twitch,2026-10-01,CRSED: F.O.A.D.,0.000,12,false
twitch,2026-10-01,Metal Gear Solid V: Ground Zeroes,0.000,7,false
twitch,2026-10-01,Prominence Poker,0.000,38,false
twitch,2026-10-01,Idle Champions of the Forgotten Realms,0.000,5,false
twitch,2026-10-01,Lost and Found Co.,0.000,6,false
twitch,2026-10-01,Fallout Shelter,0.000,17,false
twitch,2026-10-01,Silent Hill: The Short Message,0.000,25,false
twitch,2026-10-01,Halo Wars,0.000,12,false
twitch,2026-10-01,Retro Arcade Shop Simulator,0.000,14,false
twitch,2026-10-01,Ultimate Chicken Horse,0.000,18,false
twitch,2026-10-01,Far Cry New Dawn,0.000,43,false
twitch,2026-10-01,Granblue Fantasy: Relink - Endless Ragnarok,0.000,11,false
twitch,2026-10-01,Digimon Story: Cyber Sleuth - Hacker's Memory,0.000,14,false
twitch,2026-10-01,Visions of Mana,0.000,10,false
twitch,2026-10-01,Need for Speed: ProStreet,0.000,10,false
twitch,2026-10-01,Rocket League Sideswipe,0.000,7,false
twitch,2026-10-01,Doom 3,0.000,11,false
twitch,2026-10-01,Wolfenstein II: The New Colossus,0.000,24,false
twitch,2026-10-01,Mario Golf: Super Rush,0.000,5,false
twitch,2026-10-01,Onimusha 2: Samurai's Destiny,0.000,9,false
twitch,2026-10-01,EA Sports College Football 25,0.000,71,false
twitch,2026-10-01,Luma Island,0.000,11,false
twitch,2026-10-01,Dravo's Twisted Show,0.000,7,false
twitch,2026-10-01,Powerful Pro Yakyuu 2026-2027,0.000,6,false
twitch,2026-10-01,Iron Blight,0.000,12,false
twitch,2026-10-01,The Lord of the Rings: War in the North - Legacy Edition,0.000,20,false
twitch,2026-10-01,Hollow Knight Silksong,0.000,5,false
twitch,2026-10-01,Spiral Knights,0.000,5,false
twitch,2026-10-01,Doom,0.000,29,false
twitch,2026-10-01,Digimon Story: Cyber Sleuth,0.000,15,false
twitch,2026-10-01,Last Train Outta' Wormtown,0.000,7,false
twitch,2026-10-01,Golf It!,0.000,13,false
twitch,2026-10-01,EVERYBODY'S GOLF: HOT SHOTS,0.000,6,false
twitch,2026-10-01,MONSTER HUNTER STORIES 3: TWISTED REFLECTION,0.000,22,false
twitch,2026-10-01,Grand Theft Auto: Chinatown Wars,0.000,6,false
twitch,2026-10-01,Halo: Reach,0.000,14,false
twitch,2026-10-01,Make it Meme,0.000,8,false
twitch,2026-10-01,Town to City,0.000,6,false
twitch,2026-10-01,Suicide Squad: Kill the Justice League,0.000,20,false
twitch,2026-10-01,Kingdom Hearts,0.000,9,false
twitch,2026-10-01,Anime Music Quiz,0.000,9,false
twitch,2026-10-01,Call of Duty: Black Ops - Zombies,0.000,19,false
twitch,2026-10-01,Gears of War: Judgment,0.000,17,false
twitch,2026-10-01,The Battle Cats,0.000,16,false
twitch,2026-10-01,Sonic Mania,0.000,12,false
twitch,2026-10-01,The Lord of the Rings: The Battle for Middle-earth,0.000,5,false
twitch,2026-10-01,Apex,0.000,13,false
twitch,2026-10-01,Half-Life: Alyx,0.000,12,false
twitch,2026-10-01,Far Cry,0.000,8,false
twitch,2026-10-01,Riichi City,0.000,10,false
twitch,2026-10-01,Dragon Quest Builders 2,0.000,8,false
twitch,2026-10-01,"Papers, Please",0.000,15,false
twitch,2026-10-01,A.A.U. Black Site,0.000,6,false
twitch,2026-10-01,RollerCoaster Tycoon 2,0.000,6,false
twitch,2026-10-01,WE ARE SO DEAD,0.000,5,false
twitch,2026-10-01,Halo 3,0.000,14,false
twitch,2026-10-01,Super Mega Baseball 4,0.000,20,false
twitch,2026-10-01,Persona 5 Strikers,0.000,9,false
twitch,2026-10-01,EZ2ON REBOOT : R,0.000,10,false
twitch,2026-10-01,Tales of Graces f Remastered,0.000,9,false
twitch,2026-10-01,Once Upon a Galaxy,0.000,5,false
twitch,2026-10-01,Cyber Hunter,0.000,6,false
twitch,2026-10-01,Hitman 2: Silent Assassin,0.000,8,false
twitch,2026-10-01,Fallout 4: Anniversary Edition,0.000,5,false
twitch,2026-10-01,Monster Hunter 4 Ultimate,0.000,7,false
twitch,2026-10-01,Mortal Shell,0.000,13,false
twitch,2026-10-01,Mandragora: Whispers of the Witch Tree,0.000,5,false
twitch,2026-10-01,JoJo’s Bizarre Adventure: All-Star Battle R,0.000,14,false
twitch,2026-10-01,F.E.A.R. 2: Project Origin,0.000,9,false
twitch,2026-10-01,Ace Combat 5: The Unsung War,0.000,6,false
twitch,2026-10-01,Tekken 3,0.000,5,false
twitch,2026-10-01,Project Wingman,0.000,12,false
twitch,2026-10-01,Captain Tsubasa II: World Fighters,0.000,14,false
twitch,2026-10-01,Kuroko's Basketball Street Rivals,0.000,5,false
twitch,2026-10-01,Kebab Chefs!: Restaurant Simulator,0.000,5,false
twitch,2026-10-01,Mega Man 7,0.000,6,false
twitch,2026-10-01,The Legend of Zelda: Oracle of Seasons,0.000,11,false
twitch,2026-10-01,The Bus,0.000,16,false
twitch,2026-10-01,Cast n Chill,0.000,6,false
twitch,2026-10-01,Seven Knights Re:BIRTH,0.000,6,false
twitch,2026-10-01,Plants vs. Zombies: Replanted,0.000,14,false
twitch,2026-10-01,Metal Gear Solid: The Twin Snakes,0.000,7,false
twitch,2026-10-01,Euro Truck Simulator,0.000,5,false
twitch,2026-10-01,Tactics Ogre: Reborn,0.000,6,false
twitch,2026-10-01,CookieRun: Kingdom,0.000,9,false
twitch,2026-10-01,Rhythia,0.000,12,false
twitch,2026-10-01,Cat Quest II,0.000,5,false
twitch,2026-10-01,Super Auto Pets,0.000,12,false
twitch,2026-10-01,Crypt of the NecroDancer,0.000,10,false
twitch,2026-10-01,Robox,0.000,8,false
twitch,2026-10-01,Ratchet & Clank,0.000,20,false
twitch,2026-10-01,F.E.A.R. 3,0.000,6,false
twitch,2026-10-01,FNaF World,0.000,7,false
twitch,2026-10-01,Sonic Origins,0.000,14,false
twitch,2026-10-01,Legend of Mortal,0.000,6,false
twitch,2026-10-01,Gears Tactics,0.000,5,false
twitch,2026-10-01,.hack//G.U. Vol. 1: Rebirth,0.000,5,false
twitch,2026-10-01,Seafarer: The Ship Sim,0.000,8,false
twitch,2026-10-01,Persona 5 Tactica,0.000,5,false
twitch,2026-10-01,Train Sim World 6,0.000,10,false
twitch,2026-10-01,The King of Fighters '98,0.000,5,false
twitch,2026-10-01,New Super Mario Bros. U,0.000,6,false
twitch,2026-10-01,Monster Hunter Stories 2: Wings of Ruin,0.000,7,false
twitch,2026-10-01,Pokémon Mystery Dungeon: Rescue Team DX,0.000,5,false
twitch,2026-10-01,Take Care of My Heifer,0.000,6,false
twitch,2026-10-01,Star Wars: Jedi Knight - Jedi Academy,0.000,5,false
twitch,2026-10-01,Terrinoth: Heroes of Descent,0.000,5,false
twitch,2026-10-01,New Super Mario Bros. U Deluxe,0.000,11,false
twitch,2026-10-01,Rune Factory 4 Special,0.000,8,false
twitch,2026-10-01,Monster Strike,0.000,10,false
twitch,2026-10-01,Fast Food Simulator,0.000,11,false
twitch,2026-10-01,Dark Pals,0.000,5,false
twitch,2026-10-01,Shelves and Sorcery: Tidy Up the Enchanted Shop,0.000,7,false
twitch,2026-10-01,Pixel Gun 3D,0.000,7,false
twitch,2026-10-01,Silent Hill: Homecoming,0.000,6,false
twitch,2026-10-01,Plants vs. Zombies,0.000,14,false
twitch,2026-10-01,Mortal Kombat XL,0.000,38,false
twitch,2026-10-01,Pool Blitz,0.000,33,false
twitch,2026-10-01,Age of Empires Mobile,0.000,6,false
twitch,2026-10-01,Grand Theft Auto: Liberty City Stories,0.000,10,false
twitch,2026-10-01,Plants vs. Zombies 2: It's About Time,0.000,10,false
twitch,2026-10-01,Pro Evolution Soccer,0.000,11,false
twitch,2026-10-01,Retro Game Challenge,0.000,6,false
twitch,2026-10-01,Zombie Army Trilogy,0.000,6,false
twitch,2026-10-01,Don’t Sleep with the Fishes,0.000,7,false
twitch,2026-10-01,Mage Arena,0.000,7,false
twitch,2026-10-01,Halo 4,0.000,5,false
twitch,2026-10-01,X-Men Origins: Wolverine,0.000,8,false
twitch,2026-10-01,Streamer Life Simulator 2,0.000,11,false
twitch,2026-10-01,Ruined King: A League of Legends Story,0.000,5,false
twitch,2026-10-01,Fallout: A Post Nuclear Role Playing Game,0.000,8,false
twitch,2026-10-01,Clash of Critters,0.000,5,false
twitch,2026-10-01,Streets of Rage,0.000,5,false
twitch,2026-10-01,BioShock 2,0.000,7,false
twitch,2026-10-01,Potion Craft,0.000,8,false
twitch,2026-10-01,Animal Company,0.000,11,false
twitch,2026-10-01,Atomfall,0.000,9,false
twitch,2026-10-01,The Witcher 2: Assassins of Kings - Enhanced Edition,0.000,8,false
twitch,2026-10-01,Football Manager 2024,0.000,9,false
twitch,2026-10-01,Mount & Blade: Warband,0.000,8,false
twitch,2026-10-01,Football,0.000,6,false
twitch,2026-10-01,Oxide: Survival Island,0.000,26,false
twitch,2026-10-01,Injustice: Gods Among Us,0.000,8,false
twitch,2026-10-01,Tears of Metal,0.000,6,false
twitch,2026-10-01,Rugby League 26,0.000,15,false
twitch,2026-10-01,Soul's Remnant,0.000,5,false
twitch,2026-10-01,VALORANT Mobile,0.000,13,false
twitch,2026-10-01,American Truck,0.000,5,false
twitch,2026-10-01,NBA 2K24,0.000,16,false
twitch,2026-10-01,Metal: Hellsinger,0.000,5,false
twitch,2026-10-01,Zombie Graveyard Simulator,0.000,5,false
twitch,2026-10-01,PGA TOUR 2K23,0.000,6,false
twitch,2026-10-01,Backyard Baseball 2001,0.000,5,false
twitch,2026-10-01,Plants vs. Zombies: Garden Warfare,0.000,11,false
twitch,2026-10-01,The No Jumpscare Show,0.000,7,false
twitch,2026-10-01,Captain Tsubasa: Rise of New Champions,0.000,7,false
twitch,2026-10-01,Final Fantasy V,0.000,6,false
twitch,2026-10-01,Plants vs. Zombies: Battle for Neighborville,0.000,10,false
twitch,2026-10-01,Bus Simulator 21,0.000,5,false
twitch,2026-10-01,SWORD ART ONLINE Fractured Daydream,0.000,6,false
twitch,2026-10-01,Final Fantasy: Mystic Quest,0.000,5,false
twitch,2026-10-01,DOOM 64,0.000,5,false
twitch,2026-10-01,Dofus Retro,0.000,6,false
twitch,2026-10-01,Ni no Kuni: Wrath of the White Witch Remastered,0.000,6,false
twitch,2026-10-01,Mortal Kombat,0.000,12,false
twitch,2026-10-01,Eiyuden Chronicle: Hundred Heroes,0.000,5,false
twitch,2026-10-01,Stormworks: Build and Rescue,0.000,7,false
twitch,2026-10-01,Tekken 6,0.000,8,false
twitch,2026-10-01,Just Shapes & Beats,0.000,6,false
twitch,2026-10-01,Stubbs the Zombie in Rebel Without a Pulse,0.000,5,false
twitch,2026-10-01,Poker Night at the Inventory,0.000,5,false
twitch,2026-10-01,BMX Streets,0.000,10,false
twitch,2026-10-01,Alaskan Road Truckers,0.000,7,false
twitch,2026-10-01,Just Cause 2,0.000,9,false
twitch,2026-10-01,Blade & Sorcery,0.000,8,false
twitch,2026-10-01,Persona 4 Arena Ultimax,0.000,7,false
twitch,2026-10-01,Music Maker,0.000,9,false
twitch,2026-10-01,Sly 2: Band of Thieves,0.000,6,false
twitch,2026-10-01,Blood Dungeon,0.000,6,false
twitch,2026-10-01,Nickelodeon All-Star Brawl 2,0.000,6,false
twitch,2026-10-01,Human Fall Flat 2,0.000,7,false
twitch,2026-10-01,Truck & Logistics Simulator,0.000,8,false
twitch,2026-10-01,Just Cause 4,0.000,7,false
twitch,2026-10-01,Really Illegal Golf,0.000,5,false
twitch,2026-10-01,FIFA 14,0.000,5,false
twitch,2026-10-01,Transformers: Fall of Cybertron,0.000,5,false
twitch,2026-10-01,CS2D,0.000,5,false
twitch,2026-10-01,Art Alive,0.000,5,false
twitch,2026-10-01,Cosplay Maker,0.000,5,false
twitch,2026-10-01,Rust Mobile,0.000,5,false
twitch,2026-10-01,Candy Crush Saga,0.000,8,false
twitch,2026-10-01,Dream League Soccer 2025,0.000,5,false
twitch,2026-10-01,Lotsa Slots,0.000,5,false
twitch,2026-10-01,(other: 655 categories with fewer than 5 channels),0.066,,false
twitch,2026-10-02,Just Chatting,8.179,342,false
twitch,2026-10-02,Grand Theft Auto V,5.477,220,false
twitch,2026-10-02,World of Warcraft,4.821,154,false
twitch,2026-10-02,Apex Legends,4.362,227,false
twitch,2026-10-02,League of Legends,3.425,207,false
twitch,2026-10-02,VALORANT,3.233,255,false
twitch,2026-10-02,EA Sports FC 27,3.165,215,false
twitch,2026-10-02,Dota 2,3.159,215,false
twitch,2026-10-02,IRL,3.111,226,false
twitch,2026-10-02,AION 2,2.774,122,false
twitch,2026-10-02,Fortnite,2.429,261,false
twitch,2026-10-02,Counter-Strike,2.369,314,false
twitch,2026-10-02,Overwatch,2.324,186,false
twitch,2026-10-02,Rust,2.017,108,false
twitch,2026-10-02,Gears of War: E-Day,1.931,205,false
twitch,2026-10-02,Minecraft,1.823,250,false
twitch,2026-10-02,Sports,1.618,282,false
twitch,2026-10-02,Deadlock,1.214,210,false
twitch,2026-10-02,WARDOGS,1.174,206,false
twitch,2026-10-02,Slots,1.100,216,true
twitch,2026-10-02,Teamfight Tactics,0.972,205,false
twitch,2026-10-02,World of Tanks,0.925,219,false
twitch,2026-10-02,Always On,0.853,74,false
twitch,2026-10-02,Marvel Rivals,0.811,221,false
twitch,2026-10-02,Valheim,0.776,204,false
twitch,2026-10-02,The Witcher 3: Wild Hunt Remastered,0.740,218,false
twitch,2026-10-02,Minecraft Dungeons II,0.729,249,false
twitch,2026-10-02,Tibia,0.717,162,false
twitch,2026-10-02,Dead by Daylight,0.680,267,false
twitch,2026-10-02,ASMR,0.631,212,false
twitch,2026-10-02,SILENT HILL: townfall,0.604,269,false
twitch,2026-10-02,Music,0.589,288,false
twitch,2026-10-02,DJs,0.582,295,false
twitch,2026-10-02,Escape from Tarkov,0.577,213,false
twitch,2026-10-02,Call of Duty: Warzone,0.563,225,false
twitch,2026-10-02,Pokémon FireRed/LeafGreen,0.540,258,false
twitch,2026-10-02,Hearthstone,0.536,234,false
twitch,2026-10-02,Rainbow Six Siege,0.519,311,false
twitch,2026-10-02,Heroes of the Storm,0.486,221,false
twitch,2026-10-02,PUBG: BATTLEGROUNDS,0.480,284,false
twitch,2026-10-02,Rocket League,0.435,384,false
twitch,2026-10-02,ARC Raiders,0.429,209,false
twitch,2026-10-02,I'm Only Sleeping,0.405,134,false
twitch,2026-10-02,Delta Force,0.403,211,false
twitch,2026-10-02,Retro,0.374,215,false
twitch,2026-10-02,Albion Online,0.373,174,false
twitch,2026-10-02,NBA 2K27,0.368,184,false
twitch,2026-10-02,Special Events,0.362,220,false
twitch,2026-10-02,Z1: Battle Royale,0.361,239,false
twitch,2026-10-02,ELDEN RING,0.334,201,false
twitch,2026-10-02,Active Matter,0.325,242,false
twitch,2026-10-02,Arena Breakout: Infinite,0.321,186,false
twitch,2026-10-02,Crypto,0.314,176,false
twitch,2026-10-02,"Animals, Aquariums, and Zoos",0.309,50,false
twitch,2026-10-02,Street Fighter 6,0.302,308,false
twitch,2026-10-02,CONTROL Resonant,0.295,262,false
twitch,2026-10-02,Aniimo,0.294,249,false
twitch,2026-10-02,ACE COMBAT 8: WINGS OF THEVE,0.285,259,false
twitch,2026-10-02,Art,0.284,285,false
twitch,2026-10-02,MECCHA CHAMELEON,0.283,322,false
twitch,2026-10-02,Heroes of Might and Magic III: The Restoration of Erathia,0.274,135,false
twitch,2026-10-02,Black Desert,0.267,173,false
twitch,2026-10-02,Old School RuneScape,0.258,228,false
twitch,2026-10-02,Project Zomboid,0.258,233,false
twitch,2026-10-02,Warframe,0.251,244,false
twitch,2026-10-02,DayZ,0.251,208,false
twitch,2026-10-02,"Warhammer 40,000: Space Marine II",0.247,204,false
twitch,2026-10-02,VRChat,0.247,322,false
twitch,2026-10-02,Virtual Casino,0.242,110,true
twitch,2026-10-02,Magic: The Gathering,0.241,248,false
twitch,2026-10-02,Talk Shows & Podcasts,0.228,284,false
twitch,2026-10-02,Games + Demos,0.213,395,false
twitch,2026-10-02,Fire Emblem: Fortune's Weave,0.208,229,false
twitch,2026-10-02,Genshin Impact,0.208,297,false
twitch,2026-10-02,Watch Your Plastic Duck,0.197,17,false
twitch,2026-10-02,Mobile Legends: Bang Bang,0.195,256,false
twitch,2026-10-02,BOMBANANA!,0.187,337,false
twitch,2026-10-02,Kingdom Hearts HD 1.5 + 2.5 ReMIX,0.177,314,false
twitch,2026-10-02,Graveyard Keeper II,0.177,269,false
twitch,2026-10-02,Halloween: The Game,0.175,331,false
twitch,2026-10-02,FINAL FANTASY XIV ONLINE,0.171,263,false
twitch,2026-10-02,ROBLOX,0.166,499,false
twitch,2026-10-02,Jackbox Party Packs,0.166,222,false
twitch,2026-10-02,Chess,0.155,350,false
twitch,2026-10-02,Madden NFL 27,0.154,406,false
twitch,2026-10-02,THE FINALS,0.154,279,false
twitch,2026-10-02,The Witcher 3: Wild Hunt,0.150,258,false
twitch,2026-10-02,Star Citizen,0.149,204,false
twitch,2026-10-02,Diablo IV,0.148,251,false
twitch,2026-10-02,Science & Technology,0.146,160,false
twitch,2026-10-02,Red Dead Redemption II,0.146,300,false
twitch,2026-10-02,I Know a Guy,0.144,49,false
twitch,2026-10-02,Palia,0.143,242,false
twitch,2026-10-02,Poker,0.138,219,true
twitch,2026-10-02,Hunt: Showdown 1896,0.136,257,false
twitch,2026-10-02,"Pools, Hot Tubs, and Beaches",0.135,119,false
twitch,2026-10-02,Lethal Company,0.134,296,false
twitch,2026-10-02,Dungeons & Dragons,0.131,226,false
twitch,2026-10-02,Trackmania,0.131,244,false
twitch,2026-10-02,Age of Empires II,0.129,245,false
twitch,2026-10-02,Marbles on Stream,0.127,270,false
twitch,2026-10-02,ARK: Survival Ascended,0.124,246,false
twitch,2026-10-02,Slay the Spire II,0.121,364,false
twitch,2026-10-02,Total War: WARHAMMER III,0.119,240,false
twitch,2026-10-02,The Isle,0.119,242,false
twitch,2026-10-02,Shakes and Fidget,0.118,48,false
twitch,2026-10-02,Path of Exile 2,0.114,190,false
twitch,2026-10-02,Tom Clancy's The Division 2,0.114,212,false
twitch,2026-10-02,Jinro Metropolis,0.111,25,false
twitch,2026-10-02,Sea of Thieves,0.111,243,false
twitch,2026-10-02,nanos world,0.110,89,false
twitch,2026-10-02,Call of Duty: Black Ops 7,0.107,315,false
twitch,2026-10-02,Phasmophobia,0.105,396,false
twitch,2026-10-02,osu!,0.104,504,false
twitch,2026-10-02,Knight Online,0.103,156,false
twitch,2026-10-02,Among Us,0.103,435,false
twitch,2026-10-02,NTE: Neverness to Everness,0.102,328,false
twitch,2026-10-02,Diablo III,0.101,101,false
twitch,2026-10-02,Clash Royale,0.097,415,false
twitch,2026-10-02,RuneScape: Dragonwilds,0.096,291,false
twitch,2026-10-02,Software and Game Development,0.093,254,false
twitch,2026-10-02,The Binding of Isaac: Repentance,0.093,419,false
twitch,2026-10-02,The Blood of Dawnwalker,0.093,298,false
twitch,2026-10-02,Destiny 2,0.090,222,false
twitch,2026-10-02,Dark Souls: Remastered,0.090,321,false
twitch,2026-10-02,SMITE 2,0.090,263,false
twitch,2026-10-02,MapleStory,0.087,201,false
twitch,2026-10-02,Co-working & Studying,0.086,234,false
twitch,2026-10-02,Pokémon Champions,0.086,346,false
twitch,2026-10-02,Shiren the Wanderer: The Mystery Dungeon of Serpentcoil Island,0.085,48,false
twitch,2026-10-02,Geometry Dash,0.085,536,false
twitch,2026-10-02,EVE Online,0.083,118,false
twitch,2026-10-02,Pokémon Trading Card Game,0.083,268,false
twitch,2026-10-02,Food & Drink,0.082,177,false
twitch,2026-10-02,RimWorld,0.079,201,false
twitch,2026-10-02,Battlefield 6,0.079,335,false
twitch,2026-10-02,Yu-Gi-Oh! Master Duel,0.077,323,false
twitch,2026-10-02,The Elder Scrolls V: Skyrim - Special Edition,0.076,254,false
twitch,2026-10-02,League of Legends: Wild Rift,0.075,269,false
twitch,2026-10-02,Kingdom Come: Deliverance II,0.075,250,false
twitch,2026-10-02,Le Mans Ultimate,0.074,244,false
twitch,2026-10-02,My Hero Ultra Rumble,0.074,273,false
twitch,2026-10-02,RESIDENT EVIL 7 biohazard,0.073,308,false
twitch,2026-10-02,Eternal Return,0.072,173,false
twitch,2026-10-02,The Elder Scrolls Online,0.071,240,false
twitch,2026-10-02,iRacing,0.071,337,false
twitch,2026-10-02,TEKKEN 8,0.070,357,false
twitch,2026-10-02,Pokémon Emerald Version,0.069,189,false
twitch,2026-10-02,F.E.A.R.,0.068,43,false
twitch,2026-10-02,Mario Kart World,0.068,270,false
twitch,2026-10-02,Life Is Strange,0.068,78,false
twitch,2026-10-02,Zenless Zone Zero,0.067,429,false
twitch,2026-10-02,Dofus,0.066,191,false
twitch,2026-10-02,DARK SOULS III,0.064,331,false
twitch,2026-10-02,Big Walk,0.063,272,false
twitch,2026-10-02,Warcraft III,0.063,229,false
twitch,2026-10-02,Super Mario Maker 2,0.062,142,false
twitch,2026-10-02,MARVEL SNAP,0.060,110,false
twitch,2026-10-02,GeoGuessr,0.060,369,false
twitch,2026-10-02,Where Winds Meet,0.059,248,false
twitch,2026-10-02,Clair Obscur: Expedition 33,0.059,308,false
twitch,2026-10-02,Dark and Darker,0.056,200,false
twitch,2026-10-02,Machine Party,0.056,134,false
twitch,2026-10-02,Microsoft Flight Simulator 2024,0.056,281,false
twitch,2026-10-02,RESIDENT EVIL: requiem,0.056,316,false
twitch,2026-10-02,Super Mario 64,0.054,230,false
twitch,2026-10-02,The Elder Scrolls IV: Oblivion Remastered,0.054,90,false
twitch,2026-10-02,Hollow Knight: Silksong,0.054,308,false
twitch,2026-10-02,Baldur's Gate 3,0.053,314,false
twitch,2026-10-02,EA Sports College Football 27,0.053,790,false
twitch,2026-10-02,Rise Online,0.052,67,false
twitch,2026-10-02,Brawl Stars,0.052,424,false
twitch,2026-10-02,EA Sports FC 26,0.051,366,false
twitch,2026-10-02,Call of Duty: Black Ops III,0.050,437,false
twitch,2026-10-02,R.E.P.O.,0.050,443,false
twitch,2026-10-02,War Thunder,0.049,382,false
twitch,2026-10-02,Honkai: Star Rail,0.049,402,false
twitch,2026-10-02,The Sinking City 2,0.049,52,false
twitch,2026-10-02,PEAK,0.049,486,false
twitch,2026-10-02,Pokémon Community Game,0.048,126,false
twitch,2026-10-02,Politics,0.048,124,false
twitch,2026-10-02,007 First Light,0.047,282,false
twitch,2026-10-02,Once Human,0.047,257,false
twitch,2026-10-02,The Sims 4,0.046,328,false
twitch,2026-10-02,ELDEN RING NIGHTREIGN,0.046,291,false
twitch,2026-10-02,Marathon,0.046,244,false
twitch,2026-10-02,Farming Simulator 25,0.045,305,false
twitch,2026-10-02,Shift at Midnight,0.045,327,false
twitch,2026-10-02,Fall Guys,0.045,397,false
twitch,2026-10-02,Resident Evil Village,0.045,372,false
twitch,2026-10-02,Alan Wake,0.043,103,false
twitch,2026-10-02,Euro Truck Simulator 2,0.043,349,false
twitch,2026-10-02,Call of Duty: Black Ops II,0.043,457,false
twitch,2026-10-02,Lost Ark,0.043,190,false
twitch,2026-10-02,How to Fish,0.043,385,false
twitch,2026-10-02,American Truck Simulator,0.042,317,false
twitch,2026-10-02,Pokémon Crystal Version,0.041,32,false
twitch,2026-10-02,Makers & Crafting,0.040,278,false
twitch,2026-10-02,Persona 5 Royal,0.040,242,false
twitch,2026-10-02,MLB The Show 26,0.040,392,false
twitch,2026-10-02,STALZONE,0.039,267,false
twitch,2026-10-02,Animal Crossing: New Horizons,0.039,178,false
twitch,2026-10-02,Stardew Valley,0.039,373,false
twitch,2026-10-02,HELLDIVERS 2,0.038,385,false
twitch,2026-10-02,The Quarry,0.038,226,false
twitch,2026-10-02,Age of Empires IV,0.038,150,false
twitch,2026-10-02,Grand Theft Auto: San Andreas,0.038,341,false
twitch,2026-10-02,Black Russia,0.038,69,false
twitch,2026-10-02,Grand Theft Auto IV,0.038,305,false
twitch,2026-10-02,Super Mario World,0.038,140,false
twitch,2026-10-02,Mimic Party,0.037,242,false
twitch,2026-10-02,Happy's Humble Burger Farm,0.037,16,false
twitch,2026-10-02,Casino Simulator 2024,0.037,42,false
twitch,2026-10-02,Pokémon Legends: Z-A,0.037,183,false
twitch,2026-10-02,Dune: Awakening,0.037,299,false
twitch,2026-10-02,The Bazaar,0.037,49,false
twitch,2026-10-02,Anime Squad,0.036,57,false
twitch,2026-10-02,Guild Wars 2,0.035,237,false
twitch,2026-10-02,Pokémon GO,0.035,172,false
twitch,2026-10-02,F1 25,0.034,499,false
twitch,2026-10-02,Fallout 76,0.034,289,false
twitch,2026-10-02,Palworld,0.033,335,false
twitch,2026-10-02,Diablo II: Resurrected,0.032,205,false
twitch,2026-10-02,The Legend of Zelda: Majora's Mask,0.032,151,false
twitch,2026-10-02,Hollow Knight,0.032,380,false
twitch,2026-10-02,The Legend of Zelda: Twilight Princess,0.032,183,false
twitch,2026-10-02,eFootball,0.032,501,false
twitch,2026-10-02,Super Smash Bros. Ultimate,0.031,360,false
twitch,2026-10-02,Gartic Phone,0.031,268,false
twitch,2026-10-02,Cyberpunk 2077,0.031,376,false
twitch,2026-10-02,Miniatures & Models,0.031,227,false
twitch,2026-10-02,Walk of Life,0.030,13,false
twitch,2026-10-02,Garry's Mod,0.030,193,false
twitch,2026-10-02,Pokémon HeartGold/SoulSilver,0.030,112,false
twitch,2026-10-02,Kings League,0.030,9,false
twitch,2026-10-02,Pokémon UNITE,0.030,262,false
twitch,2026-10-02,DARK SOULS II: Scholar of the First Sin,0.030,287,false
twitch,2026-10-02,A Weird Game About Sausage,0.029,99,false
twitch,2026-10-02,Dragon Quest Heroes: Torneko's Mystery Dungeon Classic HD,0.029,66,false
twitch,2026-10-02,Pokémon,0.029,233,false
twitch,2026-10-02,TCG Card Shop Simulator,0.029,290,false
twitch,2026-10-02,No Man's Sky,0.029,301,false
twitch,2026-10-02,Terraria,0.028,347,false
twitch,2026-10-02,Bills Must Be Paid,0.028,33,false
twitch,2026-10-02,"KOTÁMON: My Sis Found A Super-Rare Card In Her Cereal Box, So I Became A Garbage Man To Find The Entire Collection And Earn $1,000,000",0.028,52,false
twitch,2026-10-02,The Elder Scrolls V: Skyrim,0.028,367,false
twitch,2026-10-02,Balatro,0.028,244,false
twitch,2026-10-02,Mega Man X,0.027,21,false
twitch,2026-10-02,Call of Duty,0.027,523,false
twitch,2026-10-02,The Legend of Zelda: Breath of the Wild,0.026,203,false
twitch,2026-10-02,Call of Duty: Modern Warfare III,0.026,505,false
twitch,2026-10-02,Pokémon Black/White Version 2,0.025,49,false
twitch,2026-10-02,NARAKA: BLADEPOINT,0.025,189,false
twitch,2026-10-02,Escape the Backrooms,0.024,373,false
twitch,2026-10-02,The Legend of Zelda: Tears of the Kingdom,0.024,168,false
twitch,2026-10-02,Team Fortress 2,0.024,342,false
twitch,2026-10-02,For Honor,0.024,379,false
twitch,2026-10-02,The Outlast Trials,0.024,424,false
twitch,2026-10-02,Sonic Racing: CrossWorlds,0.024,301,false
twitch,2026-10-02,WWE 2K26,0.024,416,false
twitch,2026-10-02,SILENT HILL ƒ,0.024,249,false
twitch,2026-10-02,Factorio,0.024,156,false
twitch,2026-10-02,Lies of P,0.024,285,false
twitch,2026-10-02,Mortal Shell II,0.024,275,false
twitch,2026-10-02,Forza Horizon 6,0.023,395,false
twitch,2026-10-02,REMATCH,0.023,433,false
twitch,2026-10-02,Halo Infinite,0.023,311,false
twitch,2026-10-02,Endacopia,0.023,124,false
twitch,2026-10-02,BioShock 2,0.023,5,false
twitch,2026-10-02,Super Smash Bros. Melee,0.023,139,false
twitch,2026-10-02,Football Manager 26,0.023,168,false
twitch,2026-10-02,Halo: The Master Chief Collection,0.022,274,false
twitch,2026-10-02,Metaphor: ReFantazio,0.022,113,false
twitch,2026-10-02,FINAL FANTASY VII,0.022,109,false
twitch,2026-10-02,Star Trek: Voyager - Across the Unknown,0.021,17,false
twitch,2026-10-02,Summoners War: Sky Arena,0.021,72,false
twitch,2026-10-02,Magical Girl Witch Trials,0.021,43,false
twitch,2026-10-02,The Last of Us Part II Remastered,0.021,387,false
twitch,2026-10-02,Pokémon Pokopia,0.021,165,false
twitch,2026-10-02,FINAL FANTASY X,0.021,103,false
twitch,2026-10-02,Dark Souls II,0.020,42,false
twitch,2026-10-02,The Legend of Zelda: A Link to the Past,0.020,155,false
twitch,2026-10-02,Don't Drop The Cake,0.020,23,false
twitch,2026-10-02,Heroes of Might & Magic: Olden Era,0.020,53,false
twitch,2026-10-02,Fallout 4,0.020,294,false
twitch,2026-10-02,Resonance: A Plague Tale Legacy,0.019,225,false
twitch,2026-10-02,Sid Meier's Civilization V,0.019,46,false
twitch,2026-10-02,Stray,0.019,114,false
twitch,2026-10-02,Worms W.M.D,0.019,20,false
twitch,2026-10-02,Call of Duty: Black Ops,0.019,302,false
twitch,2026-10-02,Raid: Shadow Legends,0.019,81,false
twitch,2026-10-02,The Legend of Zelda: The Wind Waker,0.019,71,false
twitch,2026-10-02,Control,0.019,250,false
twitch,2026-10-02,FINAL FANTASY XI ONLINE,0.018,92,false
twitch,2026-10-02,HλLF-LIFE,0.018,71,false
twitch,2026-10-02,Resident Evil 4,0.018,429,false
twitch,2026-10-02,Shadowverse: Worlds Beyond,0.018,131,false
twitch,2026-10-02,POOL LOOP,0.018,22,false
twitch,2026-10-02,DRAGON BALL GEKISHIN SQUADRA,0.017,273,false
twitch,2026-10-02,Star Wars Zero Company,0.017,220,false
twitch,2026-10-02,Tomodachi Life: Living the Dream,0.017,188,false
twitch,2026-10-02,Sid Meier's Civilization VI,0.017,100,false
twitch,2026-10-02,Super Mario Odyssey,0.017,105,false
twitch,2026-10-02,RuneScape,0.017,140,false
twitch,2026-10-02,Riftbound,0.017,66,false
twitch,2026-10-02,Blue Prince,0.017,120,false
twitch,2026-10-02,Fallout 3,0.017,68,false
twitch,2026-10-02,XCOM: Enemy Unknown,0.016,23,false
twitch,2026-10-02,Lego & Brickbuilding,0.016,122,false
twitch,2026-10-02,The Last of Us Part I,0.016,360,false
twitch,2026-10-02,FINAL FANTASY IX,0.016,65,false
twitch,2026-10-02,Out of the Park Baseball 27,0.016,11,false
twitch,2026-10-02,Gran Turismo 7,0.016,456,false
twitch,2026-10-02,Avatar Legends: The Fighting Game,0.015,103,false
twitch,2026-10-02,Fire Emblem: Three Houses,0.015,50,false
twitch,2026-10-02,Left 4 Dead 2,0.015,372,false
twitch,2026-10-02,Dead Space,0.015,86,false
twitch,2026-10-02,God of War Ragnarök,0.015,371,false
twitch,2026-10-02,Writing & Reading,0.015,164,false
twitch,2026-10-02,hololive Dreams,0.014,59,false
twitch,2026-10-02,Clash of Clans,0.014,145,false
twitch,2026-10-02,They Are Billions,0.014,26,false
twitch,2026-10-02,Mistfall Hunter,0.014,149,false
twitch,2026-10-02,Microscape,0.014,17,false
twitch,2026-10-02,Deskrawl: Idle ARPG,0.014,35,false
twitch,2026-10-02,Deltarune,0.014,268,false
twitch,2026-10-02,Dragon Ball Z: Dokkan Battle,0.014,99,false
twitch,2026-10-02,Gwent: The Witcher Card Game,0.014,38,false
twitch,2026-10-02,Assassin's Creed Valhalla,0.014,212,false
twitch,2026-10-02,Call of Duty: Black Ops 6,0.014,263,false
twitch,2026-10-02,Resident Evil 6,0.014,271,false
twitch,2026-10-02,Resident Evil 2,0.014,349,false
twitch,2026-10-02,Magic Chess: Go Go,0.014,29,false
twitch,2026-10-02,Super Mario Bros. 3,0.014,26,false
twitch,2026-10-02,Mario Kart Wii,0.013,117,false
twitch,2026-10-02,Resident Evil 3,0.013,302,false
twitch,2026-10-02,Resident Evil,0.013,150,false
twitch,2026-10-02,Dead Space 2,0.013,68,false
twitch,2026-10-02,Blue Protocol: Star Resonance,0.013,35,false
twitch,2026-10-02,Super Battle Golf,0.013,142,false
twitch,2026-10-02,Mortal Kombat 1,0.013,361,false
twitch,2026-10-02,Fitness & Health,0.013,171,false
twitch,2026-10-02,Heroes of Newerth Reborn,0.013,37,false
twitch,2026-10-02,Umamusume: Pretty Derby,0.013,173,false
twitch,2026-10-02,The Walking Dead,0.013,178,false
twitch,2026-10-02,Watch_Dogs,0.013,129,false
twitch,2026-10-02,FINAL FANTASY VII REMAKE,0.012,242,false
twitch,2026-10-02,FINAL FANTASY VII REBIRTH,0.012,250,false
twitch,2026-10-02,Fears to Fathom - Scratch Creek,0.012,111,false
twitch,2026-10-02,HATSUNE MIKU: COLORFUL STAGE!,0.012,70,false
twitch,2026-10-02,Dying Light,0.012,294,false
twitch,2026-10-02,Silent Hill,0.012,84,false
twitch,2026-10-02,Gartic Show,0.012,55,false
twitch,2026-10-02,theHunter: Call of the Wild,0.012,295,false
twitch,2026-10-02,Sky: Children of the Light,0.012,107,false
twitch,2026-10-02,Rehaunted,0.012,60,false
twitch,2026-10-02,Pokémon Scarlet/Violet,0.011,123,false
twitch,2026-10-02,Mahjong Soul,0.011,159,false
twitch,2026-10-02,Mario Kart 8 Deluxe,0.011,182,false
twitch,2026-10-02,Board Games,0.011,57,false
twitch,2026-10-02,Golf With Your Friends,0.011,176,false
twitch,2026-10-02,Ultra Street Fighter IV,0.011,40,false
twitch,2026-10-02,New Super Mario Bros. Wii,0.011,24,false
twitch,2026-10-02,Super Mario Sunshine,0.011,71,false
twitch,2026-10-02,Gothic 1 Remake,0.011,79,false
twitch,2026-10-02,Grand Theft Auto,0.010,25,false
twitch,2026-10-02,Subnautica,0.010,199,false
twitch,2026-10-02,Graveyard Keeper,0.010,146,false
twitch,2026-10-02,Beat Saber,0.010,183,false
twitch,2026-10-02,Risk of Rain 2,0.010,174,false
twitch,2026-10-02,Assassin's Creed Black Flag Resynced,0.010,310,false
twitch,2026-10-02,Resident Evil 0,0.010,146,false
twitch,2026-10-02,Star Trek Fleet Command,0.010,35,false
twitch,2026-10-02,Poppy Playtime,0.010,205,false
twitch,2026-10-02,Crimson Desert,0.010,233,false
twitch,2026-10-02,Happy Wheels,0.010,115,false
twitch,2026-10-02,NBA 2K26,0.010,411,false
twitch,2026-10-02,Anime Shop Simulator ✨,0.010,93,false
twitch,2026-10-02,Path of Exile,0.010,143,false
twitch,2026-10-02,Super Metroid,0.010,88,false
twitch,2026-10-02,Pokémon Trading Card Game Pocket,0.010,70,false
twitch,2026-10-02,Resident Evil 5,0.010,228,false
twitch,2026-10-02,S.O.N.A.R.: Submarine Operators Not Actually Ready,0.009,13,false
twitch,2026-10-02,Destiny,0.009,72,false
twitch,2026-10-02,Call of Duty: Black Ops IIII,0.009,196,false
twitch,2026-10-02,Pokémon X/Y,0.009,48,false
twitch,2026-10-02,Escape from Tarkov: Arena,0.009,168,false
twitch,2026-10-02,Schedule I,0.009,274,false
twitch,2026-10-02,Silent Hill 2,0.009,325,false
twitch,2026-10-02,Vintage Story,0.009,125,false
twitch,2026-10-02,Normal Golf Game,0.009,32,false
twitch,2026-10-02,Disciples II: Rise of the Elves,0.009,19,false
twitch,2026-10-02,Star Wars: The Old Republic,0.009,139,false
twitch,2026-10-02,Silent Hill 4: The Room,0.009,35,false
twitch,2026-10-02,ARK: Survival Evolved,0.009,222,false
twitch,2026-10-02,Call of Duty: Mobile,0.008,450,false
twitch,2026-10-02,Assetto Corsa,0.008,257,false
twitch,2026-10-02,Japan Stigmatized Property 3,0.008,23,false
twitch,2026-10-02,lily's world XD,0.008,50,false
twitch,2026-10-02,Ready or Not,0.008,456,false
twitch,2026-10-02,Darkest Dungeon,0.008,93,false
twitch,2026-10-02,Pokémon Sword/Shield,0.008,104,false
twitch,2026-10-02,GUILTY GEAR -STRIVE-,0.008,173,false
twitch,2026-10-02,Dragon's Dogma II,0.008,167,false
twitch,2026-10-02,Legend of YMIR,0.008,18,false
twitch,2026-10-02,Clone Hero,0.008,176,false
twitch,2026-10-02,Path of Titans,0.008,224,false
twitch,2026-10-02,Europa Universalis V,0.008,31,false
twitch,2026-10-02,Kingdom Hearts III,0.008,120,false
twitch,2026-10-02,2XKO,0.008,44,false
twitch,2026-10-02,No More Room in Hell 2,0.008,247,false
twitch,2026-10-02,Final Fantasy VI,0.008,52,false
twitch,2026-10-02,Raft,0.008,183,false
twitch,2026-10-02,CTR: Crash Team Racing,0.008,11,false
twitch,2026-10-02,MARVEL TŌKON: Fighting Souls,0.008,196,false
twitch,2026-10-02,the cabin game,0.008,80,false
twitch,2026-10-02,Heroes of Might and Magic V,0.008,22,false
twitch,2026-10-02,Pokémon Platinum Version,0.008,101,false
twitch,2026-10-02,Grand Theft Auto III,0.008,83,false
twitch,2026-10-02,Metro Exodus,0.007,143,false
twitch,2026-10-02,The Long Dark,0.007,98,false
twitch,2026-10-02,PlateUp!,0.007,124,false
twitch,2026-10-02,Dying Light: The Beast,0.007,221,false
twitch,2026-10-02,Borderlands 3,0.007,126,false
twitch,2026-10-02,Auto Chess,0.007,20,false
twitch,2026-10-02,Metal Gear Solid 4: Guns of the Patriots,0.007,60,false
twitch,2026-10-02,The Evil Within,0.007,162,false
twitch,2026-10-02,House 2,0.007,17,false
twitch,2026-10-02,Yakuza 0,0.007,46,false
twitch,2026-10-02,Mina the Hollower,0.007,36,false
twitch,2026-10-02,Fright Train,0.007,30,false
twitch,2026-10-02,Touhou Koumakyou: New Classic - The Embodiment of Scarlet Devil,0.007,35,false
twitch,2026-10-02,Ace Combat Zero: The Belkan War,0.007,48,false
twitch,2026-10-02,Call of Duty: Modern Warfare II,0.007,138,false
twitch,2026-10-02,GTA: La Heist,0.007,464,false
twitch,2026-10-02,Planet Crafter,0.007,138,false
twitch,2026-10-02,Gears of War 2,0.007,61,false
twitch,2026-10-02,Red Dead Redemption,0.006,149,false
twitch,2026-10-02,Just Dance 2026 Edition,0.006,26,false
twitch,2026-10-02,Fallout: New Vegas,0.006,141,false
twitch,2026-10-02,Age of Mythology,0.006,58,false
twitch,2026-10-02,Free Fire,0.006,409,false
twitch,2026-10-02,FINAL FANTASY VIII,0.006,37,false
twitch,2026-10-02,MLB The Show 25,0.006,15,false
twitch,2026-10-02,Diablo II,0.006,35,false
twitch,2026-10-02,Outlast II,0.006,176,false
twitch,2026-10-02,Tournament Poker,0.006,14,false
twitch,2026-10-02,FINAL FANTASY TACTICS,0.006,9,false
twitch,2026-10-02,EverQuest Legends,0.006,36,false
twitch,2026-10-02,MARVEL Strike Force,0.006,22,false
twitch,2026-10-02,FINAL FANTASY XVI,0.006,165,false
twitch,2026-10-02,Sort Them Ducks,0.006,76,false
twitch,2026-10-02,Dead as Disco,0.006,130,false
twitch,2026-10-02,Danganronpa: Trigger Happy Havoc,0.006,70,false
twitch,2026-10-02,Backpack Battles,0.006,16,false
twitch,2026-10-02,Pokémon Trading Card Game Live,0.006,83,false
twitch,2026-10-02,Subnautica 2,0.006,116,false
twitch,2026-10-02,Arena of Valor,0.006,45,false
twitch,2026-10-02,Pummel Party,0.006,110,false
twitch,2026-10-02,Portal 2,0.006,134,false
twitch,2026-10-02,Grand Theft Auto: Vice City,0.006,87,false
twitch,2026-10-02,Tomb Raider I•II•III Remastered,0.006,75,false
twitch,2026-10-02,Crash Bandicoot 4: It's About Time,0.006,71,false
twitch,2026-10-02,Pokémon Black/White,0.006,47,false
twitch,2026-10-02,Pogostuck: Rage With Your Friends,0.006,35,false
twitch,2026-10-02,Marvel's Spider-Man Remastered,0.006,208,false
twitch,2026-10-02,Party Animals,0.006,155,false
twitch,2026-10-02,Sonic Adventure DX: Director's Cut,0.005,19,false
twitch,2026-10-02,The Choicer Voicer,0.005,79,false
twitch,2026-10-02,Grounded,0.005,222,false
twitch,2026-10-02,Dying Light 2: Stay Human,0.005,228,false
twitch,2026-10-02,Dispatch,0.005,72,false
twitch,2026-10-02,God of War,0.005,307,false
twitch,2026-10-02,Honor of Kings,0.005,121,false
twitch,2026-10-02,Chained Together,0.005,138,false
twitch,2026-10-02,Kukoro: Stream Chat Games,0.005,37,false
twitch,2026-10-02,Mortal Kombat 11,0.005,198,false
twitch,2026-10-02,Metal Gear Solid V: The Phantom Pain,0.005,88,false
twitch,2026-10-02,Guild Wars: Reforged,0.005,38,false
twitch,2026-10-02,RavenQuest,0.005,18,false
twitch,2026-10-02,EA Sports UFC 6,0.005,322,false
twitch,2026-10-02,The Dark Pictures Anthology: Man of Medan,0.005,61,false
twitch,2026-10-02,Cities: Skylines II,0.005,44,false
twitch,2026-10-02,Granblue Fantasy Versus: Rising,0.005,77,false
twitch,2026-10-02,Conan Exiles,0.005,105,false
twitch,2026-10-02,Battle Brothers,0.005,19,false
twitch,2026-10-02,Guildrun,0.005,24,false
twitch,2026-10-02,PGA TOUR 2K25,0.005,149,false
twitch,2026-10-02,Librarian: Tidy Up the Arcane Library!,0.005,90,false
twitch,2026-10-02,The Lord of the Rings Online,0.005,70,false
twitch,2026-10-02,Rush Royale,0.005,34,false
twitch,2026-10-02,LEGO Star Wars: The Complete Saga,0.005,14,false
twitch,2026-10-02,Quasimorph,0.005,27,false
twitch,2026-10-02,Days Gone,0.005,186,false
twitch,2026-10-02,Hello Kitty Island Adventure,0.005,49,false
twitch,2026-10-02,Age of Empires III,0.005,47,false
twitch,2026-10-02,House Flipper 2,0.004,86,false
twitch,2026-10-02,DOOM Eternal,0.004,117,false
twitch,2026-10-02,Portal,0.004,33,false
twitch,2026-10-02,Metal Gear Rising: Revengeance,0.004,37,false
twitch,2026-10-02,Superliminal,0.004,16,false
twitch,2026-10-02,Madden NFL 26,0.004,441,false
twitch,2026-10-02,Silent Hill: Downpour,0.004,5,false
twitch,2026-10-02,Placid Plastic Duck Simulator,0.004,27,false
twitch,2026-10-02,Star Trek Online,0.004,43,false
twitch,2026-10-02,Beyond: Two Souls,0.004,61,false
twitch,2026-10-02,World War Z: Aftermath,0.004,132,false
twitch,2026-10-02,Forza Horizon 5,0.004,391,false
twitch,2026-10-02,Kingdom Come: Deliverance,0.004,132,false
twitch,2026-10-02,Five Nights at Freddy's 2,0.004,82,false
twitch,2026-10-02,Rain World,0.004,53,false
twitch,2026-10-02,Pokémon Gold Version,0.004,11,false
twitch,2026-10-02,DIGIMON STORY: TIME STRANGER,0.004,97,false
twitch,2026-10-02,False Hero,0.004,21,false
twitch,2026-10-02,Birds Watching,0.004,9,false
twitch,2026-10-02,Servant of the Lake,0.004,15,false
twitch,2026-10-02,EA Sports College Football 26,0.004,288,false
twitch,2026-10-02,Retro Rewind: Video Store Simulator,0.004,62,false
twitch,2026-10-02,Arena Breakout,0.004,67,false
twitch,2026-10-02,Ratchet & Clank (2002),0.004,14,false
twitch,2026-10-02,Dead Island 2,0.004,160,false
twitch,2026-10-02,DRAGON QUEST XI S: Echoes of an Elusive Age,0.004,52,false
twitch,2026-10-02,Train Sim World 7,0.004,49,false
twitch,2026-10-02,FTL: Faster Than Light,0.004,25,false
twitch,2026-10-02,GRAIN ROT,0.004,76,false
twitch,2026-10-02,Waterpark Simulator,0.004,52,false
twitch,2026-10-02,The Elder Scrolls V: Skyrim - Anniversary Edition,0.004,38,false
twitch,2026-10-02,Stumble Guys,0.004,122,false
twitch,2026-10-02,DOOM: The Dark Ages,0.004,114,false
twitch,2026-10-02,Soulmask,0.004,27,false
twitch,2026-10-02,FIFA Mobile,0.004,25,false
twitch,2026-10-02,Diablo,0.004,23,false
twitch,2026-10-02,Tormented Souls,0.004,29,false
twitch,2026-10-02,Call of Duty: Black Ops Cold War,0.004,331,false
twitch,2026-10-02,Pokémon Legends: Arceus,0.004,53,false
twitch,2026-10-02,Cronos: The New Dawn,0.003,77,false
twitch,2026-10-02,Animaly Bar: NO HUMANITY!,0.003,33,false
twitch,2026-10-02,DRAGON BALL: Sparking! ZERO,0.003,351,false
twitch,2026-10-02,DRAGON QUEST VII Reimagined,0.003,32,false
twitch,2026-10-02,Monster Hunter 3 Ultimate,0.003,9,false
twitch,2026-10-02,Duet Night Abyss,0.003,18,false
twitch,2026-10-02,Spirit City: Lofi Sessions,0.003,44,false
twitch,2026-10-02,Mu: Dark Epoch,0.003,61,false
twitch,2026-10-02,Space Station 13,0.003,6,false
twitch,2026-10-02,Crash Bandicoot 2: Cortex Strikes Back,0.003,23,false
twitch,2026-10-02,Farm Together 2,0.003,25,false
twitch,2026-10-02,Dead Space (2008),0.003,49,false
twitch,2026-10-02,Fatal Fury: City of the Wolves,0.003,51,false
twitch,2026-10-02,Call of Duty: Modern Warfare 4,0.003,126,false
twitch,2026-10-02,Dark Souls,0.003,52,false
twitch,2026-10-02,Grand Theft Auto: San Andreas - The Definitive Edition,0.003,105,false
twitch,2026-10-02,F.E.A.R. 2: Project Origin,0.003,10,false
twitch,2026-10-02,SMITE,0.003,92,false
twitch,2026-10-02,Dungeons & Dragons Online,0.003,46,false
twitch,2026-10-02,New World: Aeternum,0.003,41,false
twitch,2026-10-02,Metal Gear Solid,0.003,31,false
twitch,2026-10-02,IdleOn,0.003,19,false
twitch,2026-10-02,Crossout,0.003,81,false
twitch,2026-10-02,Agefield High: Rock the School,0.003,56,false
twitch,2026-10-02,Company of Heroes 3,0.003,24,false
twitch,2026-10-02,Iron Blight,0.003,10,false
twitch,2026-10-02,DIRECTIVE 8020,0.003,44,false
twitch,2026-10-02,The Sims 2,0.003,37,false
twitch,2026-10-02,Grand Theft Auto III: The Definitive Edition,0.003,41,false
twitch,2026-10-02,Batman: Arkham Knight,0.003,233,false
twitch,2026-10-02,Resident Evil 3: Nemesis,0.003,43,false
twitch,2026-10-02,Halo: Campaign Evolved,0.003,218,false
twitch,2026-10-02,Dead Cells,0.003,63,false
twitch,2026-10-02,Command & Conquer: Generals,0.003,11,false
twitch,2026-10-02,Castlevania: Symphony of the Night,0.003,58,false
twitch,2026-10-02,"Pokémon: Let's Go, Pikachu!/Eevee!",0.003,29,false
twitch,2026-10-02,Star Wars Jedi: Survivor,0.003,114,false
twitch,2026-10-02,Kerbal Space Program,0.003,44,false
twitch,2026-10-02,The Elder Scrolls II: Daggerfall,0.003,23,false
twitch,2026-10-02,Windrose,0.003,63,false
twitch,2026-10-02,Neverwinter,0.003,46,false
twitch,2026-10-02,Snowed Under,0.003,8,false
twitch,2026-10-02,Pokémon Brilliant Diamond/Shining Pearl,0.003,42,false
twitch,2026-10-02,DCS World,0.003,63,false
twitch,2026-10-02,Gakuen iDOLM@STER,0.003,9,false
twitch,2026-10-02,FINAL FANTASY,0.003,25,false
twitch,2026-10-02,DOOM II: Hell on Earth,0.003,36,false
twitch,2026-10-02,Gears 5,0.003,222,false
twitch,2026-10-02,Okko the Exiled,0.003,35,false
twitch,2026-10-02,Call of Duty: WWII,0.003,171,false
twitch,2026-10-02,At Dead of Night,0.003,26,false
twitch,2026-10-02,Moonlighter 2: The Endless Vault,0.003,53,false
twitch,2026-10-02,Mario Kart 64,0.003,19,false
twitch,2026-10-02,The Legend of Zelda,0.003,47,false
twitch,2026-10-02,Relic Arena,0.003,9,false
twitch,2026-10-02,BanG Dream! Our Notes,0.003,21,false
twitch,2026-10-02,Counter-Strike 1.6,0.003,88,false
twitch,2026-10-02,Jump Space,0.003,63,false
twitch,2026-10-02,Minecraft Dungeons,0.003,172,false
twitch,2026-10-02,Phantasy Star Online 2 New Genesis,0.003,50,false
twitch,2026-10-02,Sea of Stars,0.003,33,false
twitch,2026-10-02,Spiritfarer,0.003,26,false
twitch,2026-10-02,Star Fox Adventures,0.003,31,false
twitch,2026-10-02,Metal Gear Solid: Peace Walker,0.003,19,false
twitch,2026-10-02,Granblue Fantasy,0.003,26,false
twitch,2026-10-02,HλLF-LIFE²,0.002,59,false
twitch,2026-10-02,RollerCoaster Tycoon 2,0.002,8,false
twitch,2026-10-02,Star Wars Outlaws,0.002,87,false
twitch,2026-10-02,The Legend of Zelda: Tears of the Kingdom - Nintendo Switch 2 Edition,0.002,39,false
twitch,2026-10-02,The Message From Deep Space,0.002,7,false
twitch,2026-10-02,The Walking Dead: The Telltale Definitive Series - Protector Pack,0.002,31,false
twitch,2026-10-02,STAR WARS Jedi: Fallen Order™,0.002,82,false
twitch,2026-10-02,Slay the Princess,0.002,27,false
twitch,2026-10-02,Getting Over It with Bennett Foddy,0.002,39,false
twitch,2026-10-02,The Walking Dead: The Final Season,0.002,27,false
twitch,2026-10-02,The Walking Dead: Season Two,0.002,46,false
twitch,2026-10-02,Kingdom Hearts II,0.002,34,false
twitch,2026-10-02,GRWM,0.002,37,false
twitch,2026-10-02,Final Fantasy Resonance,0.002,48,false
twitch,2026-10-02,Heavy Rain,0.002,48,false
twitch,2026-10-02,Zelda II: The Adventure of Link,0.002,29,false
twitch,2026-10-02,PowerWash Simulator,0.002,64,false
twitch,2026-10-02,LEGO Batman: Legacy of the Dark Knight,0.002,115,false
twitch,2026-10-02,Kingdom Hearts Dream Drop Distance HD,0.002,15,false
twitch,2026-10-02,Artifact,0.002,14,false
twitch,2026-10-02,Devil May Cry 3: Dante's Awakening - Special Edition,0.002,29,false
twitch,2026-10-02,Crash Bandicoot,0.002,52,false
twitch,2026-10-02,Skull and Bones,0.002,31,false
twitch,2026-10-02,The Legend of Zelda: Skyward Sword HD,0.002,52,false
twitch,2026-10-02,God of War II,0.002,33,false
twitch,2026-10-02,Metal Gear Solid 3: Snake Eater,0.002,19,false
twitch,2026-10-02,ENDER MAGNOLIA: Bloom in the Mist,0.002,20,false
twitch,2026-10-02,FINAL FANTASY IV,0.002,18,false
twitch,2026-10-02,FINAL FANTASY XIII,0.002,38,false
twitch,2026-10-02,MEGA MAN STAR FORCE: Legacy Collection,0.002,17,false
twitch,2026-10-02,Star Wars Battlefront II,0.002,162,false
twitch,2026-10-02,Gears of War 4,0.002,94,false
twitch,2026-10-02,IRON NEST: Heavy Turret Simulator,0.002,37,false
twitch,2026-10-02,METAL GEAR SOLID Δ: SNAKE EATER,0.002,54,false
twitch,2026-10-02,Sonic Adventure 2: Battle,0.002,26,false
twitch,2026-10-02,KovaaK's Aim Trainer,0.002,84,false
twitch,2026-10-02,S4 League,0.002,23,false
twitch,2026-10-02,ANIMAL WELL,0.002,10,false
twitch,2026-10-02,The Legend of Zelda: The Minish Cap,0.002,26,false
twitch,2026-10-02,Road to Jukai,0.002,34,false
twitch,2026-10-02,Slay the Spire,0.002,57,false
twitch,2026-10-02,Pokémon Infinite Fusion,0.002,41,false
twitch,2026-10-02,Tales of Fear: Episode Zero,0.002,17,false
twitch,2026-10-02,CarX Street,0.002,109,false
twitch,2026-10-02,DRAGON BALL Z: KAKAROT,0.002,73,false
twitch,2026-10-02,Sonic the Hedgehog 3 & Knuckles,0.002,8,false
twitch,2026-10-02,Metro 2033 Redux,0.002,74,false
twitch,2026-10-02,Pokemon Auto Chess,0.002,21,false
twitch,2026-10-02,Momentum Mod,0.002,10,false
twitch,2026-10-02,Batman: Arkham City,0.002,48,false
twitch,2026-10-02,Life Is Strange 2,0.002,54,false
twitch,2026-10-02,Banishers: Ghosts of New Eden,0.002,48,false
twitch,2026-10-02,The Legend of Zelda: The Wind Waker HD,0.002,33,false
twitch,2026-10-02,Street Fighter III: 3rd Strike,0.002,24,false
twitch,2026-10-02,UNBEATABLE,0.002,18,false
twitch,2026-10-02,The Legend of Zelda: Link's Awakening,0.002,8,false
twitch,2026-10-02,Watcher of Realms,0.002,13,false
twitch,2026-10-02,X-Plane 12,0.002,32,false
twitch,2026-10-02,Call of Duty: Modern Warfare,0.002,119,false
twitch,2026-10-02,Bus Simulator 27,0.002,29,false
twitch,2026-10-02,Metal Gear Solid 4: Guns of the Patriots - Master Collection Version,0.002,72,false
twitch,2026-10-02,Coral Island,0.002,54,false
twitch,2026-10-02,Stellaris,0.002,55,false
twitch,2026-10-02,Fate/Grand Order,0.002,41,false
twitch,2026-10-02,Dark Hours,0.002,52,false
twitch,2026-10-02,Grand Chase Classic,0.002,39,false
twitch,2026-10-02,Demon's Souls,0.002,74,false
twitch,2026-10-02,Tomb Raider,0.002,43,false
twitch,2026-10-02,Into the Dead: Our Darkest Days,0.002,17,false
twitch,2026-10-02,The Dark Pictures Anthology: Little Hope,0.002,40,false
twitch,2026-10-02,Legend of Mortal,0.002,5,false
twitch,2026-10-02,Counter-Strike Online 2,0.002,77,false
twitch,2026-10-02,Metal Gear Solid: Peace Walker - Master Collection Version,0.002,39,false
twitch,2026-10-02,Kingdom Hearts II Final Mix,0.002,19,false
twitch,2026-10-02,The Sinking City Remastered,0.002,15,false
twitch,2026-10-02,Call of Duty: Vanguard,0.002,50,false
twitch,2026-10-02,Night Crows,0.002,20,false
twitch,2026-10-02,Pokémon Red Version,0.002,20,false
twitch,2026-10-02,With Your Destiny,0.002,14,false
twitch,2026-10-02,TERA,0.002,35,false
twitch,2026-10-02,Karaoke Joysound for Streamer,0.002,16,false
twitch,2026-10-02,LEGO Fortnite: Odyssey,0.002,25,false
twitch,2026-10-02,CURE - A Hospital Simulator,0.002,40,false
twitch,2026-10-02,Sonic Frontiers,0.002,22,false
twitch,2026-10-02,Omega Strikers,0.002,20,false
twitch,2026-10-02,Idle Champions of the Forgotten Realms,0.002,5,false
twitch,2026-10-02,The Dark Pictures Anthology: House of Ashes,0.002,35,false
twitch,2026-10-02,FINAL FANTASY XV,0.002,72,false
twitch,2026-10-02,Vindictus,0.002,18,false
twitch,2026-10-02,Rumbleverse,0.002,22,false
twitch,2026-10-02,Call of Duty 2,0.002,30,false
twitch,2026-10-02,TBH: Task Bar Hero,0.002,7,false
twitch,2026-10-02,Yakuza: Like a Dragon,0.002,50,false
twitch,2026-10-02,Keep Talking and Nobody Explodes,0.002,20,false
twitch,2026-10-02,Mortal Online 2,0.002,9,false
twitch,2026-10-02,Company of Heroes 2,0.002,20,false
twitch,2026-10-02,World of Sea Battle,0.002,24,false
twitch,2026-10-02,FreeStyle Street Basketball,0.002,9,false
twitch,2026-10-02,Dragon Age™: Origins,0.002,28,false
twitch,2026-10-02,Tainted Grail: The Fall of Avalon,0.002,33,false
twitch,2026-10-02,Riichi City,0.002,15,false
twitch,2026-10-02,F-Zero 99,0.002,15,false
twitch,2026-10-02,Super Mario Party Jamboree,0.002,30,false
twitch,2026-10-02,Love and Deepspace,0.002,16,false
twitch,2026-10-02,MONSTER HUNTER STORIES 3: TWISTED REFLECTION,0.002,30,false
twitch,2026-10-02,The King of Fighters 2002,0.002,24,false
twitch,2026-10-02,The Sims 3,0.002,23,false
twitch,2026-10-02,Grand Theft Auto: Vice City - The Definitive Edition,0.002,64,false
twitch,2026-10-02,Little Witch in the Woods,0.002,21,false
twitch,2026-10-02,Microsoft Flight Simulator,0.002,99,false
twitch,2026-10-02,Disco Elysium,0.002,43,false
twitch,2026-10-02,My Voice Zoo,0.002,12,false
twitch,2026-10-02,Farm Frenzy,0.002,5,false
twitch,2026-10-02,Resident Evil Code: Veronica X HD,0.002,17,false
twitch,2026-10-02,WE ARE FOOTBALL 2027,0.002,5,false
twitch,2026-10-02,Liar's Bar,0.002,45,false
twitch,2026-10-02,Saint Seiya: Awakening,0.002,16,false
twitch,2026-10-02,Super Mario Bros. Wonder,0.002,18,false
twitch,2026-10-02,Space Engineers,0.001,46,false
twitch,2026-10-02,Call of Duty: Modern Warfare 2,0.001,50,false
twitch,2026-10-02,Heroes & Generals,0.001,15,false
twitch,2026-10-02,Dragon Age: The Veilguard,0.001,35,false
twitch,2026-10-02,Scapewatch,0.001,11,false
twitch,2026-10-02,Metal Gear Solid 2: Sons of Liberty,0.001,26,false
twitch,2026-10-02,Wobbly Life,0.001,142,false
twitch,2026-10-02,Battle Teams,0.001,11,false
twitch,2026-10-02,The Dark Pictures Anthology: The Devil in Me,0.001,49,false
twitch,2026-10-02,DEAD OR ALIVE 6 Last Round,0.001,18,false
twitch,2026-10-02,Dragon Ball Legends,0.001,42,false
twitch,2026-10-02,The Witcher 2: Assassins of Kings,0.001,26,false
twitch,2026-10-02,WarCraft II: Tides of Darkness,0.001,7,false
twitch,2026-10-02,THE KING OF FIGHTERS XV,0.001,40,false
twitch,2026-10-02,Super Mario Galaxy 2,0.001,14,false
twitch,2026-10-02,Golf It!,0.001,30,false
twitch,2026-10-02,Sonic Unleashed,0.001,23,false
twitch,2026-10-02,Super Mario Bros.,0.001,24,false
twitch,2026-10-02,Crash Bandicoot: Warped,0.001,21,false
twitch,2026-10-02,Fire Emblem: Path of Radiance,0.001,18,false
twitch,2026-10-02,MLB The Show 18,0.001,258,false
twitch,2026-10-02,Dragon Age: Inquisition,0.001,46,false
twitch,2026-10-02,Blossom: The Seed of Life,0.001,6,false
twitch,2026-10-02,Blair Witch,0.001,40,false
twitch,2026-10-02,Gears of War: Reloaded,0.001,113,false
twitch,2026-10-02,The Legend of Zelda: Echoes of Wisdom,0.001,32,false
twitch,2026-10-02,Tiny Eden,0.001,28,false
twitch,2026-10-02,EarthBound,0.001,27,false
twitch,2026-10-02,Silent Hill: Shattered Memories,0.001,9,false
twitch,2026-10-02,South Park: The Fractured But Whole,0.001,107,false
twitch,2026-10-02,The Lord of the Rings: The Battle for Middle-earth II,0.001,11,false
twitch,2026-10-02,BLEACH Rebirth of Souls,0.001,44,false
twitch,2026-10-02,The Witness,0.001,23,false
twitch,2026-10-02,Spyro the Dragon,0.001,23,false
twitch,2026-10-02,FINAL FANTASY X-2,0.001,19,false
twitch,2026-10-02,Dead Space 3,0.001,39,false
twitch,2026-10-02,TV Total Events,0.001,5,false
twitch,2026-10-02,Roblox Studio,0.001,47,false
twitch,2026-10-02,MOBILE SUIT GUNDAM BATTLE OPERATION 2,0.001,60,false
twitch,2026-10-02,Ni no Kuni: Wrath of the White Witch Remastered,0.001,7,false
twitch,2026-10-02,Resident Evil: Revelations 2,0.001,31,false
twitch,2026-10-02,Monster Hunter 4 Ultimate,0.001,12,false
twitch,2026-10-02,Like a Dragon: Infinite Wealth,0.001,55,false
twitch,2026-10-02,Pokémon Mystery Dungeon: Explorers of Sky,0.001,17,false
twitch,2026-10-02,Ragnarok Origin: Classic,0.001,18,false
twitch,2026-10-02,X4: Foundations,0.001,26,false
twitch,2026-10-02,Dragon Quest Builders 2,0.001,6,false
twitch,2026-10-02,The Elder Scrolls III: Morrowind,0.001,31,false
twitch,2026-10-02,The Legend of Zelda: Ocarina of Time,0.001,28,false
twitch,2026-10-02,Super Animal Royale,0.001,48,false
twitch,2026-10-02,Silent Hill: Origins,0.001,9,false
twitch,2026-10-02,Hero Siege,0.001,21,false
twitch,2026-10-02,Yet Another Zombie Survivors,0.001,23,false
twitch,2026-10-02,Berserk Heroes Online,0.001,8,false
twitch,2026-10-02,Command & Conquer 3: Tiberium Wars,0.001,6,false
twitch,2026-10-02,Cash Cleaner Simulator,0.001,24,false
twitch,2026-10-02,Mortal Kombat X,0.001,50,false
twitch,2026-10-02,Fran Bow,0.001,35,false
twitch,2026-10-02,RoboCop: Rogue City,0.001,20,false
twitch,2026-10-02,Danganronpa 2: Goodbye Despair,0.001,40,false
twitch,2026-10-02,Pizza House Simulator,0.001,16,false
twitch,2026-10-02,The Wolf Among Us,0.001,33,false
twitch,2026-10-02,Sally Face,0.001,52,false
twitch,2026-10-02,Sonic Rumble Party,0.001,24,false
twitch,2026-10-02,Guilty Gear XX Accent Core Plus R,0.001,9,false
twitch,2026-10-02,Whatsamusic,0.001,10,false
twitch,2026-10-02,House Flipper,0.001,53,false
twitch,2026-10-02,Rhythm Heaven Groove,0.001,18,false
twitch,2026-10-02,The Walking Dead: A New Frontier,0.001,32,false
twitch,2026-10-02,The Legend of Zelda: Ocarina of Time 3D,0.001,15,false
twitch,2026-10-02,Kingdom Hearts 358/2 Days,0.001,19,false
twitch,2026-10-02,Hatsune Miku: Project DIVA Mega Mix+,0.001,21,false
twitch,2026-10-02,Uncharted 2: Among Thieves,0.001,19,false
twitch,2026-10-02,Lineage 2M,0.001,12,false
twitch,2026-10-02,Ring Fit Adventure,0.001,27,false
twitch,2026-10-02,Dragon Quest I & II HD-2D Remake,0.001,20,false
twitch,2026-10-02,Devil May Cry 4: Special Edition,0.001,40,false
twitch,2026-10-02,Titan Quest II,0.001,12,false
twitch,2026-10-02,Kingdom Hearts 3D: Dream Drop Distance,0.001,5,false
twitch,2026-10-02,The Lord of the Rings: Return to Moria,0.001,30,false
twitch,2026-10-02,Soul Chained,0.001,14,false
twitch,2026-10-02,It's Fine,0.001,5,false
twitch,2026-10-02,Backrooms: Code Yellow,0.001,26,false
twitch,2026-10-02,Gears of War 3,0.001,62,false
twitch,2026-10-02,Table Tennis,0.001,8,false
twitch,2026-10-02,F1 Manager 2024,0.001,26,false
twitch,2026-10-02,Mongil: Star Dive,0.001,43,false
twitch,2026-10-02,SpongeBob SquarePants: Battle for Bikini Bottom,0.001,19,false
twitch,2026-10-02,Forbidden Solitaire,0.001,14,false
twitch,2026-10-02,Titan Quest Anniversary Edition,0.001,9,false
twitch,2026-10-02,Animal Crossing: City Folk,0.001,7,false
twitch,2026-10-02,As Dusk Falls,0.001,21,false
twitch,2026-10-02,Super Mario Galaxy,0.001,13,false
twitch,2026-10-02,Ranch Simulator,0.001,22,false
twitch,2026-10-02,Call of Duty: World at War,0.001,77,false
twitch,2026-10-02,Star Wars: Knights of the Old Republic,0.001,17,false
twitch,2026-10-02,Ghost Watchers,0.001,27,false
twitch,2026-10-02,The Legend of Zelda: Majora's Mask 3D,0.001,13,false
twitch,2026-10-02,Spyro: Year of the Dragon,0.001,15,false
twitch,2026-10-02,Call of Duty 4: Modern Warfare,0.001,40,false
twitch,2026-10-02,Tomb Raider II,0.001,6,false
twitch,2026-10-02,Counter-Strike: Source,0.001,26,false
twitch,2026-10-02,One Piece: Fighting Path,0.001,6,false
twitch,2026-10-02,Dragon Quest VI: Maboroshi no Daichi,0.001,6,false
twitch,2026-10-02,Dragon Quest III: The Seeds of Salvation,0.001,6,false
twitch,2026-10-02,TopSpin 2K25,0.001,29,false
twitch,2026-10-02,Pokémon Red/Blue,0.001,27,false
twitch,2026-10-02,Diablo Immortal,0.001,28,false
twitch,2026-10-02,Far Cry New Dawn,0.001,42,false
twitch,2026-10-02,OneState,0.001,222,false
twitch,2026-10-02,Age of Empires,0.001,23,false
twitch,2026-10-02,Darkest Dungeon II,0.001,21,false
twitch,2026-10-02,Luma Island,0.001,15,false
twitch,2026-10-02,Police Chief Simulator,0.001,27,false
twitch,2026-10-02,RollerCoaster Tycoon,0.001,7,false
twitch,2026-10-02,Chilla's Art: The Kidnap,0.001,7,false
twitch,2026-10-02,Watch Dogs 2,0.001,116,false
twitch,2026-10-02,Human: Fall Flat,0.001,41,false
twitch,2026-10-02,Sun Haven,0.001,25,false
twitch,2026-10-02,Fallout: A Post Nuclear Role Playing Game,0.001,11,false
twitch,2026-10-02,Monster Train 2,0.001,5,false
twitch,2026-10-02,High on Life,0.001,62,false
twitch,2026-10-02,Ratchet & Clank: Going Commando,0.001,12,false
twitch,2026-10-02,Pokémon Yellow Version: Special Pikachu Edition,0.001,21,false
twitch,2026-10-02,Potion Craft,0.001,18,false
twitch,2026-10-02,Restore Your Island,0.001,7,false
twitch,2026-10-02,Scarlet Hollow,0.001,11,false
twitch,2026-10-02,Life is Strange: Double Exposure,0.001,28,false
twitch,2026-10-02,Resident Evil Code: Veronica,0.001,12,false
twitch,2026-10-02,Kingdom Hearts Final Mix,0.001,24,false
twitch,2026-10-02,Crimson Moon,0.001,27,false
twitch,2026-10-02,GRANBLUE FANTASY Relink,0.001,21,false
twitch,2026-10-02,Sea Power: Naval Combat in the Missile Age,0.001,6,false
twitch,2026-10-02,Digimon Story: Cyber Sleuth,0.001,21,false
twitch,2026-10-02,Dragon Ball FighterZ,0.001,81,false
twitch,2026-10-02,Space Engineers 2,0.001,11,false
twitch,2026-10-02,Echoes of Aincrad,0.001,46,false
twitch,2026-10-02,Blade & Soul NEO,0.001,9,false
twitch,2026-10-02,Crash Bash,0.001,12,false
twitch,2026-10-02,The Lord of the Rings: War in the North - Legacy Edition,0.001,15,false
twitch,2026-10-02,Fallout 2,0.001,10,false
twitch,2026-10-02,Donkey Kong Country 2: Diddy's Kong-Quest,0.001,14,false
twitch,2026-10-02,TORMENTED SOULS II,0.001,20,false
twitch,2026-10-02,Don’t Sleep with the Fishes,0.001,9,false
twitch,2026-10-02,War Robots,0.001,25,false
twitch,2026-10-02,Lost and Found Co.,0.001,13,false
twitch,2026-10-02,Halo 3,0.001,16,false
twitch,2026-10-02,Witch It,0.001,7,false
twitch,2026-10-02,Ultimate Chicken Horse,0.001,22,false
twitch,2026-10-02,"Papers, Please",0.001,17,false
twitch,2026-10-02,Dragon Quest X: Mezameshi Itsutsu no Shuzoku Online,0.001,19,false
twitch,2026-10-02,Realm Royale Reforged,0.001,7,false
twitch,2026-10-02,The Witcher,0.001,36,false
twitch,2026-10-02,DRAGON QUEST MONSTERS: The Dark Prince,0.001,20,false
twitch,2026-10-02,Call of Duty: Infinite Warfare,0.001,94,false
twitch,2026-10-02,Anvil Empires,0.001,13,false
twitch,2026-10-02,Dead Island: Definitive Edition,0.001,28,false
twitch,2026-10-02,Nuclear Option,0.001,8,false
twitch,2026-10-02,Marvel vs. Capcom 2: New Age of Heroes,0.001,14,false
twitch,2026-10-02,Quake,0.001,26,false
twitch,2026-10-02,Streets of Rage 4,0.001,24,false
twitch,2026-10-02,Animal Crossing,0.001,6,false
twitch,2026-10-02,ENDER LILIES: Quietus of the Knights,0.001,20,false
twitch,2026-10-02,Can I Come In?,0.001,14,false
twitch,2026-10-02,Cities: Skylines,0.001,34,false
twitch,2026-10-02,Holdfast: Nations At War,0.001,34,false
twitch,2026-10-02,Pokémon XD: Gale of Darkness,0.001,21,false
twitch,2026-10-02,Yo-kai Watch,0.001,26,false
twitch,2026-10-02,Metro: Last Light Redux,0.001,29,false
twitch,2026-10-02,Plants vs. Zombies: Garden Warfare 2,0.001,74,false
twitch,2026-10-02,FLASH AND DIE,0.001,5,false
twitch,2026-10-02,RPG Maker,0.001,12,false
twitch,2026-10-02,Dota Underlords,0.001,10,false
twitch,2026-10-02,Modern Warships,0.001,23,false
twitch,2026-10-02,Watch Party,0.001,11,false
twitch,2026-10-02,Tom Clancy's Splinter Cell: Chaos Theory,0.001,9,false
twitch,2026-10-02,Dream League Soccer 2024,0.001,8,false
twitch,2026-10-02,Bleach: Brave Souls,0.001,37,false
twitch,2026-10-02,Guilty Gear Xrd REV 2,0.001,12,false
twitch,2026-10-02,A.A.U. Black Site,0.001,12,false
twitch,2026-10-02,Halo 2,0.001,16,false
twitch,2026-10-02,FINAL FANTASY TACTICS - The Ivalice Chronicles,0.001,31,false
twitch,2026-10-02,Sonic The Hedgehog,0.001,8,false
twitch,2026-10-02,WGT Golf,0.001,46,false
twitch,2026-10-02,The Legend of Zelda: Skyward Sword,0.001,18,false
twitch,2026-10-02,SoulCalibur VI,0.001,21,false
twitch,2026-10-02,The Witcher: Enhanced Edition,0.001,26,false
twitch,2026-10-02,Contraband Police,0.001,25,false
twitch,2026-10-02,Monster Hunter Freedom Unite,0.001,11,false
twitch,2026-10-02,The Lord of the Rings: War in the North,0.001,14,false
twitch,2026-10-02,Sonic X Shadow Generations,0.001,31,false
twitch,2026-10-02,Kebab Chefs!: Restaurant Simulator,0.001,11,false
twitch,2026-10-02,Samson,0.001,43,false
twitch,2026-10-02,Sonic Mania,0.001,16,false
twitch,2026-10-02,Yakuza,0.001,6,false
twitch,2026-10-02,Halo Wars,0.001,15,false
twitch,2026-10-02,Prominence Poker,0.001,39,false
twitch,2026-10-02,DRAGON QUEST MONSTERS: The Withered World,0.001,13,false
twitch,2026-10-02,Halo: Combat Evolved,0.001,34,false
twitch,2026-10-02,Ghost Exile,0.001,10,false
twitch,2026-10-02,Captain Tsubasa II: World Fighters,0.001,20,false
twitch,2026-10-02,First Class Trouble,0.001,16,false
twitch,2026-10-02,Watch Dogs: Legion,0.001,53,false
twitch,2026-10-02,Virtua Fighter 5 R.E.V.O.,0.001,12,false
twitch,2026-10-02,Assassin's Creed IV Black Flag,0.001,47,false
twitch,2026-10-02,Jak and Daxter: The Precursor Legacy,0.001,18,false
twitch,2026-10-02,Yakuza 0: Director's Cut,0.001,23,false
twitch,2026-10-02,Ghosts 'n Goblins Resurrection,0.001,5,false
twitch,2026-10-02,Grand Theft Auto: Vice City Stories,0.001,12,false
twitch,2026-10-02,Police Simulator: Patrol Officers,0.001,55,false
twitch,2026-10-02,Leafy Corner,0.001,20,false
twitch,2026-10-02,Dokapon Kingdom: Connect,0.001,15,false
twitch,2026-10-02,Dragon Quest III HD-2D Remake,0.001,16,false
twitch,2026-10-02,Alone in the Dark,0.001,13,false
twitch,2026-10-02,Powerful Pro Yakyuu 2026-2027,0.001,13,false
twitch,2026-10-02,Mortal Kombat: Legacy Kollection,0.001,12,false
twitch,2026-10-02,Super Meat Boy,0.001,12,false
twitch,2026-10-02,ZeroSpace,0.001,8,false
twitch,2026-10-02,Final Fantasy Tactics Advance,0.001,5,false
twitch,2026-10-02,The King of Fighters '98,0.001,7,false
twitch,2026-10-02,FC MOBILE,0.001,93,false
twitch,2026-10-02,The Sinking City,0.001,9,false
twitch,2026-10-02,The Death Game Report,0.001,10,false
twitch,2026-10-02,Batman: The Telltale Series,0.001,25,false
twitch,2026-10-02,Halo Wars 2,0.001,30,false
twitch,2026-10-02,Cast n Chill,0.000,8,false
twitch,2026-10-02,Bō,0.000,5,false
twitch,2026-10-02,Sonic Heroes,0.000,13,false
twitch,2026-10-02,Wolfenstein: The New Order,0.000,24,false
twitch,2026-10-02,Star Wars: Galaxy of Heroes,0.000,18,false
twitch,2026-10-02,Life is Strange Remastered,0.000,23,false
twitch,2026-10-02,Horse Magnifier: The Full Horse,0.000,5,false
twitch,2026-10-02,Dravo's Twisted Show,0.000,5,false
twitch,2026-10-02,Skill Legends Royale,0.000,10,false
twitch,2026-10-02,Vampire Crawlers: The Turbo Wildcard from Vampire Survivors,0.000,8,false
twitch,2026-10-02,Life is Strange: Reunion,0.000,13,false
twitch,2026-10-02,Marvel's Guardians of the Galaxy,0.000,51,false
twitch,2026-10-02,CRSED: F.O.A.D.,0.000,15,false
twitch,2026-10-02,The Coffin of Andy and Leyley,0.000,16,false
twitch,2026-10-02,Secret of Mana,0.000,6,false
twitch,2026-10-02,Zombie Army 4: Dead War,0.000,32,false
twitch,2026-10-02,FINAL FANTASY VIII Remastered,0.000,22,false
twitch,2026-10-02,Train Simulator Classic,0.000,8,false
twitch,2026-10-02,Medieval Juice Crafter,0.000,8,false
twitch,2026-10-02,Silent Hill 3,0.000,7,false
twitch,2026-10-02,Digimon Story: Cyber Sleuth - Hacker's Memory,0.000,18,false
twitch,2026-10-02,Halo 5: Guardians,0.000,40,false
twitch,2026-10-02,Corsair Cove,0.000,6,false
twitch,2026-10-02,Life is Strange: Before the Storm,0.000,15,false
twitch,2026-10-02,WE ARE SO DEAD,0.000,12,false
twitch,2026-10-02,Dragonheir: Silent Gods,0.000,13,false
twitch,2026-10-02,Session: Skate Sim,0.000,16,false
twitch,2026-10-02,SPLITGATE: Arena Reloaded,0.000,16,false
twitch,2026-10-02,Tom Clancy's Rainbow Six,0.000,30,false
twitch,2026-10-02,Monster Hunter Stories,0.000,12,false
twitch,2026-10-02,POOLS,0.000,9,false
twitch,2026-10-02,Spiral Knights,0.000,6,false
twitch,2026-10-02,Horsey Game,0.000,8,false
twitch,2026-10-02,DOOM³,0.000,10,false
twitch,2026-10-02,Stubbs the Zombie in Rebel Without a Pulse,0.000,7,false
twitch,2026-10-02,Kingdom Hearts Birth by Sleep,0.000,23,false
twitch,2026-10-02,Two Point Hospital,0.000,9,false
twitch,2026-10-02,Phantasy Star Online Blue Burst,0.000,9,false
twitch,2026-10-02,s&box,0.000,8,false
twitch,2026-10-02,Apex,0.000,13,false
twitch,2026-10-02,Coin maker simulator,0.000,11,false
twitch,2026-10-02,The Elder Scrolls IV: Oblivion,0.000,27,false
twitch,2026-10-02,F.E.A.R. 3,0.000,7,false
twitch,2026-10-02,MLB The Show 24,0.000,21,false
twitch,2026-10-02,Tales of Graces f Remastered,0.000,12,false
twitch,2026-10-02,The Outer Worlds: Spacer's Choice Edition,0.000,13,false
twitch,2026-10-02,Animal Crossing: New Leaf,0.000,6,false
twitch,2026-10-02,Dead Island,0.000,16,false
twitch,2026-10-02,Gotham Knights,0.000,36,false
twitch,2026-10-02,Sorare,0.000,7,false
twitch,2026-10-02,Shenmue,0.000,7,false
twitch,2026-10-02,Super Mario RPG: Legend of the Seven Stars,0.000,7,false
twitch,2026-10-02,Granblue Fantasy: Relink - Endless Ragnarok,0.000,12,false
twitch,2026-10-02,Dungeon Defenders II,0.000,8,false
twitch,2026-10-02,The Legend of Zelda: Twilight Princess HD,0.000,10,false
twitch,2026-10-02,Infestation: The New Z,0.000,9,false
twitch,2026-10-02,Cozy Farm: Tidy Up!,0.000,9,false
twitch,2026-10-02,Call of Duty: Black Ops - Zombies,0.000,18,false
twitch,2026-10-02,The Legend of Zelda: Oracle of Seasons,0.000,8,false
twitch,2026-10-02,CookieRun: Kingdom,0.000,8,false
twitch,2026-10-02,Doom,0.000,35,false
twitch,2026-10-02,Mycelium: The Silent Contract,0.000,6,false
twitch,2026-10-02,Welcome to the Game III,0.000,6,false
twitch,2026-10-02,Insurgency: Sandstorm,0.000,78,false
twitch,2026-10-02,"Below, Rusted Gods",0.000,7,false
twitch,2026-10-02,Unrailed 2: Back on Track,0.000,13,false
twitch,2026-10-02,Tears of Metal,0.000,14,false
twitch,2026-10-02,Street Fighter V,0.000,19,false
twitch,2026-10-02,Star Stable,0.000,21,false
twitch,2026-10-02,Cheap Car Repair,0.000,7,false
twitch,2026-10-02,Lycans,0.000,8,false
twitch,2026-10-02,The Walking Dead: Streets of Survival,0.000,7,false
twitch,2026-10-02,Streets of Rage 2,0.000,7,false
twitch,2026-10-02,Metalstorm,0.000,14,false
twitch,2026-10-02,Dungeon Settlers,0.000,5,false
twitch,2026-10-02,Call of the Elder Gods,0.000,7,false
twitch,2026-10-02,Star Wars: Knights of the Old Republic II - The Sith Lords,0.000,9,false
twitch,2026-10-02,Shelves and Sorcery: Tidy Up the Enchanted Shop,0.000,8,false
twitch,2026-10-02,Dungeon Fighter Online,0.000,9,false
twitch,2026-10-02,Metro 2033,0.000,12,false
twitch,2026-10-02,LEGO Star Wars: The Skywalker Saga,0.000,28,false
twitch,2026-10-02,The Seven Deadly Sins: Grand Cross,0.000,13,false
twitch,2026-10-02,Sonic Adventure 2,0.000,16,false
twitch,2026-10-02,Fast Food Simulator,0.000,12,false
twitch,2026-10-02,Football Manager 2024,0.000,9,false
twitch,2026-10-02,Human Fall Flat 2,0.000,10,false
twitch,2026-10-02,Super Mega Baseball 4,0.000,20,false
twitch,2026-10-02,Ragnarok: The New World,0.000,9,false
twitch,2026-10-02,Strikers Club,0.000,8,false
twitch,2026-10-02,Just Shapes & Beats,0.000,7,false
twitch,2026-10-02,Winning Eleven: Pro Evolution Soccer 2007,0.000,20,false
twitch,2026-10-02,Shiren the Wanderer: The Tower of Fortune and the Dice of Fate,0.000,5,false
twitch,2026-10-02,inKONBINI: One Store. Many Stories,0.000,8,false
twitch,2026-10-02,Among the Sleep,0.000,14,false
twitch,2026-10-02,Star Wars Galaxies: An Empire Divided,0.000,7,false
twitch,2026-10-02,MapleStory N,0.000,6,false
twitch,2026-10-02,Kingdom Hearts,0.000,8,false
twitch,2026-10-02,The Battle Cats,0.000,14,false
twitch,2026-10-02,Seafarer: The Ship Sim,0.000,17,false
twitch,2026-10-02,Halo: Reach,0.000,11,false
twitch,2026-10-02,Transformers: Fall of Cybertron,0.000,5,false
twitch,2026-10-02,Totally Accurate Battle Simulator,0.000,26,false
twitch,2026-10-02,EA Sports College Football 25,0.000,86,false
twitch,2026-10-02,Zombie Graveyard Simulator,0.000,5,false
twitch,2026-10-02,FNaF World,0.000,10,false
twitch,2026-10-02,Need for Speed: ProStreet,0.000,7,false
twitch,2026-10-02,The Bus,0.000,20,false
twitch,2026-10-02,Religious Idle,0.000,5,false
twitch,2026-10-02,Coffee Talk,0.000,11,false
twitch,2026-10-02,The No Jumpscare Show,0.000,5,false
twitch,2026-10-02,Minecraft: Story Mode,0.000,16,false
twitch,2026-10-02,Persona 5 Strikers,0.000,14,false
twitch,2026-10-02,SILENT BREATH,0.000,9,false
twitch,2026-10-02,Monster Hunter Frontier G,0.000,9,false
twitch,2026-10-02,Shieldwall,0.000,5,false
twitch,2026-10-02,DOOM 64,0.000,6,false
twitch,2026-10-02,Retro Arcade Shop Simulator,0.000,10,false
twitch,2026-10-02,Tactics Ogre: Reborn,0.000,9,false
twitch,2026-10-02,Grandpa High on Retro,0.000,5,false
twitch,2026-10-02,Gears of War: Judgment,0.000,19,false
twitch,2026-10-02,Dr. Robotnik's Ring Racers,0.000,5,false
twitch,2026-10-02,Marvel's Avengers,0.000,37,false
twitch,2026-10-02,Wolfenstein II: The New Colossus,0.000,20,false
twitch,2026-10-02,Super Auto Pets,0.000,7,false
twitch,2026-10-02,Dofus Retro,0.000,6,false
twitch,2026-10-02,Uncanny Tales: The Watcher,0.000,9,false
twitch,2026-10-02,Space Station 14,0.000,6,false
twitch,2026-10-02,Jigsaw Puzzle Dreams,0.000,5,false
twitch,2026-10-02,L.A. Noire,0.000,29,false
twitch,2026-10-02,Sonic the Hedgehog 2,0.000,6,false
twitch,2026-10-02,Suicide Squad: Kill the Justice League,0.000,17,false
twitch,2026-10-02,X-Men Origins: Wolverine,0.000,9,false
twitch,2026-10-02,Starsand Island,0.000,13,false
twitch,2026-10-02,Evil School,0.000,8,false
twitch,2026-10-02,Yunyun Syndrome!?: Rhythm Psychosis,0.000,5,false
twitch,2026-10-02,SAROS,0.000,28,false
twitch,2026-10-02,Rhythia,0.000,11,false
twitch,2026-10-02,Visions of Mana,0.000,8,false
twitch,2026-10-02,SHINOBI: Art of Vengeance,0.000,10,false
twitch,2026-10-02,Nickelodeon All-Star Brawl 2,0.000,9,false
twitch,2026-10-02,Monster Hunter Stories 2: Wings of Ruin,0.000,5,false
twitch,2026-10-02,Final Fantasy V,0.000,5,false
twitch,2026-10-02,Silent Hill: The Short Message,0.000,30,false
twitch,2026-10-02,Far Cry,0.000,8,false
twitch,2026-10-02,Trials of Mana,0.000,5,false
twitch,2026-10-02,Mega Man X Regenesis,0.000,9,false
twitch,2026-10-02,Among Us 3D: VR,0.000,12,false
twitch,2026-10-02,The Four Kings Casino and Slots,0.000,12,false
twitch,2026-10-02,Make it Meme,0.000,11,false
twitch,2026-10-02,The Legend of Zelda: Oracle of Ages,0.000,9,false
twitch,2026-10-02,STORY OF SEASONS: Grand Bazaar,0.000,12,false
twitch,2026-10-02,Oxide: Survival Island,0.000,28,false
twitch,2026-10-02,High on Life 2,0.000,31,false
twitch,2026-10-02,Max Payne 2: The Fall of Max Payne,0.000,6,false
twitch,2026-10-02,art of rally,0.000,5,false
twitch,2026-10-02,Grand Theft Auto Advance,0.000,9,false
twitch,2026-10-02,Buckshot Roulette,0.000,11,false
twitch,2026-10-02,Wii Sports,0.000,7,false
twitch,2026-10-02,Half-Life: Alyx,0.000,15,false
twitch,2026-10-02,Sonic Origins,0.000,16,false
twitch,2026-10-02,Doom 3,0.000,10,false
twitch,2026-10-02,Fire Pro Wrestling World,0.000,7,false
twitch,2026-10-02,Plants vs. Zombies 2: It's About Time,0.000,10,false
twitch,2026-10-02,Project Wingman,0.000,7,false
twitch,2026-10-02,Plants vs. Zombies: Replanted,0.000,16,false
twitch,2026-10-02,Fushigi no Dungeon: Torneko no Daibouken,0.000,6,false
twitch,2026-10-02,Just Cause 4,0.000,7,false
twitch,2026-10-02,The Witcher 2: Assassins of Kings - Enhanced Edition,0.000,10,false
twitch,2026-10-02,Just Cause 3,0.000,23,false
twitch,2026-10-02,SD Gundam G Generation Eternal,0.000,14,false
twitch,2026-10-02,Monster Strike,0.000,11,false
twitch,2026-10-02,Princess Maker: Children of Revelation,0.000,5,false
twitch,2026-10-02,Grand Theft Auto: Liberty City Stories,0.000,11,false
twitch,2026-10-02,Fallout Shelter,0.000,23,false
twitch,2026-10-02,Don't Panic! It Is Just Turbulence,0.000,9,false
twitch,2026-10-02,Metal Gear Solid V: Ground Zeroes,0.000,7,false
twitch,2026-10-02,EZ2ON REBOOT : R,0.000,11,false
twitch,2026-10-02,Pro Evolution Soccer,0.000,8,false
twitch,2026-10-02,Pool Blitz,0.000,22,false
twitch,2026-10-02,Plants vs. Zombies: Battle for Neighborville,0.000,15,false
twitch,2026-10-02,Walkabout Mini Golf,0.000,8,false
twitch,2026-10-02,Mortal Shell,0.000,10,false
twitch,2026-10-02,Mario Golf: Super Rush,0.000,5,false
twitch,2026-10-02,Pokémon Mystery Dungeon: Blue/Red Rescue Team,0.000,5,false
twitch,2026-10-02,Football Life 2025,0.000,5,false
twitch,2026-10-02,Onimusha 2: Samurai's Destiny,0.000,10,false
twitch,2026-10-02,Blood Dungeon,0.000,7,false
twitch,2026-10-02,Super Mario 3D World,0.000,5,false
twitch,2026-10-02,Persona 4 Arena Ultimax,0.000,7,false
twitch,2026-10-02,Eiyuden Chronicle: Hundred Heroes,0.000,6,false
twitch,2026-10-02,BrokenLore: DON'T WATCH,0.000,6,false
twitch,2026-10-02,Forest Escape: Last Train,0.000,6,false
twitch,2026-10-02,Fallout 4: Anniversary Edition,0.000,7,false
twitch,2026-10-02,Robox,0.000,5,false
twitch,2026-10-02,Killer Klowns from Outer Space: The Game,0.000,7,false
twitch,2026-10-02,Chef Knight,0.000,5,false
twitch,2026-10-02,Just Cause 2,0.000,5,false
twitch,2026-10-02,Mortal Kombat XL,0.000,36,false
twitch,2026-10-02,Plants vs. Zombies,0.000,13,false
twitch,2026-10-02,Rocket League Sideswipe,0.000,15,false
twitch,2026-10-02,Clash of Critters,0.000,5,false
twitch,2026-10-02,Halo 4,0.000,7,false
twitch,2026-10-02,Ratchet & Clank,0.000,15,false
twitch,2026-10-02,Cosplay Maker,0.000,5,false
twitch,2026-10-02,Destiny: Rising,0.000,9,false
twitch,2026-10-02,Halo 3: ODST,0.000,7,false
twitch,2026-10-02,Hitman 2: Silent Assassin,0.000,11,false
twitch,2026-10-02,Crypt Custodian,0.000,5,false
twitch,2026-10-02,Injustice: Gods Among Us,0.000,8,false
twitch,2026-10-02,JoJo’s Bizarre Adventure: All-Star Battle R,0.000,13,false
twitch,2026-10-02,New Super Mario Bros. U,0.000,5,false
twitch,2026-10-02,Plants vs. Zombies: Garden Warfare,0.000,11,false
twitch,2026-10-02,Silent Hill: Homecoming,0.000,8,false
twitch,2026-10-02,Hockey TV,0.000,5,false
twitch,2026-10-02,SimCity,0.000,5,false
twitch,2026-10-02,NBA 2K24,0.000,18,false
twitch,2026-10-02,Blade & Sorcery,0.000,10,false
twitch,2026-10-02,Poker Club,0.000,5,false
twitch,2026-10-02,Crypt of the NecroDancer,0.000,10,false
twitch,2026-10-02,Streamer Life Simulator 2,0.000,8,false
twitch,2026-10-02,The Sims,0.000,7,false
twitch,2026-10-02,Mario Tennis Fever,0.000,6,false
twitch,2026-10-02,Shovel Knight,0.000,7,false
twitch,2026-10-02,BMX Streets,0.000,12,false
twitch,2026-10-02,Retro Game Challenge,0.000,6,false
twitch,2026-10-02,Mortal Kombat,0.000,8,false
twitch,2026-10-02,Mount & Blade: Warband,0.000,6,false
twitch,2026-10-02,"20 More, Somehow Even Smaller, Mazes",0.000,5,false
twitch,2026-10-02,F-Zero GX,0.000,5,false
twitch,2026-10-02,Pokkén Tournament DX,0.000,5,false
twitch,2026-10-02,Star Wars: Empire at War,0.000,5,false
twitch,2026-10-02,Super Smash Bros. Brawl,0.000,5,false
twitch,2026-10-02,CS2D,0.000,5,false
twitch,2026-10-02,Anime Music Quiz,0.000,5,false
twitch,2026-10-02,VALORANT Mobile,0.000,12,false
twitch,2026-10-02,Tekken 7,0.000,12,false
twitch,2026-10-02,Sly 2: Band of Thieves,0.000,5,false
twitch,2026-10-02,New Super Mario Bros. U Deluxe,0.000,7,false
twitch,2026-10-02,Rugby League 26,0.000,11,false
twitch,2026-10-02,Die in the Dungeon,0.000,5,false
twitch,2026-10-02,Super Meat Boy 3D,0.000,7,false
twitch,2026-10-02,Rust Mobile,0.000,6,false
twitch,2026-10-02,Click the Button,0.000,5,false
twitch,2026-10-02,Talk To Me,0.000,8,false
twitch,2026-10-02,Stormworks: Build and Rescue,0.000,6,false
twitch,2026-10-02,Music Maker,0.000,7,false
twitch,2026-10-02,Silent Still II,0.000,5,false
twitch,2026-10-02,Really Illegal Golf,0.000,5,false
twitch,2026-10-02,Poker Night at the Inventory,0.000,5,false
twitch,2026-10-02,Meet Your Maker,0.000,5,false
twitch,2026-10-02,Pixel Gun 3D,0.000,9,false
twitch,2026-10-02,Need for Speed Most Wanted U,0.000,5,false
twitch,2026-10-02,Captain Tsubasa: Rise of New Champions,0.000,5,false
twitch,2026-10-02,Train Sim World 6,0.000,8,false
twitch,2026-10-02,SWORD ART ONLINE Fractured Daydream,0.000,5,false
twitch,2026-10-02,Animal Company,0.000,10,false
twitch,2026-10-02,Pro Evolution Soccer 2013,0.000,7,false
twitch,2026-10-02,Gears Tactics,0.000,5,false
twitch,2026-10-02,Lotsa Slots,0.000,6,false
twitch,2026-10-02,MLB The Show 23,0.000,5,false
twitch,2026-10-02,(other: 689 categories with fewer than 5 channels),0.127,,false
